t,frame,name,conf,score,decision,reason
0.034,1,class62,0.653,0.327,DISCARD,low_score
0.034,1,class62,0.335,0.167,DISCARD,low_score
0.126,2,class62,0.453,0.227,DISCARD,low_score
0.126,2,class45,0.302,0.151,DISCARD,low_score
0.126,2,class39,0.278,0.139,DISCARD,low_score
0.224,4,class62,0.482,0.241,DISCARD,low_score
0.314,6,class62,0.479,0.239,DISCARD,low_score
0.314,6,class39,0.326,0.163,DISCARD,low_score
0.402,8,class62,0.621,0.31,DISCARD,low_score
0.491,10,class62,0.398,0.199,DISCARD,low_score
0.491,10,class62,0.317,0.159,DISCARD,low_score
0.582,12,class62,0.523,0.262,DISCARD,low_score
0.582,12,class39,0.307,0.154,DISCARD,low_score
0.582,12,class62,0.254,0.127,DISCARD,low_score
0.668,14,class62,0.642,0.321,DISCARD,low_score
0.755,16,class62,0.486,0.243,DISCARD,low_score
0.755,16,class62,0.304,0.152,DISCARD,low_score
0.841,18,class62,0.537,0.269,DISCARD,low_score
0.929,20,class62,0.4,0.2,DISCARD,low_score
1.014,22,class62,0.39,0.195,DISCARD,low_score
1.103,24,class62,0.432,0.216,DISCARD,low_score
1.191,26,class62,0.523,0.262,DISCARD,low_score
1.276,28,class62,0.314,0.157,DISCARD,low_score
1.361,30,class62,0.516,0.258,DISCARD,low_score
1.446,32,class62,0.681,0.34,DISCARD,low_score
1.531,34,class62,0.389,0.194,DISCARD,low_score
1.531,34,class62,0.251,0.125,DISCARD,low_score
1.617,36,class62,0.642,0.321,DISCARD,low_score
1.617,36,class62,0.356,0.178,DISCARD,low_score
1.702,38,class62,0.469,0.234,DISCARD,low_score
1.789,40,class62,0.453,0.227,DISCARD,low_score
1.875,42,class62,0.417,0.208,DISCARD,low_score
2.127,48,class62,0.335,0.167,DISCARD,low_score
2.336,52,class62,0.324,0.162,DISCARD,low_score
2.433,54,class2,0.257,0.128,DISCARD,low_score
2.433,54,class2,0.255,0.128,DISCARD,low_score
2.433,54,class2,0.251,0.125,DISCARD,low_score
2.649,58,class2,0.428,0.214,DISCARD,low_score
2.649,58,class2,0.329,0.165,DISCARD,low_score
2.649,58,class60,0.268,0.134,DISCARD,low_score
2.743,60,class39,0.516,0.258,DISCARD,low_score
2.835,62,class39,0.521,0.261,DISCARD,low_score
2.835,62,class62,0.363,0.181,DISCARD,low_score
2.924,64,class2,0.319,0.16,DISCARD,low_score
3.025,66,class39,0.402,0.201,DISCARD,low_score
3.025,66,class45,0.385,0.192,DISCARD,low_score
3.025,66,class2,0.316,0.158,DISCARD,low_score
3.106,68,class45,0.423,0.211,DISCARD,low_score
3.106,68,class39,0.419,0.209,DISCARD,low_score
3.106,68,class62,0.407,0.204,DISCARD,low_score
3.193,70,class39,0.63,0.315,DISCARD,low_score
3.193,70,class45,0.459,0.23,DISCARD,low_score
3.193,70,class41,0.361,0.181,DISCARD,low_score
3.281,72,class39,0.553,0.276,DISCARD,low_score
3.281,72,class45,0.535,0.268,DISCARD,low_score
3.366,74,class39,0.533,0.267,DISCARD,low_score
3.366,74,class45,0.479,0.239,DISCARD,low_score
3.366,74,class41,0.396,0.198,DISCARD,low_score
3.366,74,class62,0.345,0.173,DISCARD,low_score
3.451,76,class39,0.598,0.299,DISCARD,low_score
3.451,76,class45,0.533,0.267,DISCARD,low_score
3.451,76,class41,0.461,0.231,DISCARD,low_score
3.451,76,class62,0.295,0.148,DISCARD,low_score
3.576,78,class45,0.479,0.239,DISCARD,low_score
3.576,78,class39,0.447,0.224,DISCARD,low_score
3.576,78,class41,0.359,0.18,DISCARD,low_score
3.677,80,class45,0.646,0.323,DISCARD,low_score
3.677,80,class39,0.633,0.317,DISCARD,low_score
3.677,80,class41,0.484,0.242,DISCARD,low_score
3.677,80,class62,0.256,0.128,DISCARD,low_score
3.794,82,class45,0.698,0.349,DISCARD,low_score
3.794,82,class39,0.665,0.333,DISCARD,low_score
3.794,82,class41,0.44,0.22,DISCARD,low_score
3.896,84,class45,0.657,0.328,DISCARD,low_score
3.896,84,class39,0.61,0.305,DISCARD,low_score
3.896,84,class62,0.572,0.286,DISCARD,low_score
3.896,84,class41,0.417,0.208,DISCARD,low_score
4.025,86,class45,0.644,0.322,DISCARD,low_score
4.025,86,class39,0.617,0.308,DISCARD,low_score
4.025,86,class41,0.39,0.195,DISCARD,low_score
4.025,86,class62,0.387,0.193,DISCARD,low_score
4.188,88,class45,0.715,0.358,KEEP,priority+bandwidth_ok
4.188,88,class62,0.577,0.289,DISCARD,low_score
4.188,88,class41,0.482,0.241,DISCARD,low_score
4.188,88,class39,0.43,0.215,DISCARD,low_score
4.343,90,class39,0.686,0.343,DISCARD,low_score
4.343,90,class62,0.635,0.318,DISCARD,low_score
4.343,90,class45,0.632,0.316,DISCARD,low_score
4.343,90,class77,0.417,0.208,DISCARD,low_score
4.433,92,class45,0.63,0.315,DISCARD,low_score
4.433,92,class39,0.619,0.309,DISCARD,low_score
4.433,92,class39,0.514,0.257,DISCARD,low_score
4.433,92,class77,0.5,0.25,DISCARD,low_score
4.433,92,class41,0.488,0.244,DISCARD,low_score
4.433,92,class62,0.308,0.154,DISCARD,low_score
4.525,94,class45,0.689,0.345,DISCARD,low_score
4.525,94,class39,0.336,0.168,DISCARD,low_score
4.525,94,class41,0.286,0.143,DISCARD,low_score
4.613,96,class45,0.714,0.357,KEEP,priority+bandwidth_ok
4.613,96,class39,0.417,0.208,DISCARD,low_score
4.613,96,class41,0.354,0.177,DISCARD,low_score
4.613,96,class45,0.281,0.141,DISCARD,low_score
4.613,96,class62,0.277,0.138,DISCARD,low_score
4.701,98,class45,0.709,0.355,KEEP,priority+bandwidth_ok
4.701,98,class39,0.672,0.336,DISCARD,low_score
4.701,98,class45,0.434,0.217,DISCARD,low_score
4.701,98,class41,0.272,0.136,DISCARD,low_score
4.701,98,class39,0.267,0.134,DISCARD,low_score
4.701,98,class77,0.258,0.129,DISCARD,low_score
4.786,100,class45,0.779,0.389,KEEP,priority+bandwidth_ok
4.786,100,class39,0.639,0.319,DISCARD,low_score
4.786,100,class45,0.482,0.241,DISCARD,low_score
4.786,100,class41,0.376,0.188,DISCARD,low_score
4.873,102,class45,0.635,0.318,DISCARD,low_score
4.873,102,class39,0.617,0.308,DISCARD,low_score
4.873,102,class45,0.48,0.24,DISCARD,low_score
4.873,102,class41,0.372,0.186,DISCARD,low_score
4.873,102,class45,0.354,0.177,DISCARD,low_score
4.873,102,class77,0.272,0.136,DISCARD,low_score
4.958,104,class45,0.633,0.317,DISCARD,low_score
4.958,104,class45,0.436,0.218,DISCARD,low_score
4.958,104,class39,0.39,0.195,DISCARD,low_score
4.958,104,class41,0.381,0.191,DISCARD,low_score
4.958,104,class45,0.374,0.187,DISCARD,low_score
4.958,104,class45,0.264,0.132,DISCARD,low_score
5.061,106,class45,0.642,0.321,DISCARD,low_score
5.061,106,class39,0.633,0.317,DISCARD,low_score
5.061,106,class45,0.438,0.219,DISCARD,low_score
5.061,106,class41,0.314,0.157,DISCARD,low_score
5.061,106,class45,0.274,0.137,DISCARD,low_score
5.177,108,class39,0.646,0.323,DISCARD,low_score
5.177,108,class45,0.492,0.246,DISCARD,low_score
5.177,108,class45,0.428,0.214,DISCARD,low_score
5.177,108,class41,0.39,0.195,DISCARD,low_score
5.266,110,class39,0.662,0.331,DISCARD,low_score
5.266,110,class45,0.537,0.269,DISCARD,low_score
5.266,110,class45,0.424,0.212,DISCARD,low_score
5.266,110,class41,0.378,0.189,DISCARD,low_score
5.352,112,class45,0.722,0.361,KEEP,priority+bandwidth_ok
5.352,112,class45,0.635,0.318,DISCARD,low_score
5.352,112,class39,0.527,0.264,DISCARD,low_score
5.352,112,class41,0.272,0.136,DISCARD,low_score
5.438,114,class39,0.608,0.304,DISCARD,low_score
5.438,114,class45,0.589,0.294,DISCARD,low_score
5.438,114,class45,0.432,0.216,DISCARD,low_score
5.438,114,class41,0.358,0.179,DISCARD,low_score
5.525,116,class45,0.606,0.303,DISCARD,low_score
5.525,116,class39,0.572,0.286,DISCARD,low_score
5.525,116,class45,0.35,0.175,DISCARD,low_score
5.525,116,class41,0.275,0.138,DISCARD,low_score
5.627,118,class45,0.646,0.323,DISCARD,low_score
5.627,118,class45,0.556,0.278,DISCARD,low_score
5.627,118,class39,0.541,0.27,DISCARD,low_score
5.627,118,class39,0.461,0.231,DISCARD,low_score
5.745,120,class39,0.615,0.308,DISCARD,low_score
5.745,120,class45,0.556,0.278,DISCARD,low_score
5.745,120,class45,0.496,0.248,DISCARD,low_score
5.745,120,class45,0.343,0.172,DISCARD,low_score
5.745,120,class41,0.326,0.163,DISCARD,low_score
5.835,122,class45,0.686,0.343,DISCARD,low_score
5.835,122,class45,0.637,0.319,DISCARD,low_score
5.835,122,class39,0.593,0.296,DISCARD,low_score
5.835,122,class41,0.438,0.219,DISCARD,low_score
5.921,124,class39,0.591,0.295,DISCARD,low_score
5.921,124,class45,0.587,0.293,DISCARD,low_score
5.921,124,class41,0.543,0.271,DISCARD,low_score
5.921,124,class45,0.535,0.268,DISCARD,low_score
5.921,124,class45,0.413,0.207,DISCARD,low_score
5.921,124,class45,0.275,0.138,DISCARD,low_score
6.007,126,class45,0.679,0.34,DISCARD,low_score
6.007,126,class39,0.657,0.328,DISCARD,low_score
6.007,126,class45,0.595,0.297,DISCARD,low_score
6.007,126,class45,0.363,0.181,DISCARD,low_score
6.007,126,class41,0.299,0.15,DISCARD,low_score
6.094,128,class45,0.719,0.359,KEEP,priority+bandwidth_ok
6.094,128,class39,0.598,0.299,DISCARD,low_score
6.094,128,class45,0.529,0.265,DISCARD,low_score
6.094,128,class41,0.4,0.2,DISCARD,low_score
6.094,128,class59,0.288,0.144,DISCARD,low_score
6.094,128,class45,0.274,0.137,DISCARD,low_score
6.094,128,class45,0.264,0.132,DISCARD,low_score
6.181,130,class45,0.736,0.368,KEEP,priority+bandwidth_ok
6.181,130,class39,0.593,0.296,DISCARD,low_score
6.181,130,class45,0.553,0.276,DISCARD,low_score
6.181,130,class41,0.385,0.192,DISCARD,low_score
6.181,130,class45,0.28,0.14,DISCARD,low_score
6.282,132,class45,0.676,0.338,DISCARD,low_score
6.282,132,class39,0.622,0.311,DISCARD,low_score
6.282,132,class41,0.541,0.27,DISCARD,low_score
6.282,132,class45,0.525,0.263,DISCARD,low_score
6.282,132,class45,0.272,0.136,DISCARD,low_score
6.4,134,class45,0.784,0.392,KEEP,priority+bandwidth_ok
6.4,134,class39,0.61,0.305,DISCARD,low_score
6.4,134,class45,0.514,0.257,DISCARD,low_score
6.4,134,class45,0.347,0.173,DISCARD,low_score
6.4,134,class41,0.343,0.172,DISCARD,low_score
6.4,134,class45,0.283,0.141,DISCARD,low_score
6.515,136,class45,0.761,0.38,KEEP,priority+bandwidth_ok
6.515,136,class45,0.662,0.331,DISCARD,low_score
6.515,136,class41,0.587,0.293,DISCARD,low_score
6.515,136,class39,0.562,0.281,DISCARD,low_score
6.612,138,class45,0.696,0.348,DISCARD,low_score
6.612,138,class45,0.664,0.332,DISCARD,low_score
6.612,138,class39,0.635,0.318,DISCARD,low_score
6.612,138,class45,0.508,0.254,DISCARD,low_score
6.732,140,class45,0.683,0.341,DISCARD,low_score
6.732,140,class45,0.681,0.34,DISCARD,low_score
6.732,140,class39,0.615,0.308,DISCARD,low_score
6.732,140,class45,0.376,0.188,DISCARD,low_score
6.732,140,class41,0.359,0.18,DISCARD,low_score
6.732,140,class45,0.342,0.171,DISCARD,low_score
6.732,140,class45,0.275,0.138,DISCARD,low_score
6.83,142,class45,0.701,0.35,KEEP,priority+bandwidth_ok
6.83,142,class45,0.684,0.342,DISCARD,low_score
6.83,142,class39,0.664,0.332,DISCARD,low_score
6.83,142,class45,0.446,0.223,DISCARD,low_score
6.83,142,class45,0.398,0.199,DISCARD,low_score
6.83,142,class45,0.251,0.125,DISCARD,low_score
6.931,144,class45,0.63,0.315,DISCARD,low_score
6.931,144,class39,0.61,0.305,DISCARD,low_score
6.931,144,class45,0.521,0.261,DISCARD,low_score
6.931,144,class45,0.261,0.131,DISCARD,low_score
7.027,146,class45,0.753,0.377,KEEP,priority+bandwidth_ok
7.027,146,class39,0.749,0.375,KEEP,priority+bandwidth_ok
7.027,146,class45,0.617,0.308,DISCARD,low_score
7.027,146,class45,0.342,0.171,DISCARD,low_score
7.027,146,class41,0.342,0.171,DISCARD,low_score
7.027,146,class57,0.296,0.148,DISCARD,low_score
7.11,148,class39,0.693,0.346,DISCARD,low_score
7.11,148,class45,0.667,0.334,DISCARD,low_score
7.11,148,class45,0.581,0.291,DISCARD,low_score
7.11,148,class57,0.545,0.272,DISCARD,low_score
7.11,148,class45,0.484,0.242,DISCARD,low_score
7.11,148,class45,0.413,0.207,DISCARD,low_score
7.194,150,class39,0.712,0.356,KEEP,priority+bandwidth_ok
7.194,150,class45,0.704,0.352,KEEP,priority+bandwidth_ok
7.194,150,class45,0.686,0.343,DISCARD,low_score
7.194,150,class45,0.549,0.274,DISCARD,low_score
7.194,150,class57,0.5,0.25,DISCARD,low_score
7.194,150,class45,0.413,0.207,DISCARD,low_score
7.279,152,class39,0.715,0.358,KEEP,priority+bandwidth_ok
7.279,152,class45,0.711,0.355,KEEP,priority+bandwidth_ok
7.279,152,class45,0.626,0.313,DISCARD,low_score
7.279,152,class57,0.539,0.269,DISCARD,low_score
7.279,152,class45,0.43,0.215,DISCARD,low_score
7.364,154,class45,0.693,0.346,DISCARD,low_score
7.364,154,class45,0.66,0.33,DISCARD,low_score
7.364,154,class57,0.579,0.29,DISCARD,low_score
7.364,154,class39,0.527,0.264,DISCARD,low_score
7.364,154,class59,0.518,0.259,DISCARD,low_score
7.364,154,class45,0.413,0.207,DISCARD,low_score
7.364,154,class41,0.354,0.177,DISCARD,low_score
7.364,154,class39,0.266,0.133,DISCARD,low_score
7.455,156,class59,0.714,0.357,KEEP,priority+bandwidth_ok
7.455,156,class45,0.709,0.355,KEEP,priority+bandwidth_ok
7.455,156,class45,0.679,0.34,DISCARD,low_score
7.455,156,class57,0.581,0.291,DISCARD,low_score
7.455,156,class45,0.558,0.279,DISCARD,low_score
7.455,156,class45,0.549,0.274,DISCARD,low_score
7.455,156,class39,0.547,0.273,DISCARD,low_score
7.455,156,class45,0.294,0.147,DISCARD,low_score
7.54,158,class59,0.793,0.397,KEEP,priority+bandwidth_ok
7.54,158,class45,0.74,0.37,KEEP,priority+bandwidth_ok
7.54,158,class39,0.693,0.346,DISCARD,low_score
7.54,158,class45,0.608,0.304,DISCARD,low_score
7.54,158,class41,0.37,0.185,DISCARD,low_score
7.54,158,class45,0.349,0.174,DISCARD,low_score
7.54,158,class45,0.316,0.158,DISCARD,low_score
7.54,158,class39,0.307,0.154,DISCARD,low_score
7.627,160,class59,0.796,0.398,KEEP,priority+bandwidth_ok
7.627,160,class45,0.759,0.38,KEEP,priority+bandwidth_ok
7.627,160,class39,0.626,0.313,DISCARD,low_score
7.627,160,class45,0.498,0.249,DISCARD,low_score
7.627,160,class41,0.475,0.237,DISCARD,low_score
7.627,160,class45,0.352,0.176,DISCARD,low_score
7.716,162,class59,0.844,0.422,KEEP,priority+bandwidth_ok
7.716,162,class45,0.736,0.368,KEEP,priority+bandwidth_ok
7.716,162,class45,0.704,0.352,KEEP,priority+bandwidth_ok
7.716,162,class39,0.691,0.345,DISCARD,low_score
7.801,164,class59,0.835,0.418,KEEP,priority+bandwidth_ok
7.801,164,class39,0.756,0.378,KEEP,priority+bandwidth_ok
7.801,164,class45,0.674,0.337,DISCARD,low_score
7.801,164,class45,0.658,0.329,DISCARD,low_score
7.801,164,class45,0.549,0.274,DISCARD,low_score
7.801,164,class41,0.363,0.181,DISCARD,low_score
7.801,164,class45,0.251,0.125,DISCARD,low_score
7.886,166,class59,0.819,0.409,KEEP,priority+bandwidth_ok
7.886,166,class45,0.803,0.402,KEEP,priority+bandwidth_ok
7.886,166,class45,0.66,0.33,DISCARD,low_score
7.886,166,class45,0.484,0.242,DISCARD,low_score
7.886,166,class39,0.467,0.233,DISCARD,low_score
7.886,166,class41,0.442,0.221,DISCARD,low_score
7.886,166,class45,0.302,0.151,DISCARD,low_score
7.971,168,class59,0.84,0.42,KEEP,priority+bandwidth_ok
7.971,168,class45,0.807,0.403,KEEP,priority+bandwidth_ok
7.971,168,class45,0.657,0.328,DISCARD,low_score
7.971,168,class39,0.633,0.317,DISCARD,low_score
7.971,168,class41,0.564,0.282,DISCARD,low_score
7.971,168,class45,0.333,0.166,DISCARD,low_score
8.058,170,class45,0.854,0.427,KEEP,priority+bandwidth_ok
8.058,170,class59,0.814,0.407,KEEP,priority+bandwidth_ok
8.058,170,class45,0.758,0.379,KEEP,priority+bandwidth_ok
8.058,170,class39,0.66,0.33,DISCARD,low_score
8.058,170,class41,0.484,0.242,DISCARD,low_score
8.178,172,class59,0.862,0.431,KEEP,priority+bandwidth_ok
8.178,172,class45,0.766,0.383,KEEP,priority+bandwidth_ok
8.178,172,class45,0.752,0.376,KEEP,priority+bandwidth_ok
8.178,172,class39,0.595,0.297,DISCARD,low_score
8.178,172,class45,0.361,0.181,DISCARD,low_score
8.178,172,class39,0.277,0.138,DISCARD,low_score
8.291,174,class59,0.768,0.384,KEEP,priority+bandwidth_ok
8.291,174,class45,0.761,0.38,KEEP,priority+bandwidth_ok
8.291,174,class45,0.681,0.34,DISCARD,low_score
8.291,174,class39,0.608,0.304,DISCARD,low_score
8.291,174,class41,0.469,0.234,DISCARD,low_score
8.377,176,class45,0.821,0.411,KEEP,priority+bandwidth_ok
8.377,176,class59,0.791,0.395,KEEP,priority+bandwidth_ok
8.377,176,class45,0.674,0.337,DISCARD,low_score
8.377,176,class39,0.564,0.282,DISCARD,low_score
8.377,176,class41,0.309,0.155,DISCARD,low_score
8.377,176,class41,0.294,0.147,DISCARD,low_score
8.461,178,class45,0.814,0.407,KEEP,priority+bandwidth_ok
8.461,178,class59,0.81,0.405,KEEP,priority+bandwidth_ok
8.461,178,class45,0.637,0.319,DISCARD,low_score
8.461,178,class39,0.628,0.314,DISCARD,low_score
8.461,178,class41,0.266,0.133,DISCARD,low_score
8.571,180,class59,0.807,0.403,KEEP,priority+bandwidth_ok
8.571,180,class45,0.799,0.4,KEEP,priority+bandwidth_ok
8.571,180,class45,0.684,0.342,DISCARD,low_score
8.571,180,class39,0.572,0.286,DISCARD,low_score
8.571,180,class41,0.37,0.185,DISCARD,low_score
8.571,180,class41,0.297,0.149,DISCARD,low_score
8.685,182,class45,0.799,0.4,KEEP,priority+bandwidth_ok
8.685,182,class59,0.759,0.38,KEEP,priority+bandwidth_ok
8.685,182,class39,0.739,0.369,KEEP,priority+bandwidth_ok
8.685,182,class45,0.711,0.355,KEEP,priority+bandwidth_ok
8.685,182,class41,0.407,0.204,DISCARD,low_score
8.685,182,class45,0.307,0.154,DISCARD,low_score
8.685,182,class41,0.285,0.142,DISCARD,low_score
8.796,184,class45,0.816,0.408,KEEP,priority+bandwidth_ok
8.796,184,class45,0.809,0.405,KEEP,priority+bandwidth_ok
8.796,184,class59,0.746,0.373,KEEP,priority+bandwidth_ok
8.796,184,class39,0.734,0.367,KEEP,priority+bandwidth_ok
8.796,184,class45,0.34,0.17,DISCARD,low_score
8.796,184,class41,0.264,0.132,DISCARD,low_score
8.913,186,class45,0.807,0.403,KEEP,priority+bandwidth_ok
8.913,186,class45,0.694,0.347,DISCARD,low_score
8.913,186,class59,0.653,0.327,DISCARD,low_score
8.913,186,class57,0.556,0.278,DISCARD,low_score
8.913,186,class39,0.479,0.239,DISCARD,low_score
8.913,186,class45,0.361,0.181,DISCARD,low_score
9.033,188,class59,0.733,0.366,KEEP,priority+bandwidth_ok
9.033,188,class45,0.728,0.364,KEEP,priority+bandwidth_ok
9.033,188,class39,0.679,0.34,DISCARD,low_score
9.033,188,class45,0.596,0.298,DISCARD,low_score
9.033,188,class57,0.484,0.242,DISCARD,low_score
9.134,190,class45,0.806,0.403,KEEP,priority+bandwidth_ok
9.134,190,class59,0.794,0.397,KEEP,priority+bandwidth_ok
9.134,190,class39,0.693,0.346,DISCARD,low_score
9.134,190,class45,0.628,0.314,DISCARD,low_score
9.242,192,class59,0.844,0.422,KEEP,priority+bandwidth_ok
9.242,192,class45,0.715,0.358,KEEP,priority+bandwidth_ok
9.242,192,class45,0.615,0.308,DISCARD,low_score
9.242,192,class39,0.52,0.26,DISCARD,low_score
9.242,192,class41,0.512,0.256,DISCARD,low_score
9.242,192,class45,0.426,0.213,DISCARD,low_score
9.242,192,class16,0.291,0.145,DISCARD,low_score
9.356,194,class57,0.756,0.378,KEEP,priority+bandwidth_ok
9.356,194,class59,0.679,0.34,DISCARD,low_score
9.356,194,class39,0.407,0.204,DISCARD,low_score
9.356,194,class45,0.314,0.157,DISCARD,low_score
9.455,196,class45,0.81,0.405,KEEP,priority+bandwidth_ok
9.455,196,class59,0.703,0.351,KEEP,priority+bandwidth_ok
9.455,196,class57,0.679,0.34,DISCARD,low_score
9.455,196,class45,0.549,0.274,DISCARD,low_score
9.455,196,class39,0.512,0.256,DISCARD,low_score
9.455,196,class41,0.383,0.192,DISCARD,low_score
9.565,198,class59,0.857,0.428,KEEP,priority+bandwidth_ok
9.565,198,class45,0.843,0.421,KEEP,priority+bandwidth_ok
9.565,198,class45,0.624,0.312,DISCARD,low_score
9.565,198,class41,0.329,0.165,DISCARD,low_score
9.66,200,class59,0.887,0.444,KEEP,priority+bandwidth_ok
9.66,200,class45,0.733,0.366,KEEP,priority+bandwidth_ok
9.66,200,class45,0.521,0.261,DISCARD,low_score
9.755,202,class59,0.851,0.425,KEEP,priority+bandwidth_ok
9.755,202,class45,0.688,0.344,DISCARD,low_score
9.755,202,class45,0.626,0.313,DISCARD,low_score
9.755,202,class45,0.374,0.187,DISCARD,low_score
9.755,202,class16,0.258,0.129,DISCARD,low_score
9.857,204,class45,0.633,0.317,DISCARD,low_score
9.857,204,class59,0.614,0.307,DISCARD,low_score
9.857,204,class45,0.494,0.247,DISCARD,low_score
9.943,206,class59,0.797,0.398,KEEP,priority+bandwidth_ok
9.943,206,class45,0.758,0.379,KEEP,priority+bandwidth_ok
9.943,206,class45,0.514,0.257,DISCARD,low_score
9.943,206,class16,0.392,0.196,DISCARD,low_score
10.025,208,class59,0.671,0.335,DISCARD,low_score
10.025,208,class45,0.662,0.331,DISCARD,low_score
10.025,208,class45,0.457,0.229,DISCARD,low_score
10.11,210,class45,0.761,0.38,KEEP,priority+bandwidth_ok
10.11,210,class59,0.698,0.349,DISCARD,low_score
10.11,210,class45,0.566,0.283,DISCARD,low_score
10.11,210,class60,0.272,0.136,DISCARD,low_score
10.213,212,class59,0.746,0.373,KEEP,priority+bandwidth_ok
10.213,212,class45,0.679,0.34,DISCARD,low_score
10.213,212,class45,0.591,0.295,DISCARD,low_score
10.213,212,class60,0.335,0.167,DISCARD,low_score
10.306,214,class45,0.78,0.39,KEEP,priority+bandwidth_ok
10.306,214,class59,0.707,0.354,KEEP,priority+bandwidth_ok
10.306,214,class45,0.593,0.296,DISCARD,low_score
10.306,214,class60,0.305,0.152,DISCARD,low_score
10.306,214,class45,0.251,0.125,DISCARD,low_score
10.389,216,class59,0.804,0.402,KEEP,priority+bandwidth_ok
10.389,216,class45,0.554,0.277,DISCARD,low_score
10.389,216,class60,0.31,0.155,DISCARD,low_score
10.389,216,class45,0.309,0.155,DISCARD,low_score
10.389,216,class45,0.306,0.153,DISCARD,low_score
10.474,218,class59,0.595,0.297,DISCARD,low_score
10.474,218,class45,0.579,0.29,DISCARD,low_score
10.474,218,class45,0.504,0.252,DISCARD,low_score
10.474,218,class56,0.457,0.229,DISCARD,low_score
10.474,218,class60,0.431,0.216,DISCARD,low_score
10.474,218,class16,0.419,0.209,DISCARD,low_score
10.474,218,class41,0.309,0.155,DISCARD,low_score
10.561,220,class59,0.854,0.427,KEEP,priority+bandwidth_ok
10.561,220,class45,0.667,0.334,DISCARD,low_score
10.561,220,class56,0.475,0.237,DISCARD,low_score
10.561,220,class60,0.455,0.228,DISCARD,low_score
10.646,222,class59,0.602,0.301,DISCARD,low_score
10.646,222,class45,0.494,0.247,DISCARD,low_score
10.646,222,class45,0.381,0.191,DISCARD,low_score
10.646,222,class56,0.367,0.184,DISCARD,low_score
10.646,222,class60,0.329,0.164,DISCARD,low_score
10.755,224,class56,0.626,0.313,DISCARD,low_score
10.755,224,class45,0.488,0.244,DISCARD,low_score
10.755,224,class60,0.376,0.188,DISCARD,low_score
10.867,226,class59,0.677,0.339,DISCARD,low_score
10.867,226,class56,0.486,0.243,DISCARD,low_score
10.867,226,class41,0.383,0.192,DISCARD,low_score
10.867,226,class60,0.257,0.128,DISCARD,low_score
10.979,228,class60,0.384,0.192,DISCARD,low_score
10.979,228,class56,0.329,0.164,DISCARD,low_score
10.979,228,class45,0.309,0.155,DISCARD,low_score
11.084,230,class56,0.677,0.339,DISCARD,low_score
11.084,230,class59,0.442,0.221,DISCARD,low_score
11.084,230,class45,0.43,0.215,DISCARD,low_score
11.084,230,class60,0.264,0.132,DISCARD,low_score
11.175,232,class59,0.541,0.27,DISCARD,low_score
11.175,232,class56,0.494,0.247,DISCARD,low_score
11.175,232,class56,0.401,0.2,DISCARD,low_score
11.175,232,class45,0.345,0.173,DISCARD,low_score
11.279,234,class59,0.466,0.233,DISCARD,low_score
11.279,234,class56,0.358,0.179,DISCARD,low_score
11.279,234,class56,0.35,0.175,DISCARD,low_score
11.279,234,class45,0.307,0.154,DISCARD,low_score
11.279,234,class59,0.266,0.133,DISCARD,low_score
11.375,236,class59,0.689,0.345,DISCARD,low_score
11.375,236,class56,0.615,0.308,DISCARD,low_score
11.375,236,class56,0.564,0.282,DISCARD,low_score
11.375,236,class45,0.498,0.249,DISCARD,low_score
11.474,238,class59,0.765,0.382,KEEP,priority+bandwidth_ok
11.474,238,class45,0.604,0.302,DISCARD,low_score
11.474,238,class56,0.529,0.265,DISCARD,low_score
11.474,238,class16,0.506,0.253,DISCARD,low_score
11.474,238,class56,0.405,0.203,DISCARD,low_score
11.576,240,class59,0.476,0.238,DISCARD,low_score
11.576,240,class56,0.303,0.152,DISCARD,low_score
11.679,242,class59,0.453,0.227,DISCARD,low_score
11.679,242,class56,0.341,0.17,DISCARD,low_score
11.778,244,class59,0.822,0.411,KEEP,priority+bandwidth_ok
11.778,244,class41,0.385,0.192,DISCARD,low_score
11.879,246,class59,0.731,0.366,KEEP,priority+bandwidth_ok
11.976,248,class59,0.848,0.424,KEEP,priority+bandwidth_ok
12.078,250,class59,0.779,0.389,KEEP,priority+bandwidth_ok
12.078,250,class15,0.27,0.135,DISCARD,low_score
12.18,252,class59,0.749,0.375,KEEP,priority+bandwidth_ok
12.278,254,class59,0.669,0.334,DISCARD,low_score
12.376,256,class45,0.783,0.391,KEEP,priority+bandwidth_ok
12.376,256,class45,0.761,0.38,KEEP,priority+bandwidth_ok
12.376,256,class59,0.676,0.338,DISCARD,low_score
12.376,256,class57,0.447,0.224,DISCARD,low_score
12.376,256,class60,0.277,0.138,DISCARD,low_score
12.376,256,class41,0.264,0.132,DISCARD,low_score
12.477,258,class45,0.789,0.395,KEEP,priority+bandwidth_ok
12.477,258,class59,0.72,0.36,KEEP,priority+bandwidth_ok
12.477,258,class45,0.591,0.295,DISCARD,low_score
12.477,258,class57,0.543,0.271,DISCARD,low_score
12.477,258,class41,0.465,0.232,DISCARD,low_score
12.477,258,class16,0.254,0.127,DISCARD,low_score
12.578,260,class59,0.87,0.435,KEEP,priority+bandwidth_ok
12.578,260,class45,0.756,0.378,KEEP,priority+bandwidth_ok
12.578,260,class45,0.595,0.297,DISCARD,low_score
12.578,260,class57,0.547,0.273,DISCARD,low_score
12.578,260,class45,0.319,0.16,DISCARD,low_score
12.578,260,class41,0.312,0.156,DISCARD,low_score
12.678,262,class59,0.862,0.431,KEEP,priority+bandwidth_ok
12.678,262,class45,0.838,0.419,KEEP,priority+bandwidth_ok
12.678,262,class45,0.658,0.329,DISCARD,low_score
12.678,262,class16,0.309,0.155,DISCARD,low_score
12.678,262,class45,0.285,0.142,DISCARD,low_score
12.778,264,class59,0.834,0.417,KEEP,priority+bandwidth_ok
12.778,264,class45,0.821,0.411,KEEP,priority+bandwidth_ok
12.778,264,class45,0.657,0.328,DISCARD,low_score
12.877,266,class59,0.819,0.409,KEEP,priority+bandwidth_ok
12.877,266,class45,0.779,0.389,KEEP,priority+bandwidth_ok
12.877,266,class45,0.73,0.365,KEEP,priority+bandwidth_ok
12.959,268,class59,0.849,0.424,KEEP,priority+bandwidth_ok
12.959,268,class45,0.787,0.393,KEEP,priority+bandwidth_ok
12.959,268,class45,0.664,0.332,DISCARD,low_score
13.045,270,class59,0.743,0.372,KEEP,priority+bandwidth_ok
13.045,270,class57,0.508,0.254,DISCARD,low_score
13.045,270,class45,0.396,0.198,DISCARD,low_score
13.045,270,class45,0.294,0.147,DISCARD,low_score
13.131,272,class59,0.891,0.446,KEEP,priority+bandwidth_ok
13.131,272,class45,0.477,0.238,DISCARD,low_score
13.131,272,class45,0.453,0.227,DISCARD,low_score
13.216,274,class59,0.85,0.425,KEEP,priority+bandwidth_ok
13.216,274,class45,0.361,0.181,DISCARD,low_score
13.216,274,class45,0.266,0.133,DISCARD,low_score
13.216,274,class73,0.251,0.125,DISCARD,low_score
13.302,276,class59,0.893,0.447,KEEP,priority+bandwidth_ok
13.302,276,class45,0.407,0.204,DISCARD,low_score
13.302,276,class57,0.367,0.183,DISCARD,low_score
13.302,276,class45,0.307,0.154,DISCARD,low_score
13.391,278,class59,0.812,0.406,KEEP,priority+bandwidth_ok
13.391,278,class57,0.514,0.257,DISCARD,low_score
13.391,278,class45,0.461,0.231,DISCARD,low_score
13.391,278,class45,0.44,0.22,DISCARD,low_score
13.391,278,class16,0.293,0.147,DISCARD,low_score
13.476,280,class59,0.804,0.402,KEEP,priority+bandwidth_ok
13.476,280,class16,0.432,0.216,DISCARD,low_score
13.476,280,class57,0.368,0.184,DISCARD,low_score
13.476,280,class45,0.311,0.155,DISCARD,low_score
13.579,282,class59,0.814,0.407,KEEP,priority+bandwidth_ok
13.579,282,class16,0.488,0.244,DISCARD,low_score
13.579,282,class45,0.417,0.208,DISCARD,low_score
13.666,284,class59,0.843,0.421,KEEP,priority+bandwidth_ok
13.666,284,class15,0.502,0.251,DISCARD,low_score
13.666,284,class57,0.446,0.223,DISCARD,low_score
13.666,284,class45,0.285,0.142,DISCARD,low_score
13.666,284,class73,0.257,0.128,DISCARD,low_score
13.751,286,class59,0.843,0.421,KEEP,priority+bandwidth_ok
13.751,286,class16,0.329,0.164,DISCARD,low_score
13.751,286,class73,0.319,0.16,DISCARD,low_score
13.751,286,class15,0.27,0.135,DISCARD,low_score
13.839,288,class59,0.893,0.447,KEEP,priority+bandwidth_ok
13.839,288,class45,0.494,0.247,DISCARD,low_score
13.839,288,class16,0.255,0.128,DISCARD,low_score
13.924,290,class59,0.888,0.444,KEEP,priority+bandwidth_ok
13.924,290,class16,0.359,0.18,DISCARD,low_score
13.924,290,class15,0.351,0.176,DISCARD,low_score
13.924,290,class45,0.345,0.173,DISCARD,low_score
14.027,292,class59,0.88,0.44,KEEP,priority+bandwidth_ok
14.027,292,class16,0.506,0.253,DISCARD,low_score
14.138,294,class59,0.884,0.442,KEEP,priority+bandwidth_ok
14.138,294,class16,0.633,0.317,DISCARD,low_score
14.255,296,class59,0.868,0.434,KEEP,priority+bandwidth_ok
14.255,296,class16,0.65,0.325,DISCARD,low_score
14.255,296,class73,0.316,0.158,DISCARD,low_score
14.352,298,class59,0.888,0.444,KEEP,priority+bandwidth_ok
14.352,298,class16,0.43,0.215,DISCARD,low_score
14.352,298,class73,0.26,0.13,DISCARD,low_score
14.454,300,class59,0.916,0.458,KEEP,priority+bandwidth_ok
14.454,300,class16,0.648,0.324,DISCARD,low_score
14.552,302,class59,0.885,0.442,KEEP,priority+bandwidth_ok
14.552,302,class16,0.453,0.227,DISCARD,low_score
14.645,304,class59,0.891,0.446,KEEP,priority+bandwidth_ok
14.645,304,class16,0.498,0.249,DISCARD,low_score
14.741,306,class59,0.87,0.435,KEEP,priority+bandwidth_ok
14.741,306,class16,0.698,0.349,DISCARD,low_score
14.741,306,class57,0.421,0.21,DISCARD,low_score
14.741,306,class60,0.288,0.144,DISCARD,low_score
14.825,308,class59,0.887,0.444,KEEP,priority+bandwidth_ok
14.825,308,class16,0.725,0.362,KEEP,priority+bandwidth_ok
14.825,308,class60,0.359,0.18,DISCARD,low_score
14.928,310,class59,0.885,0.442,KEEP,priority+bandwidth_ok
14.928,310,class16,0.808,0.404,KEEP,priority+bandwidth_ok
14.928,310,class60,0.256,0.128,DISCARD,low_score
15.013,312,class59,0.878,0.439,KEEP,priority+bandwidth_ok
15.013,312,class16,0.826,0.413,KEEP,priority+bandwidth_ok
15.105,314,class59,0.871,0.435,KEEP,priority+bandwidth_ok
15.105,314,class16,0.789,0.395,KEEP,priority+bandwidth_ok
15.105,314,class60,0.307,0.154,DISCARD,low_score
15.202,316,class59,0.709,0.355,KEEP,priority+bandwidth_ok
15.202,316,class16,0.665,0.333,DISCARD,low_score
15.202,316,class60,0.31,0.155,DISCARD,low_score
15.332,318,class16,0.874,0.437,KEEP,priority+bandwidth_ok
15.332,318,class59,0.796,0.398,KEEP,priority+bandwidth_ok
15.332,318,class60,0.289,0.145,DISCARD,low_score
15.332,318,class57,0.268,0.134,DISCARD,low_score
15.428,320,class16,0.839,0.419,KEEP,priority+bandwidth_ok
15.428,320,class59,0.815,0.408,KEEP,priority+bandwidth_ok
15.428,320,class56,0.307,0.153,DISCARD,low_score
15.523,322,class59,0.792,0.396,KEEP,priority+bandwidth_ok
15.523,322,class16,0.693,0.346,DISCARD,low_score
15.619,324,class59,0.816,0.408,KEEP,priority+bandwidth_ok
15.619,324,class16,0.807,0.403,KEEP,priority+bandwidth_ok
15.619,324,class56,0.328,0.164,DISCARD,low_score
15.718,326,class16,0.833,0.417,KEEP,priority+bandwidth_ok
15.718,326,class59,0.812,0.406,KEEP,priority+bandwidth_ok
15.824,328,class59,0.874,0.437,KEEP,priority+bandwidth_ok
15.824,328,class16,0.726,0.363,KEEP,priority+bandwidth_ok
15.932,330,class16,0.903,0.451,KEEP,priority+bandwidth_ok
15.932,330,class59,0.753,0.377,KEEP,priority+bandwidth_ok
15.932,330,class56,0.259,0.13,DISCARD,low_score
16.028,332,class16,0.89,0.445,KEEP,priority+bandwidth_ok
16.028,332,class59,0.787,0.393,KEEP,priority+bandwidth_ok
16.028,332,class56,0.471,0.235,DISCARD,low_score
16.134,334,class16,0.82,0.41,KEEP,priority+bandwidth_ok
16.134,334,class59,0.802,0.401,KEEP,priority+bandwidth_ok
16.134,334,class56,0.504,0.252,DISCARD,low_score
16.259,336,class16,0.776,0.388,KEEP,priority+bandwidth_ok
16.259,336,class59,0.776,0.388,KEEP,priority+bandwidth_ok
16.259,336,class56,0.496,0.248,DISCARD,low_score
16.357,338,class16,0.779,0.389,KEEP,priority+bandwidth_ok
16.357,338,class59,0.769,0.385,KEEP,priority+bandwidth_ok
16.357,338,class56,0.44,0.22,DISCARD,low_score
16.457,340,class16,0.794,0.397,KEEP,priority+bandwidth_ok
16.457,340,class59,0.78,0.39,KEEP,priority+bandwidth_ok
16.567,342,class16,0.835,0.418,KEEP,priority+bandwidth_ok
16.567,342,class59,0.711,0.355,KEEP,priority+bandwidth_ok
16.669,344,class16,0.832,0.416,KEEP,priority+bandwidth_ok
16.669,344,class59,0.576,0.288,DISCARD,low_score
16.769,346,class16,0.881,0.44,KEEP,priority+bandwidth_ok
16.769,346,class59,0.57,0.285,DISCARD,low_score
16.873,348,class16,0.868,0.434,KEEP,priority+bandwidth_ok
16.873,348,class59,0.558,0.279,DISCARD,low_score
16.968,350,class16,0.876,0.438,KEEP,priority+bandwidth_ok
16.968,350,class59,0.664,0.332,DISCARD,low_score
17.069,352,class16,0.873,0.437,KEEP,priority+bandwidth_ok
17.069,352,class59,0.63,0.315,DISCARD,low_score
17.166,354,class16,0.86,0.43,KEEP,priority+bandwidth_ok
17.166,354,class59,0.628,0.314,DISCARD,low_score
17.262,356,class16,0.882,0.441,KEEP,priority+bandwidth_ok
17.262,356,class59,0.658,0.329,DISCARD,low_score
17.343,358,class16,0.865,0.433,KEEP,priority+bandwidth_ok
17.343,358,class59,0.554,0.277,DISCARD,low_score
17.425,360,class16,0.878,0.439,KEEP,priority+bandwidth_ok
17.425,360,class59,0.681,0.34,DISCARD,low_score
17.425,360,class57,0.264,0.132,DISCARD,low_score
17.509,362,class16,0.863,0.432,KEEP,priority+bandwidth_ok
17.509,362,class59,0.66,0.33,DISCARD,low_score
17.612,364,class16,0.871,0.435,KEEP,priority+bandwidth_ok
17.612,364,class59,0.749,0.375,KEEP,priority+bandwidth_ok
17.714,366,class16,0.846,0.423,KEEP,priority+bandwidth_ok
17.714,366,class59,0.797,0.398,KEEP,priority+bandwidth_ok
17.714,366,class57,0.288,0.144,DISCARD,low_score
17.797,368,class59,0.877,0.438,KEEP,priority+bandwidth_ok
17.797,368,class16,0.874,0.437,KEEP,priority+bandwidth_ok
17.882,370,class16,0.867,0.434,KEEP,priority+bandwidth_ok
17.882,370,class59,0.83,0.415,KEEP,priority+bandwidth_ok
17.97,372,class16,0.885,0.442,KEEP,priority+bandwidth_ok
17.97,372,class59,0.753,0.377,KEEP,priority+bandwidth_ok
18.088,374,class16,0.885,0.442,KEEP,priority+bandwidth_ok
18.088,374,class59,0.748,0.374,KEEP,priority+bandwidth_ok
18.19,376,class16,0.861,0.43,KEEP,priority+bandwidth_ok
18.19,376,class59,0.799,0.4,KEEP,priority+bandwidth_ok
18.276,378,class16,0.886,0.443,KEEP,priority+bandwidth_ok
18.276,378,class59,0.775,0.387,KEEP,priority+bandwidth_ok
18.361,380,class16,0.895,0.447,KEEP,priority+bandwidth_ok
18.361,380,class59,0.691,0.345,DISCARD,low_score
18.446,382,class16,0.909,0.455,KEEP,priority+bandwidth_ok
18.446,382,class59,0.644,0.322,DISCARD,low_score
18.532,384,class16,0.871,0.435,KEEP,priority+bandwidth_ok
18.532,384,class59,0.698,0.349,DISCARD,low_score
18.642,386,class16,0.874,0.437,KEEP,priority+bandwidth_ok
18.642,386,class59,0.628,0.314,DISCARD,low_score
18.727,388,class16,0.869,0.434,KEEP,priority+bandwidth_ok
18.727,388,class59,0.56,0.28,DISCARD,low_score
18.812,390,class16,0.861,0.43,KEEP,priority+bandwidth_ok
18.812,390,class59,0.518,0.259,DISCARD,low_score
18.812,390,class57,0.342,0.171,DISCARD,low_score
18.904,392,class16,0.862,0.431,KEEP,priority+bandwidth_ok
18.904,392,class59,0.507,0.253,DISCARD,low_score
18.989,394,class16,0.711,0.355,KEEP,priority+bandwidth_ok
18.989,394,class59,0.399,0.199,DISCARD,low_score
18.989,394,class57,0.303,0.152,DISCARD,low_score
19.074,396,class16,0.873,0.437,KEEP,priority+bandwidth_ok
19.159,398,class16,0.717,0.359,KEEP,priority+bandwidth_ok
19.159,398,class15,0.27,0.135,DISCARD,low_score
19.244,400,class16,0.852,0.426,KEEP,priority+bandwidth_ok
19.244,400,class57,0.258,0.129,DISCARD,low_score
19.329,402,class16,0.587,0.293,DISCARD,low_score
19.329,402,class57,0.267,0.133,DISCARD,low_score
19.414,404,class16,0.84,0.42,KEEP,priority+bandwidth_ok
19.501,406,class16,0.428,0.214,DISCARD,low_score
19.501,406,class17,0.317,0.159,DISCARD,low_score
19.587,408,class16,0.912,0.456,KEEP,priority+bandwidth_ok
19.671,410,class16,0.87,0.435,KEEP,priority+bandwidth_ok
19.756,412,class16,0.886,0.443,KEEP,priority+bandwidth_ok
19.84,414,class16,0.762,0.381,KEEP,priority+bandwidth_ok
19.928,416,class16,0.882,0.441,KEEP,priority+bandwidth_ok
20.012,418,class16,0.916,0.458,KEEP,priority+bandwidth_ok
20.1,420,class16,0.909,0.455,KEEP,priority+bandwidth_ok
20.185,422,class16,0.903,0.451,KEEP,priority+bandwidth_ok
20.28,424,class16,0.776,0.388,KEEP,priority+bandwidth_ok
20.365,426,class16,0.878,0.439,KEEP,priority+bandwidth_ok
20.45,428,class16,0.709,0.355,KEEP,priority+bandwidth_ok
20.45,428,class21,0.374,0.187,DISCARD,low_score
20.534,430,class16,0.893,0.447,KEEP,priority+bandwidth_ok
20.618,432,class16,0.904,0.452,KEEP,priority+bandwidth_ok
20.618,432,class57,0.436,0.218,DISCARD,low_score
20.704,434,class16,0.905,0.452,KEEP,priority+bandwidth_ok
20.704,434,class59,0.446,0.223,DISCARD,low_score
20.704,434,class57,0.402,0.201,DISCARD,low_score
20.789,436,class16,0.909,0.455,KEEP,priority+bandwidth_ok
20.789,436,class59,0.288,0.144,DISCARD,low_score
20.878,438,class16,0.894,0.447,KEEP,priority+bandwidth_ok
20.962,440,class16,0.916,0.458,KEEP,priority+bandwidth_ok
20.962,440,class59,0.45,0.225,DISCARD,low_score
21.049,442,class16,0.91,0.455,KEEP,priority+bandwidth_ok
21.049,442,class59,0.525,0.263,DISCARD,low_score
21.133,444,class16,0.896,0.448,KEEP,priority+bandwidth_ok
21.133,444,class59,0.61,0.305,DISCARD,low_score
21.133,444,class57,0.268,0.134,DISCARD,low_score
21.218,446,class16,0.899,0.45,KEEP,priority+bandwidth_ok
21.218,446,class59,0.785,0.393,KEEP,priority+bandwidth_ok
21.304,448,class16,0.905,0.453,KEEP,priority+bandwidth_ok
21.304,448,class59,0.829,0.414,KEEP,priority+bandwidth_ok
21.389,450,class16,0.927,0.464,KEEP,priority+bandwidth_ok
21.389,450,class59,0.818,0.409,KEEP,priority+bandwidth_ok
21.474,452,class16,0.917,0.459,KEEP,priority+bandwidth_ok
21.474,452,class59,0.686,0.343,DISCARD,low_score
21.558,454,class16,0.91,0.455,KEEP,priority+bandwidth_ok
21.558,454,class59,0.628,0.314,DISCARD,low_score
21.644,456,class16,0.903,0.451,KEEP,priority+bandwidth_ok
21.644,456,class59,0.6,0.3,DISCARD,low_score
21.729,458,class16,0.917,0.459,KEEP,priority+bandwidth_ok
21.729,458,class59,0.701,0.35,KEEP,priority+bandwidth_ok
21.814,460,class16,0.909,0.454,KEEP,priority+bandwidth_ok
21.814,460,class59,0.722,0.361,KEEP,priority+bandwidth_ok
21.9,462,class16,0.915,0.457,KEEP,priority+bandwidth_ok
21.9,462,class59,0.642,0.321,DISCARD,low_score
21.984,464,class16,0.918,0.459,KEEP,priority+bandwidth_ok
21.984,464,class59,0.719,0.359,KEEP,priority+bandwidth_ok
22.071,466,class16,0.909,0.454,KEEP,priority+bandwidth_ok
22.071,466,class59,0.669,0.334,DISCARD,low_score
22.157,468,class16,0.903,0.451,KEEP,priority+bandwidth_ok
22.157,468,class59,0.651,0.326,DISCARD,low_score
22.242,470,class16,0.888,0.444,KEEP,priority+bandwidth_ok
22.242,470,class59,0.577,0.288,DISCARD,low_score
22.242,470,class57,0.277,0.138,DISCARD,low_score
22.33,472,class16,0.901,0.45,KEEP,priority+bandwidth_ok
22.33,472,class59,0.646,0.323,DISCARD,low_score
22.415,474,class16,0.896,0.448,KEEP,priority+bandwidth_ok
22.415,474,class59,0.494,0.247,DISCARD,low_score
22.5,476,class16,0.907,0.453,KEEP,priority+bandwidth_ok
22.5,476,class59,0.65,0.325,DISCARD,low_score
22.585,478,class16,0.899,0.45,KEEP,priority+bandwidth_ok
22.585,478,class59,0.689,0.345,DISCARD,low_score
22.671,480,class16,0.898,0.449,KEEP,priority+bandwidth_ok
22.671,480,class59,0.53,0.265,DISCARD,low_score
22.756,482,class16,0.905,0.453,KEEP,priority+bandwidth_ok
22.756,482,class59,0.655,0.327,DISCARD,low_score
22.841,484,class16,0.921,0.461,KEEP,priority+bandwidth_ok
22.841,484,class59,0.544,0.272,DISCARD,low_score
22.925,486,class16,0.864,0.432,KEEP,priority+bandwidth_ok
22.925,486,class59,0.701,0.35,KEEP,priority+bandwidth_ok
23.01,488,class16,0.876,0.438,KEEP,priority+bandwidth_ok
23.01,488,class59,0.689,0.345,DISCARD,low_score
23.01,488,class56,0.5,0.25,DISCARD,low_score
23.096,490,class16,0.852,0.426,KEEP,priority+bandwidth_ok
23.096,490,class56,0.703,0.351,KEEP,priority+bandwidth_ok
23.096,490,class59,0.681,0.34,DISCARD,low_score
23.186,492,class16,0.893,0.446,KEEP,priority+bandwidth_ok
23.186,492,class56,0.749,0.375,KEEP,priority+bandwidth_ok
23.186,492,class59,0.471,0.235,DISCARD,low_score
23.272,494,class16,0.883,0.442,KEEP,priority+bandwidth_ok
23.272,494,class56,0.769,0.385,KEEP,priority+bandwidth_ok
23.272,494,class59,0.639,0.319,DISCARD,low_score
23.358,496,class16,0.846,0.423,KEEP,priority+bandwidth_ok
23.358,496,class59,0.769,0.385,KEEP,priority+bandwidth_ok
23.358,496,class56,0.449,0.225,DISCARD,low_score
23.358,496,class57,0.419,0.209,DISCARD,low_score
23.443,498,class16,0.734,0.367,KEEP,priority+bandwidth_ok
23.443,498,class59,0.529,0.265,DISCARD,low_score
23.443,498,class56,0.469,0.234,DISCARD,low_score
23.531,500,class16,0.862,0.431,KEEP,priority+bandwidth_ok
23.531,500,class59,0.633,0.317,DISCARD,low_score
23.531,500,class56,0.308,0.154,DISCARD,low_score
23.616,502,class16,0.886,0.443,KEEP,priority+bandwidth_ok
23.616,502,class56,0.804,0.402,KEEP,priority+bandwidth_ok
23.616,502,class56,0.469,0.234,DISCARD,low_score
23.701,504,class16,0.728,0.364,KEEP,priority+bandwidth_ok
23.701,504,class56,0.717,0.359,KEEP,priority+bandwidth_ok
23.701,504,class56,0.34,0.17,DISCARD,low_score
23.701,504,class59,0.258,0.129,DISCARD,low_score
23.786,506,class16,0.739,0.369,KEEP,priority+bandwidth_ok
23.786,506,class15,0.4,0.2,DISCARD,low_score
23.786,506,class45,0.368,0.184,DISCARD,low_score
23.786,506,class56,0.36,0.18,DISCARD,low_score
23.786,506,class57,0.32,0.16,DISCARD,low_score
23.786,506,class56,0.281,0.141,DISCARD,low_score
23.786,506,class15,0.261,0.13,DISCARD,low_score
23.786,506,class56,0.255,0.127,DISCARD,low_score
23.872,508,class16,0.835,0.418,KEEP,priority+bandwidth_ok
23.872,508,class0,0.595,0.298,DISCARD,low_score
23.872,508,class56,0.553,0.276,DISCARD,low_score
23.872,508,class57,0.329,0.164,DISCARD,low_score
23.872,508,class15,0.258,0.129,DISCARD,low_score
23.957,510,class56,0.72,0.36,KEEP,priority+bandwidth_ok
23.957,510,class16,0.621,0.31,DISCARD,low_score
23.957,510,class56,0.451,0.226,DISCARD,low_score
23.957,510,class57,0.335,0.167,DISCARD,low_score
23.957,510,class56,0.297,0.149,DISCARD,low_score
24.042,512,class16,0.784,0.392,KEEP,priority+bandwidth_ok
24.042,512,class56,0.726,0.363,KEEP,priority+bandwidth_ok
24.042,512,class56,0.44,0.22,DISCARD,low_score
24.042,512,class56,0.307,0.154,DISCARD,low_score
24.042,512,class56,0.302,0.151,DISCARD,low_score
24.042,512,class56,0.285,0.143,DISCARD,low_score
24.174,514,class16,0.891,0.446,KEEP,priority+bandwidth_ok
24.174,514,class56,0.728,0.364,KEEP,priority+bandwidth_ok
24.174,514,class56,0.525,0.263,DISCARD,low_score
24.174,514,class56,0.402,0.201,DISCARD,low_score
24.174,514,class56,0.307,0.154,DISCARD,low_score
24.174,514,class56,0.304,0.152,DISCARD,low_score
24.27,516,class16,0.751,0.375,KEEP,priority+bandwidth_ok
24.27,516,class56,0.51,0.255,DISCARD,low_score
24.27,516,class59,0.435,0.217,DISCARD,low_score
24.27,516,class56,0.274,0.137,DISCARD,low_score
24.359,518,class56,0.852,0.426,KEEP,priority+bandwidth_ok
24.359,518,class16,0.838,0.419,KEEP,priority+bandwidth_ok
24.359,518,class59,0.671,0.335,DISCARD,low_score
24.359,518,class56,0.396,0.198,DISCARD,low_score
24.359,518,class56,0.308,0.154,DISCARD,low_score
24.359,518,class56,0.288,0.144,DISCARD,low_score
24.359,518,class56,0.277,0.138,DISCARD,low_score
24.359,518,class56,0.261,0.13,DISCARD,low_score
24.445,520,class16,0.857,0.428,KEEP,priority+bandwidth_ok
24.445,520,class56,0.849,0.424,KEEP,priority+bandwidth_ok
24.445,520,class56,0.413,0.207,DISCARD,low_score
24.445,520,class56,0.335,0.167,DISCARD,low_score
24.445,520,class57,0.317,0.159,DISCARD,low_score
24.536,522,class16,0.868,0.434,KEEP,priority+bandwidth_ok
24.536,522,class56,0.854,0.427,KEEP,priority+bandwidth_ok
24.536,522,class59,0.443,0.221,DISCARD,low_score
24.536,522,class56,0.405,0.202,DISCARD,low_score
24.536,522,class56,0.381,0.191,DISCARD,low_score
24.536,522,class56,0.34,0.17,DISCARD,low_score
24.536,522,class56,0.339,0.169,DISCARD,low_score
24.622,524,class56,0.89,0.445,KEEP,priority+bandwidth_ok
24.622,524,class16,0.861,0.43,KEEP,priority+bandwidth_ok
24.622,524,class56,0.553,0.276,DISCARD,low_score
24.622,524,class56,0.479,0.239,DISCARD,low_score
24.622,524,class56,0.264,0.132,DISCARD,low_score
24.708,526,class56,0.838,0.419,KEEP,priority+bandwidth_ok
24.708,526,class56,0.574,0.287,DISCARD,low_score
24.708,526,class16,0.553,0.276,DISCARD,low_score
24.708,526,class56,0.349,0.174,DISCARD,low_score
24.708,526,class56,0.343,0.172,DISCARD,low_score
24.708,526,class56,0.314,0.157,DISCARD,low_score
24.708,526,class56,0.298,0.149,DISCARD,low_score
24.793,528,class56,0.877,0.438,KEEP,priority+bandwidth_ok
24.793,528,class56,0.365,0.182,DISCARD,low_score
24.793,528,class56,0.29,0.145,DISCARD,low_score
24.938,530,class56,0.862,0.431,KEEP,priority+bandwidth_ok
24.938,530,class56,0.568,0.284,DISCARD,low_score
24.938,530,class56,0.424,0.212,DISCARD,low_score
24.938,530,class56,0.365,0.182,DISCARD,low_score
24.938,530,class60,0.351,0.176,DISCARD,low_score
24.938,530,class56,0.296,0.148,DISCARD,low_score
24.938,530,class56,0.288,0.144,DISCARD,low_score
24.938,530,class56,0.261,0.131,DISCARD,low_score
25.028,532,class56,0.878,0.439,KEEP,priority+bandwidth_ok
25.028,532,class56,0.751,0.375,KEEP,priority+bandwidth_ok
25.028,532,class56,0.587,0.293,DISCARD,low_score
25.028,532,class60,0.57,0.285,DISCARD,low_score
25.028,532,class56,0.431,0.216,DISCARD,low_score
25.028,532,class56,0.419,0.209,DISCARD,low_score
25.114,534,class56,0.812,0.406,KEEP,priority+bandwidth_ok
25.114,534,class56,0.581,0.291,DISCARD,low_score
25.114,534,class56,0.482,0.241,DISCARD,low_score
25.114,534,class60,0.413,0.207,DISCARD,low_score
25.114,534,class56,0.412,0.206,DISCARD,low_score
25.114,534,class57,0.303,0.152,DISCARD,low_score
25.114,534,class56,0.297,0.148,DISCARD,low_score
25.203,536,class56,0.85,0.425,KEEP,priority+bandwidth_ok
25.203,536,class56,0.61,0.305,DISCARD,low_score
25.203,536,class60,0.444,0.222,DISCARD,low_score
25.203,536,class56,0.415,0.207,DISCARD,low_score
25.203,536,class56,0.355,0.177,DISCARD,low_score
25.203,536,class56,0.326,0.163,DISCARD,low_score
25.203,536,class57,0.316,0.158,DISCARD,low_score
25.203,536,class56,0.287,0.143,DISCARD,low_score
25.203,536,class56,0.274,0.137,DISCARD,low_score
25.3,538,class56,0.86,0.43,KEEP,priority+bandwidth_ok
25.3,538,class56,0.789,0.395,KEEP,priority+bandwidth_ok
25.3,538,class56,0.613,0.307,DISCARD,low_score
25.3,538,class56,0.556,0.278,DISCARD,low_score
25.3,538,class56,0.482,0.241,DISCARD,low_score
25.3,538,class60,0.358,0.179,DISCARD,low_score
25.385,540,class56,0.833,0.417,KEEP,priority+bandwidth_ok
25.385,540,class60,0.616,0.308,DISCARD,low_score
25.385,540,class56,0.558,0.279,DISCARD,low_score
25.385,540,class56,0.502,0.251,DISCARD,low_score
25.385,540,class56,0.453,0.227,DISCARD,low_score
25.385,540,class56,0.308,0.154,DISCARD,low_score
25.472,542,class56,0.867,0.434,KEEP,priority+bandwidth_ok
25.472,542,class56,0.606,0.303,DISCARD,low_score
25.472,542,class56,0.496,0.248,DISCARD,low_score
25.472,542,class60,0.463,0.231,DISCARD,low_score
25.472,542,class56,0.451,0.226,DISCARD,low_score
25.472,542,class56,0.333,0.166,DISCARD,low_score
25.472,542,class56,0.311,0.155,DISCARD,low_score
25.558,544,class56,0.855,0.427,KEEP,priority+bandwidth_ok
25.558,544,class56,0.516,0.258,DISCARD,low_score
25.558,544,class56,0.494,0.247,DISCARD,low_score
25.558,544,class60,0.397,0.199,DISCARD,low_score
25.558,544,class56,0.383,0.192,DISCARD,low_score
25.558,544,class60,0.323,0.161,DISCARD,low_score
25.558,544,class56,0.284,0.142,DISCARD,low_score
25.643,546,class56,0.898,0.449,KEEP,priority+bandwidth_ok
25.643,546,class56,0.523,0.262,DISCARD,low_score
25.643,546,class60,0.516,0.258,DISCARD,low_score
25.643,546,class56,0.498,0.249,DISCARD,low_score
25.643,546,class56,0.357,0.178,DISCARD,low_score
25.643,546,class56,0.352,0.176,DISCARD,low_score
25.643,546,class56,0.252,0.126,DISCARD,low_score
25.73,548,class56,0.876,0.438,KEEP,priority+bandwidth_ok
25.73,548,class56,0.651,0.326,DISCARD,low_score
25.73,548,class56,0.608,0.304,DISCARD,low_score
25.73,548,class56,0.539,0.269,DISCARD,low_score
25.73,548,class59,0.401,0.2,DISCARD,low_score
25.73,548,class60,0.362,0.181,DISCARD,low_score
25.73,548,class56,0.281,0.141,DISCARD,low_score
25.815,550,class56,0.878,0.439,KEEP,priority+bandwidth_ok
25.815,550,class56,0.689,0.345,DISCARD,low_score
25.815,550,class56,0.622,0.311,DISCARD,low_score
25.815,550,class56,0.56,0.28,DISCARD,low_score
25.815,550,class60,0.491,0.246,DISCARD,low_score
25.815,550,class60,0.367,0.184,DISCARD,low_score
25.9,552,class56,0.877,0.438,KEEP,priority+bandwidth_ok
25.9,552,class56,0.66,0.33,DISCARD,low_score
25.9,552,class56,0.521,0.261,DISCARD,low_score
25.9,552,class56,0.307,0.154,DISCARD,low_score
25.9,552,class56,0.262,0.131,DISCARD,low_score
25.984,554,class56,0.833,0.417,KEEP,priority+bandwidth_ok
25.984,554,class56,0.693,0.346,DISCARD,low_score
25.984,554,class56,0.553,0.276,DISCARD,low_score
25.984,554,class56,0.368,0.184,DISCARD,low_score
25.984,554,class56,0.319,0.16,DISCARD,low_score
26.069,556,class56,0.863,0.432,KEEP,priority+bandwidth_ok
26.069,556,class56,0.572,0.286,DISCARD,low_score
26.069,556,class56,0.434,0.217,DISCARD,low_score
26.069,556,class59,0.42,0.21,DISCARD,low_score
26.069,556,class56,0.384,0.192,DISCARD,low_score
26.069,556,class60,0.288,0.144,DISCARD,low_score
26.069,556,class56,0.267,0.133,DISCARD,low_score
26.157,558,class56,0.854,0.427,KEEP,priority+bandwidth_ok
26.157,558,class56,0.56,0.28,DISCARD,low_score
26.157,558,class56,0.558,0.279,DISCARD,low_score
26.157,558,class56,0.488,0.244,DISCARD,low_score
26.157,558,class56,0.471,0.235,DISCARD,low_score
26.157,558,class60,0.305,0.152,DISCARD,low_score
26.244,560,class56,0.89,0.445,KEEP,priority+bandwidth_ok
26.244,560,class56,0.651,0.326,DISCARD,low_score
26.244,560,class60,0.547,0.273,DISCARD,low_score
26.244,560,class56,0.512,0.256,DISCARD,low_score
26.244,560,class56,0.264,0.132,DISCARD,low_score
26.33,562,class56,0.887,0.444,KEEP,priority+bandwidth_ok
26.33,562,class56,0.677,0.339,DISCARD,low_score
26.33,562,class60,0.494,0.247,DISCARD,low_score
26.33,562,class56,0.442,0.221,DISCARD,low_score
26.416,564,class56,0.917,0.459,KEEP,priority+bandwidth_ok
26.416,564,class56,0.762,0.381,KEEP,priority+bandwidth_ok
26.416,564,class60,0.593,0.296,DISCARD,low_score
26.416,564,class56,0.446,0.223,DISCARD,low_score
26.501,566,class56,0.882,0.441,KEEP,priority+bandwidth_ok
26.501,566,class56,0.583,0.292,DISCARD,low_score
26.501,566,class60,0.573,0.286,DISCARD,low_score
26.501,566,class56,0.307,0.154,DISCARD,low_score
26.501,566,class56,0.263,0.131,DISCARD,low_score
26.588,568,class56,0.772,0.386,KEEP,priority+bandwidth_ok
26.588,568,class60,0.528,0.264,DISCARD,low_score
26.588,568,class56,0.369,0.185,DISCARD,low_score
26.588,568,class59,0.318,0.159,DISCARD,low_score
26.588,568,class56,0.309,0.155,DISCARD,low_score
26.588,568,class56,0.307,0.153,DISCARD,low_score
26.674,570,class56,0.903,0.451,KEEP,priority+bandwidth_ok
26.674,570,class56,0.755,0.377,KEEP,priority+bandwidth_ok
26.674,570,class60,0.532,0.266,DISCARD,low_score
26.674,570,class56,0.371,0.186,DISCARD,low_score
26.674,570,class56,0.3,0.15,DISCARD,low_score
26.674,570,class59,0.252,0.126,DISCARD,low_score
26.762,572,class56,0.93,0.465,KEEP,priority+bandwidth_ok
26.762,572,class56,0.753,0.377,KEEP,priority+bandwidth_ok
26.762,572,class60,0.499,0.25,DISCARD,low_score
26.762,572,class56,0.446,0.223,DISCARD,low_score
26.762,572,class56,0.323,0.162,DISCARD,low_score
26.762,572,class56,0.308,0.154,DISCARD,low_score
26.848,574,class56,0.903,0.451,KEEP,priority+bandwidth_ok
26.848,574,class56,0.776,0.388,KEEP,priority+bandwidth_ok
26.848,574,class60,0.598,0.299,DISCARD,low_score
26.848,574,class56,0.407,0.204,DISCARD,low_score
26.848,574,class56,0.262,0.131,DISCARD,low_score
26.937,576,class56,0.877,0.439,KEEP,priority+bandwidth_ok
26.937,576,class56,0.768,0.384,KEEP,priority+bandwidth_ok
26.937,576,class60,0.58,0.29,DISCARD,low_score
26.937,576,class59,0.277,0.139,DISCARD,low_score
27.021,578,class56,0.869,0.434,KEEP,priority+bandwidth_ok
27.021,578,class56,0.761,0.38,KEEP,priority+bandwidth_ok
27.021,578,class60,0.525,0.263,DISCARD,low_score
27.106,580,class56,0.821,0.411,KEEP,priority+bandwidth_ok
27.106,580,class56,0.628,0.314,DISCARD,low_score
27.106,580,class59,0.595,0.297,DISCARD,low_score
27.106,580,class60,0.448,0.224,DISCARD,low_score
27.192,582,class56,0.901,0.45,KEEP,priority+bandwidth_ok
27.192,582,class56,0.672,0.336,DISCARD,low_score
27.192,582,class60,0.48,0.24,DISCARD,low_score
27.192,582,class59,0.464,0.232,DISCARD,low_score
27.276,584,class56,0.893,0.446,KEEP,priority+bandwidth_ok
27.276,584,class60,0.703,0.351,KEEP,priority+bandwidth_ok
27.276,584,class56,0.531,0.266,DISCARD,low_score
27.276,584,class59,0.343,0.172,DISCARD,low_score
27.363,586,class56,0.904,0.452,KEEP,priority+bandwidth_ok
27.363,586,class60,0.766,0.383,KEEP,priority+bandwidth_ok
27.363,586,class56,0.438,0.219,DISCARD,low_score
27.363,586,class59,0.323,0.161,DISCARD,low_score
27.448,588,class56,0.842,0.421,KEEP,priority+bandwidth_ok
27.448,588,class60,0.484,0.242,DISCARD,low_score
27.448,588,class59,0.461,0.231,DISCARD,low_score
27.448,588,class56,0.453,0.227,DISCARD,low_score
27.533,590,class56,0.862,0.431,KEEP,priority+bandwidth_ok
27.533,590,class56,0.49,0.245,DISCARD,low_score
27.533,590,class56,0.396,0.198,DISCARD,low_score
27.533,590,class59,0.355,0.177,DISCARD,low_score
27.533,590,class56,0.263,0.131,DISCARD,low_score
27.62,592,class56,0.837,0.418,KEEP,priority+bandwidth_ok
27.62,592,class56,0.525,0.263,DISCARD,low_score
27.62,592,class56,0.492,0.246,DISCARD,low_score
27.62,592,class28,0.336,0.168,DISCARD,low_score
27.62,592,class60,0.28,0.14,DISCARD,low_score
27.705,594,class56,0.779,0.389,KEEP,priority+bandwidth_ok
27.705,594,class56,0.566,0.283,DISCARD,low_score
27.705,594,class56,0.344,0.172,DISCARD,low_score
27.789,596,class56,0.841,0.42,KEEP,priority+bandwidth_ok
27.789,596,class56,0.611,0.306,DISCARD,low_score
27.874,598,class56,0.83,0.415,KEEP,priority+bandwidth_ok
27.874,598,class56,0.608,0.304,DISCARD,low_score
27.874,598,class56,0.331,0.166,DISCARD,low_score
27.874,598,class56,0.281,0.14,DISCARD,low_score
27.965,600,class56,0.891,0.446,KEEP,priority+bandwidth_ok
28.049,602,class56,0.898,0.449,KEEP,priority+bandwidth_ok
28.133,604,class56,0.89,0.445,KEEP,priority+bandwidth_ok
28.133,604,class36,0.676,0.338,DISCARD,low_score
28.218,606,class56,0.896,0.448,KEEP,priority+bandwidth_ok
28.218,606,class56,0.341,0.17,DISCARD,low_score
28.303,608,class56,0.712,0.356,KEEP,priority+bandwidth_ok
28.303,608,class56,0.293,0.147,DISCARD,low_score
28.387,610,class56,0.621,0.31,DISCARD,low_score
28.387,610,class28,0.359,0.18,DISCARD,low_score
28.471,612,class56,0.839,0.419,KEEP,priority+bandwidth_ok
28.471,612,class28,0.331,0.166,DISCARD,low_score
28.56,614,class56,0.881,0.44,KEEP,priority+bandwidth_ok
28.643,616,class56,0.648,0.324,DISCARD,low_score
28.643,616,class56,0.274,0.137,DISCARD,low_score
28.731,618,class56,0.646,0.323,DISCARD,low_score
28.731,618,class56,0.255,0.127,DISCARD,low_score
28.815,620,class56,0.809,0.405,KEEP,priority+bandwidth_ok
28.815,620,class28,0.404,0.202,DISCARD,low_score
28.9,622,class56,0.781,0.391,KEEP,priority+bandwidth_ok
28.984,624,class56,0.807,0.403,KEEP,priority+bandwidth_ok
28.984,624,class12,0.35,0.175,DISCARD,low_score
29.068,626,class56,0.733,0.366,KEEP,priority+bandwidth_ok
29.154,628,class56,0.688,0.344,DISCARD,low_score
29.154,628,class56,0.365,0.182,DISCARD,low_score
29.238,630,class56,0.598,0.299,DISCARD,low_score
29.238,630,class28,0.264,0.132,DISCARD,low_score
29.324,632,class56,0.514,0.257,DISCARD,low_score
29.324,632,class28,0.432,0.216,DISCARD,low_score
29.409,634,class56,0.51,0.255,DISCARD,low_score
29.409,634,class56,0.475,0.237,DISCARD,low_score
29.494,636,class28,0.496,0.248,DISCARD,low_score
29.581,638,class28,0.572,0.286,DISCARD,low_score
29.664,640,class56,0.726,0.363,KEEP,priority+bandwidth_ok
29.664,640,class56,0.4,0.2,DISCARD,low_score
29.664,640,class28,0.39,0.195,DISCARD,low_score
29.749,642,class56,0.704,0.352,KEEP,priority+bandwidth_ok
29.749,642,class56,0.633,0.317,DISCARD,low_score
29.749,642,class28,0.383,0.192,DISCARD,low_score
29.837,644,class56,0.598,0.299,DISCARD,low_score
29.837,644,class28,0.589,0.294,DISCARD,low_score
29.837,644,class56,0.577,0.289,DISCARD,low_score
29.921,646,class56,0.676,0.338,DISCARD,low_score
29.921,646,class56,0.414,0.207,DISCARD,low_score
30.006,648,class56,0.82,0.41,KEEP,priority+bandwidth_ok
30.09,650,class56,0.679,0.34,DISCARD,low_score
30.177,652,class56,0.828,0.414,KEEP,priority+bandwidth_ok
30.177,652,class56,0.383,0.192,DISCARD,low_score
30.264,654,class56,0.759,0.38,KEEP,priority+bandwidth_ok
30.264,654,class56,0.465,0.232,DISCARD,low_score
30.264,654,class0,0.344,0.172,DISCARD,low_score
30.351,656,class56,0.688,0.344,DISCARD,low_score
30.351,656,class0,0.356,0.178,DISCARD,low_score
30.351,656,class56,0.339,0.169,DISCARD,low_score
30.435,658,class56,0.752,0.376,KEEP,priority+bandwidth_ok
30.435,658,class0,0.256,0.128,DISCARD,low_score
30.435,658,class56,0.251,0.125,DISCARD,low_score
30.524,660,class56,0.637,0.319,DISCARD,low_score
30.524,660,class56,0.467,0.233,DISCARD,low_score
30.524,660,class0,0.335,0.167,DISCARD,low_score
30.609,662,class56,0.553,0.276,DISCARD,low_score
30.609,662,class0,0.463,0.231,DISCARD,low_score
30.609,662,class56,0.379,0.19,DISCARD,low_score
30.694,664,class56,0.568,0.284,DISCARD,low_score
30.694,664,class0,0.462,0.231,DISCARD,low_score
30.694,664,class56,0.408,0.204,DISCARD,low_score
30.78,666,class56,0.449,0.225,DISCARD,low_score
30.78,666,class56,0.405,0.203,DISCARD,low_score
30.78,666,class0,0.332,0.166,DISCARD,low_score
30.867,668,class56,0.525,0.263,DISCARD,low_score
30.867,668,class56,0.368,0.184,DISCARD,low_score
30.952,670,class56,0.479,0.239,DISCARD,low_score
31.036,672,class56,0.422,0.211,DISCARD,low_score
31.12,674,class56,0.492,0.246,DISCARD,low_score
31.12,674,class56,0.349,0.174,DISCARD,low_score
31.205,676,class56,0.282,0.141,DISCARD,low_score
31.29,678,class56,0.354,0.177,DISCARD,low_score
31.29,678,class56,0.289,0.144,DISCARD,low_score
31.785,690,class74,0.296,0.148,DISCARD,low_score
33.526,732,class27,0.681,0.34,DISCARD,low_score
33.697,736,class27,0.498,0.249,DISCARD,low_score
34.361,752,class72,0.482,0.241,DISCARD,low_score
34.444,754,class39,0.662,0.331,DISCARD,low_score
34.444,754,class72,0.387,0.193,DISCARD,low_score
34.53,756,class39,0.653,0.327,DISCARD,low_score
34.53,756,class72,0.405,0.203,DISCARD,low_score
34.53,756,class39,0.291,0.145,DISCARD,low_score
34.617,758,class39,0.737,0.369,KEEP,priority+bandwidth_ok
34.617,758,class39,0.688,0.344,DISCARD,low_score
34.617,758,class39,0.446,0.223,DISCARD,low_score
34.702,760,class39,0.651,0.326,DISCARD,low_score
34.702,760,class39,0.617,0.308,DISCARD,low_score
34.702,760,class39,0.347,0.173,DISCARD,low_score
34.702,760,class72,0.333,0.166,DISCARD,low_score
34.702,760,class72,0.264,0.132,DISCARD,low_score
34.789,762,class39,0.664,0.332,DISCARD,low_score
34.789,762,class39,0.641,0.32,DISCARD,low_score
34.789,762,class39,0.471,0.235,DISCARD,low_score
34.789,762,class39,0.428,0.214,DISCARD,low_score
34.789,762,class39,0.319,0.16,DISCARD,low_score
34.789,762,class72,0.293,0.146,DISCARD,low_score
34.789,762,class72,0.274,0.137,DISCARD,low_score
34.789,762,class39,0.266,0.133,DISCARD,low_score
34.878,764,class39,0.669,0.334,DISCARD,low_score
34.878,764,class39,0.615,0.308,DISCARD,low_score
34.878,764,class39,0.523,0.262,DISCARD,low_score
34.878,764,class39,0.506,0.253,DISCARD,low_score
34.878,764,class39,0.354,0.177,DISCARD,low_score
34.878,764,class72,0.328,0.164,DISCARD,low_score
34.878,764,class39,0.321,0.16,DISCARD,low_score
34.878,764,class72,0.286,0.143,DISCARD,low_score
34.965,766,class39,0.756,0.378,KEEP,priority+bandwidth_ok
34.965,766,class39,0.703,0.351,KEEP,priority+bandwidth_ok
34.965,766,class39,0.602,0.301,DISCARD,low_score
34.965,766,class39,0.496,0.248,DISCARD,low_score
34.965,766,class39,0.405,0.203,DISCARD,low_score
34.965,766,class72,0.278,0.139,DISCARD,low_score
35.05,768,class39,0.808,0.404,KEEP,priority+bandwidth_ok
35.05,768,class39,0.759,0.38,KEEP,priority+bandwidth_ok
35.05,768,class39,0.57,0.285,DISCARD,low_score
35.05,768,class39,0.535,0.268,DISCARD,low_score
35.05,768,class39,0.387,0.193,DISCARD,low_score
35.138,770,class39,0.761,0.38,KEEP,priority+bandwidth_ok
35.138,770,class39,0.749,0.375,KEEP,priority+bandwidth_ok
35.138,770,class39,0.648,0.324,DISCARD,low_score
35.138,770,class39,0.459,0.23,DISCARD,low_score
35.138,770,class39,0.453,0.227,DISCARD,low_score
35.138,770,class72,0.411,0.206,DISCARD,low_score
35.228,772,class39,0.742,0.371,KEEP,priority+bandwidth_ok
35.228,772,class39,0.74,0.37,KEEP,priority+bandwidth_ok
35.228,772,class39,0.635,0.318,DISCARD,low_score
35.228,772,class39,0.547,0.273,DISCARD,low_score
35.228,772,class39,0.413,0.207,DISCARD,low_score
35.228,772,class72,0.27,0.135,DISCARD,low_score
35.323,774,class39,0.797,0.398,KEEP,priority+bandwidth_ok
35.323,774,class39,0.776,0.388,KEEP,priority+bandwidth_ok
35.323,774,class39,0.73,0.365,KEEP,priority+bandwidth_ok
35.323,774,class39,0.684,0.342,DISCARD,low_score
35.323,774,class39,0.363,0.181,DISCARD,low_score
35.408,776,class39,0.835,0.418,KEEP,priority+bandwidth_ok
35.408,776,class39,0.793,0.397,KEEP,priority+bandwidth_ok
35.408,776,class39,0.787,0.393,KEEP,priority+bandwidth_ok
35.408,776,class39,0.619,0.309,DISCARD,low_score
35.492,778,class39,0.837,0.418,KEEP,priority+bandwidth_ok
35.492,778,class39,0.829,0.414,KEEP,priority+bandwidth_ok
35.492,778,class39,0.815,0.408,KEEP,priority+bandwidth_ok
35.492,778,class39,0.566,0.283,DISCARD,low_score
35.581,780,class39,0.83,0.415,KEEP,priority+bandwidth_ok
35.581,780,class39,0.813,0.406,KEEP,priority+bandwidth_ok
35.581,780,class39,0.776,0.388,KEEP,priority+bandwidth_ok
35.581,780,class39,0.714,0.357,KEEP,priority+bandwidth_ok
35.581,780,class39,0.432,0.216,DISCARD,low_score
35.666,782,class39,0.867,0.434,KEEP,priority+bandwidth_ok
35.666,782,class39,0.807,0.403,KEEP,priority+bandwidth_ok
35.666,782,class39,0.781,0.391,KEEP,priority+bandwidth_ok
35.666,782,class39,0.746,0.373,KEEP,priority+bandwidth_ok
35.666,782,class39,0.252,0.126,DISCARD,low_score
35.751,784,class39,0.892,0.446,KEEP,priority+bandwidth_ok
35.751,784,class39,0.821,0.411,KEEP,priority+bandwidth_ok
35.751,784,class39,0.802,0.401,KEEP,priority+bandwidth_ok
35.751,784,class39,0.644,0.322,DISCARD,low_score
35.751,784,class39,0.367,0.183,DISCARD,low_score
35.839,786,class39,0.824,0.412,KEEP,priority+bandwidth_ok
35.839,786,class39,0.798,0.399,KEEP,priority+bandwidth_ok
35.839,786,class39,0.788,0.394,KEEP,priority+bandwidth_ok
35.839,786,class39,0.701,0.35,KEEP,priority+bandwidth_ok
35.925,788,class39,0.806,0.403,KEEP,priority+bandwidth_ok
35.925,788,class39,0.802,0.401,KEEP,priority+bandwidth_ok
35.925,788,class39,0.799,0.4,KEEP,priority+bandwidth_ok
35.925,788,class39,0.694,0.347,DISCARD,low_score
35.925,788,class39,0.335,0.167,DISCARD,low_score
36.01,790,class39,0.814,0.407,KEEP,priority+bandwidth_ok
36.01,790,class39,0.737,0.369,KEEP,priority+bandwidth_ok
36.01,790,class39,0.728,0.364,KEEP,priority+bandwidth_ok
36.01,790,class39,0.564,0.282,DISCARD,low_score
36.01,790,class39,0.302,0.151,DISCARD,low_score
36.095,792,class39,0.787,0.393,KEEP,priority+bandwidth_ok
36.095,792,class39,0.731,0.366,KEEP,priority+bandwidth_ok
36.095,792,class39,0.558,0.279,DISCARD,low_score
36.095,792,class39,0.529,0.265,DISCARD,low_score
36.095,792,class39,0.402,0.201,DISCARD,low_score
36.184,794,class39,0.644,0.322,DISCARD,low_score
36.184,794,class39,0.525,0.263,DISCARD,low_score
36.268,796,class39,0.776,0.388,KEEP,priority+bandwidth_ok
36.268,796,class39,0.74,0.37,KEEP,priority+bandwidth_ok
36.268,796,class39,0.73,0.365,KEEP,priority+bandwidth_ok
36.268,796,class39,0.712,0.356,KEEP,priority+bandwidth_ok
36.354,798,class39,0.82,0.41,KEEP,priority+bandwidth_ok
36.354,798,class39,0.765,0.382,KEEP,priority+bandwidth_ok
36.354,798,class39,0.709,0.355,KEEP,priority+bandwidth_ok
36.354,798,class39,0.551,0.275,DISCARD,low_score
36.354,798,class39,0.415,0.207,DISCARD,low_score
36.354,798,class72,0.251,0.125,DISCARD,low_score
36.444,800,class39,0.787,0.393,KEEP,priority+bandwidth_ok
36.444,800,class39,0.739,0.369,KEEP,priority+bandwidth_ok
36.444,800,class39,0.504,0.252,DISCARD,low_score
36.444,800,class39,0.502,0.251,DISCARD,low_score
36.444,800,class72,0.411,0.206,DISCARD,low_score
36.528,802,class39,0.755,0.377,KEEP,priority+bandwidth_ok
36.528,802,class56,0.335,0.168,DISCARD,low_score
36.528,802,class39,0.319,0.16,DISCARD,low_score
36.528,802,class72,0.301,0.15,DISCARD,low_score
36.614,804,class56,0.683,0.341,DISCARD,low_score
36.614,804,class39,0.446,0.223,DISCARD,low_score
36.614,804,class56,0.356,0.178,DISCARD,low_score
36.614,804,class39,0.352,0.176,DISCARD,low_score
36.614,804,class39,0.333,0.166,DISCARD,low_score
36.614,804,class72,0.297,0.149,DISCARD,low_score
36.699,806,class56,0.78,0.39,KEEP,priority+bandwidth_ok
36.699,806,class72,0.398,0.199,DISCARD,low_score
36.785,808,class56,0.726,0.363,KEEP,priority+bandwidth_ok
36.785,808,class56,0.457,0.229,DISCARD,low_score
36.869,810,class56,0.839,0.419,KEEP,priority+bandwidth_ok
36.869,810,class56,0.314,0.157,DISCARD,low_score
36.953,812,class56,0.86,0.43,KEEP,priority+bandwidth_ok
36.953,812,class26,0.424,0.212,DISCARD,low_score
36.953,812,class56,0.361,0.181,DISCARD,low_score
37.042,814,class56,0.901,0.451,KEEP,priority+bandwidth_ok
37.042,814,class26,0.547,0.273,DISCARD,low_score
37.042,814,class56,0.396,0.198,DISCARD,low_score
37.126,816,class56,0.9,0.45,KEEP,priority+bandwidth_ok
37.126,816,class56,0.502,0.251,DISCARD,low_score
37.126,816,class26,0.438,0.219,DISCARD,low_score
37.126,816,class45,0.254,0.127,DISCARD,low_score
37.211,818,class56,0.893,0.446,KEEP,priority+bandwidth_ok
37.211,818,class26,0.585,0.293,DISCARD,low_score
37.211,818,class56,0.467,0.233,DISCARD,low_score
37.297,820,class56,0.833,0.417,KEEP,priority+bandwidth_ok
37.297,820,class56,0.585,0.293,DISCARD,low_score
37.297,820,class26,0.547,0.273,DISCARD,low_score
37.297,820,class28,0.521,0.261,DISCARD,low_score
37.297,820,class45,0.252,0.126,DISCARD,low_score
37.382,822,class56,0.781,0.391,KEEP,priority+bandwidth_ok
37.382,822,class28,0.662,0.331,DISCARD,low_score
37.382,822,class56,0.585,0.293,DISCARD,low_score
37.466,824,class56,0.803,0.402,KEEP,priority+bandwidth_ok
37.466,824,class28,0.667,0.334,DISCARD,low_score
37.466,824,class72,0.359,0.18,DISCARD,low_score
37.466,824,class60,0.334,0.167,DISCARD,low_score
37.466,824,class56,0.285,0.143,DISCARD,low_score
37.55,826,class56,0.743,0.372,KEEP,priority+bandwidth_ok
37.55,826,class28,0.523,0.262,DISCARD,low_score
37.55,826,class26,0.469,0.234,DISCARD,low_score
37.55,826,class72,0.404,0.202,DISCARD,low_score
37.634,828,class56,0.686,0.343,DISCARD,low_score
37.634,828,class28,0.684,0.342,DISCARD,low_score
37.634,828,class26,0.469,0.234,DISCARD,low_score
37.634,828,class45,0.409,0.205,DISCARD,low_score
37.634,828,class72,0.328,0.164,DISCARD,low_score
37.719,830,class28,0.734,0.367,KEEP,priority+bandwidth_ok
37.719,830,class56,0.43,0.215,DISCARD,low_score
37.719,830,class72,0.306,0.153,DISCARD,low_score
37.803,832,class28,0.686,0.343,DISCARD,low_score
37.803,832,class72,0.549,0.274,DISCARD,low_score
37.887,834,class56,0.516,0.258,DISCARD,low_score
37.887,834,class26,0.506,0.253,DISCARD,low_score
37.887,834,class28,0.444,0.222,DISCARD,low_score
37.971,836,class56,0.644,0.322,DISCARD,low_score
37.971,836,class28,0.633,0.317,DISCARD,low_score
38.057,838,class56,0.838,0.419,KEEP,priority+bandwidth_ok
38.057,838,class26,0.465,0.232,DISCARD,low_score
38.057,838,class60,0.402,0.201,DISCARD,low_score
38.057,838,class28,0.262,0.131,DISCARD,low_score
38.141,840,class56,0.877,0.438,KEEP,priority+bandwidth_ok
38.141,840,class28,0.622,0.311,DISCARD,low_score
38.225,842,class56,0.897,0.448,KEEP,priority+bandwidth_ok
38.225,842,class28,0.269,0.134,DISCARD,low_score
38.311,844,class56,0.901,0.451,KEEP,priority+bandwidth_ok
38.311,844,class56,0.37,0.185,DISCARD,low_score
38.311,844,class26,0.324,0.162,DISCARD,low_score
38.311,844,class56,0.319,0.16,DISCARD,low_score
38.396,846,class56,0.908,0.454,KEEP,priority+bandwidth_ok
38.396,846,class26,0.502,0.251,DISCARD,low_score
38.396,846,class0,0.439,0.219,DISCARD,low_score
38.396,846,class56,0.273,0.136,DISCARD,low_score
38.396,846,class28,0.26,0.13,DISCARD,low_score
38.48,848,class56,0.871,0.435,KEEP,priority+bandwidth_ok
38.48,848,class28,0.516,0.258,DISCARD,low_score
38.564,850,class56,0.818,0.409,KEEP,priority+bandwidth_ok
38.651,852,class56,0.595,0.297,DISCARD,low_score
38.735,854,class56,0.789,0.395,KEEP,priority+bandwidth_ok
38.735,854,class56,0.284,0.142,DISCARD,low_score
38.819,856,class56,0.784,0.392,KEEP,priority+bandwidth_ok
38.903,858,class56,0.453,0.227,DISCARD,low_score
38.987,860,class56,0.381,0.191,DISCARD,low_score
39.154,864,class62,0.277,0.138,DISCARD,low_score
39.238,866,class71,0.314,0.157,DISCARD,low_score
39.238,866,class58,0.307,0.154,DISCARD,low_score
39.322,868,class56,0.271,0.136,DISCARD,low_score
39.408,870,class56,0.398,0.199,DISCARD,low_score
39.574,874,class71,0.323,0.161,DISCARD,low_score
39.992,884,class0,0.639,0.319,DISCARD,low_score
40.159,888,class61,0.333,0.166,DISCARD,low_score
40.244,890,class72,0.428,0.214,DISCARD,low_score
40.244,890,class72,0.299,0.15,DISCARD,low_score
40.508,896,class72,0.451,0.226,DISCARD,low_score
40.593,898,class61,0.396,0.198,DISCARD,low_score
40.678,900,class61,0.683,0.341,DISCARD,low_score
40.762,902,class61,0.529,0.265,DISCARD,low_score
40.847,904,class61,0.539,0.269,DISCARD,low_score
40.932,906,class0,0.582,0.291,DISCARD,low_score
41.433,918,class73,0.639,0.319,DISCARD,low_score
41.433,918,class41,0.385,0.192,DISCARD,low_score
41.518,920,class41,0.317,0.159,DISCARD,low_score
41.518,920,class60,0.265,0.133,DISCARD,low_score
41.605,922,class41,0.77,0.385,KEEP,priority+bandwidth_ok
41.605,922,class60,0.414,0.207,DISCARD,low_score
41.605,922,class67,0.28,0.14,DISCARD,low_score
41.691,924,class41,0.479,0.239,DISCARD,low_score
41.776,926,class41,0.553,0.276,DISCARD,low_score
41.86,928,class41,0.385,0.192,DISCARD,low_score
41.86,928,class60,0.272,0.136,DISCARD,low_score
41.945,930,class41,0.527,0.264,DISCARD,low_score
41.945,930,class73,0.409,0.205,DISCARD,low_score
41.945,930,class41,0.286,0.143,DISCARD,low_score
42.029,932,class73,0.402,0.201,DISCARD,low_score
42.029,932,class56,0.329,0.164,DISCARD,low_score
42.113,934,class73,0.394,0.197,DISCARD,low_score
42.113,934,class41,0.374,0.187,DISCARD,low_score
42.113,934,class56,0.323,0.162,DISCARD,low_score
42.198,936,class41,0.508,0.254,DISCARD,low_score
42.198,936,class41,0.447,0.224,DISCARD,low_score
42.198,936,class73,0.368,0.184,DISCARD,low_score
42.198,936,class73,0.277,0.138,DISCARD,low_score
42.288,938,class41,0.701,0.35,KEEP,priority+bandwidth_ok
42.288,938,class56,0.595,0.297,DISCARD,low_score
42.288,938,class73,0.504,0.252,DISCARD,low_score
42.288,938,class71,0.5,0.25,DISCARD,low_score
42.288,938,class41,0.409,0.205,DISCARD,low_score
42.373,940,class71,0.671,0.335,DISCARD,low_score
42.373,940,class39,0.545,0.272,DISCARD,low_score
42.373,940,class41,0.545,0.272,DISCARD,low_score
42.373,940,class73,0.446,0.223,DISCARD,low_score
42.373,940,class73,0.338,0.169,DISCARD,low_score
42.373,940,class39,0.321,0.16,DISCARD,low_score
42.458,942,class73,0.615,0.308,DISCARD,low_score
42.458,942,class71,0.349,0.174,DISCARD,low_score
42.458,942,class39,0.349,0.174,DISCARD,low_score
42.458,942,class71,0.331,0.166,DISCARD,low_score
42.458,942,class39,0.28,0.14,DISCARD,low_score
42.543,944,class71,0.671,0.335,DISCARD,low_score
42.543,944,class39,0.484,0.242,DISCARD,low_score
42.543,944,class56,0.469,0.234,DISCARD,low_score
42.543,944,class56,0.42,0.21,DISCARD,low_score
42.543,944,class73,0.372,0.186,DISCARD,low_score
42.543,944,class73,0.297,0.148,DISCARD,low_score
42.631,946,class71,0.734,0.367,KEEP,priority+bandwidth_ok
42.715,948,class71,0.558,0.279,DISCARD,low_score
42.715,948,class73,0.461,0.231,DISCARD,low_score
42.715,948,class41,0.423,0.211,DISCARD,low_score
42.715,948,class39,0.404,0.202,DISCARD,low_score
42.715,948,class41,0.361,0.181,DISCARD,low_score
42.715,948,class71,0.345,0.173,DISCARD,low_score
42.715,948,class39,0.283,0.141,DISCARD,low_score
42.8,950,class73,0.396,0.198,DISCARD,low_score
42.8,950,class39,0.306,0.153,DISCARD,low_score
42.8,950,class41,0.302,0.151,DISCARD,low_score
42.971,954,class41,0.34,0.17,DISCARD,low_score
42.971,954,class56,0.327,0.163,DISCARD,low_score
43.056,956,class41,0.392,0.196,DISCARD,low_score
43.056,956,class56,0.347,0.173,DISCARD,low_score
43.056,956,class56,0.342,0.171,DISCARD,low_score
43.056,956,class60,0.316,0.158,DISCARD,low_score
43.056,956,class73,0.294,0.147,DISCARD,low_score
43.141,958,class56,0.843,0.421,KEEP,priority+bandwidth_ok
43.141,958,class60,0.404,0.202,DISCARD,low_score
43.141,958,class41,0.347,0.173,DISCARD,low_score
43.141,958,class73,0.336,0.168,DISCARD,low_score
43.141,958,class73,0.301,0.15,DISCARD,low_score
43.141,958,class73,0.28,0.14,DISCARD,low_score
43.232,960,class56,0.912,0.456,DISCARD,bandwidth
43.232,960,class41,0.624,0.312,DISCARD,low_score
43.232,960,class60,0.521,0.261,DISCARD,low_score
43.316,962,class56,0.82,0.41,DISCARD,bandwidth
43.316,962,class41,0.66,0.33,DISCARD,low_score
43.316,962,class60,0.42,0.21,DISCARD,low_score
43.401,964,class56,0.823,0.412,DISCARD,bandwidth
43.401,964,class60,0.612,0.306,DISCARD,low_score
43.401,964,class45,0.269,0.134,DISCARD,low_score
43.49,966,class56,0.901,0.45,DISCARD,bandwidth
43.49,966,class60,0.697,0.348,DISCARD,low_score
43.49,966,class41,0.492,0.246,DISCARD,low_score
43.574,968,class56,0.911,0.455,DISCARD,bandwidth
43.574,968,class60,0.736,0.368,DISCARD,bandwidth
43.574,968,class41,0.667,0.334,DISCARD,low_score
43.574,968,class41,0.43,0.215,DISCARD,low_score
43.659,970,class56,0.742,0.371,DISCARD,bandwidth
43.659,970,class60,0.537,0.269,DISCARD,low_score
43.659,970,class41,0.335,0.167,DISCARD,low_score
43.745,972,class56,0.822,0.411,DISCARD,bandwidth
43.745,972,class60,0.602,0.301,DISCARD,low_score
43.83,974,class56,0.838,0.419,DISCARD,bandwidth
43.83,974,class60,0.511,0.255,DISCARD,low_score
43.83,974,class41,0.275,0.138,DISCARD,low_score
43.83,974,class56,0.254,0.127,DISCARD,low_score
43.914,976,class56,0.863,0.432,DISCARD,bandwidth
43.914,976,class60,0.539,0.269,DISCARD,low_score
43.914,976,class41,0.535,0.268,DISCARD,low_score
43.914,976,class60,0.31,0.155,DISCARD,low_score
43.999,978,class56,0.698,0.349,DISCARD,low_score
43.999,978,class60,0.54,0.27,DISCARD,low_score
44.087,980,class56,0.329,0.165,DISCARD,low_score
44.172,982,class60,0.439,0.219,DISCARD,low_score
44.172,982,class56,0.412,0.206,DISCARD,low_score
44.172,982,class56,0.388,0.194,DISCARD,low_score
44.257,984,class56,0.539,0.269,DISCARD,low_score
44.257,984,class59,0.497,0.249,DISCARD,low_score
44.257,984,class56,0.48,0.24,DISCARD,low_score
44.257,984,class60,0.293,0.146,DISCARD,low_score
44.342,986,class59,0.642,0.321,DISCARD,low_score
44.342,986,class56,0.543,0.271,DISCARD,low_score
44.342,986,class60,0.285,0.142,DISCARD,low_score
44.427,988,class56,0.577,0.289,DISCARD,low_score
44.427,988,class56,0.4,0.2,DISCARD,low_score
44.427,988,class60,0.34,0.17,DISCARD,low_score
44.427,988,class73,0.255,0.128,DISCARD,low_score
44.514,990,class56,0.803,0.402,DISCARD,bandwidth
44.514,990,class60,0.556,0.278,DISCARD,low_score
44.514,990,class73,0.442,0.221,DISCARD,low_score
44.514,990,class56,0.267,0.133,DISCARD,low_score
44.599,992,class59,0.434,0.217,DISCARD,low_score
44.599,992,class56,0.43,0.215,DISCARD,low_score
44.599,992,class73,0.378,0.189,DISCARD,low_score
44.599,992,class73,0.266,0.133,DISCARD,low_score
44.686,994,class73,0.312,0.156,DISCARD,low_score
44.686,994,class59,0.291,0.145,DISCARD,low_score
44.686,994,class73,0.285,0.142,DISCARD,low_score
44.774,996,class73,0.323,0.161,DISCARD,low_score
44.774,996,class59,0.27,0.135,DISCARD,low_score
44.859,998,class73,0.342,0.171,DISCARD,low_score
44.859,998,class73,0.335,0.167,DISCARD,low_score
44.943,1000,class73,0.469,0.234,DISCARD,low_score
45.028,1002,class73,0.52,0.26,DISCARD,low_score
45.114,1004,class73,0.525,0.263,DISCARD,low_score
45.114,1004,class59,0.404,0.202,DISCARD,low_score
45.2,1006,class73,0.504,0.252,DISCARD,low_score
45.2,1006,class73,0.419,0.209,DISCARD,low_score
45.2,1006,class72,0.367,0.183,DISCARD,low_score
45.2,1006,class73,0.324,0.162,DISCARD,low_score
45.2,1006,class59,0.271,0.136,DISCARD,low_score
45.285,1008,class71,0.455,0.228,DISCARD,low_score
45.285,1008,class73,0.389,0.194,DISCARD,low_score
45.285,1008,class72,0.37,0.185,DISCARD,low_score
45.285,1008,class73,0.266,0.133,DISCARD,low_score
45.38,1010,class71,0.832,0.416,DISCARD,bandwidth
45.38,1010,class72,0.383,0.192,DISCARD,low_score
45.38,1010,class73,0.331,0.166,DISCARD,low_score
45.38,1010,class73,0.329,0.165,DISCARD,low_score
45.38,1010,class73,0.278,0.139,DISCARD,low_score
45.466,1012,class71,0.793,0.397,DISCARD,bandwidth
45.466,1012,class72,0.554,0.277,DISCARD,low_score
45.466,1012,class73,0.479,0.239,DISCARD,low_score
45.466,1012,class72,0.294,0.147,DISCARD,low_score
45.466,1012,class39,0.278,0.139,DISCARD,low_score
45.466,1012,class73,0.266,0.133,DISCARD,low_score
45.552,1014,class71,0.812,0.406,DISCARD,bandwidth
45.552,1014,class39,0.646,0.323,DISCARD,low_score
45.552,1014,class73,0.48,0.24,DISCARD,low_score
45.552,1014,class73,0.267,0.134,DISCARD,low_score
45.552,1014,class69,0.254,0.127,DISCARD,low_score
45.637,1016,class71,0.819,0.409,DISCARD,bandwidth
45.637,1016,class39,0.751,0.375,DISCARD,bandwidth
45.637,1016,class73,0.288,0.144,DISCARD,low_score
45.637,1016,class73,0.275,0.138,DISCARD,low_score
45.637,1016,class69,0.255,0.128,DISCARD,low_score
45.722,1018,class71,0.846,0.423,DISCARD,bandwidth
45.722,1018,class39,0.63,0.315,DISCARD,low_score
45.722,1018,class69,0.365,0.182,DISCARD,low_score
45.722,1018,class73,0.286,0.143,DISCARD,low_score
45.722,1018,class72,0.285,0.142,DISCARD,low_score
45.807,1020,class71,0.763,0.382,DISCARD,bandwidth
45.807,1020,class39,0.473,0.236,DISCARD,low_score
45.807,1020,class69,0.389,0.194,DISCARD,low_score
45.895,1022,class71,0.772,0.386,DISCARD,bandwidth
45.981,1024,class71,0.816,0.408,DISCARD,bandwidth
45.981,1024,class39,0.583,0.292,DISCARD,low_score
45.981,1024,class39,0.417,0.208,DISCARD,low_score
46.067,1026,class71,0.775,0.387,DISCARD,bandwidth
46.067,1026,class39,0.333,0.166,DISCARD,low_score
46.152,1028,class71,0.831,0.416,DISCARD,bandwidth
46.152,1028,class39,0.525,0.263,DISCARD,low_score
46.152,1028,class56,0.482,0.241,DISCARD,low_score
46.237,1030,class71,0.809,0.405,DISCARD,bandwidth
46.237,1030,class56,0.479,0.239,DISCARD,low_score
46.237,1030,class39,0.378,0.189,DISCARD,low_score
46.322,1032,class71,0.862,0.431,DISCARD,bandwidth
46.322,1032,class2,0.541,0.27,DISCARD,low_score
46.322,1032,class39,0.383,0.192,DISCARD,low_score
46.322,1032,class2,0.301,0.15,DISCARD,low_score
46.407,1034,class71,0.853,0.426,DISCARD,bandwidth
46.407,1034,class39,0.367,0.183,DISCARD,low_score
46.492,1036,class71,0.905,0.452,DISCARD,bandwidth
46.577,1038,class71,0.852,0.426,DISCARD,bandwidth
46.662,1040,class71,0.621,0.31,DISCARD,low_score
46.662,1040,class71,0.447,0.224,DISCARD,low_score
46.747,1042,class71,0.644,0.322,DISCARD,low_score
46.747,1042,class72,0.572,0.286,DISCARD,low_score
46.747,1042,class71,0.291,0.145,DISCARD,low_score
46.832,1044,class72,0.796,0.398,DISCARD,bandwidth
46.832,1044,class71,0.473,0.236,DISCARD,low_score
46.832,1044,class71,0.329,0.165,DISCARD,low_score
46.832,1044,class72,0.326,0.163,DISCARD,low_score
46.921,1046,class72,0.807,0.403,DISCARD,bandwidth
46.921,1046,class71,0.615,0.308,DISCARD,low_score
46.921,1046,class69,0.274,0.137,DISCARD,low_score
47.008,1048,class71,0.866,0.433,DISCARD,bandwidth
47.008,1048,class72,0.787,0.393,DISCARD,bandwidth
47.093,1050,class71,0.858,0.429,DISCARD,bandwidth
47.093,1050,class72,0.83,0.415,DISCARD,bandwidth
47.179,1052,class71,0.707,0.354,DISCARD,bandwidth
47.179,1052,class72,0.644,0.322,DISCARD,low_score
47.263,1054,class72,0.742,0.371,DISCARD,bandwidth
47.347,1056,class72,0.769,0.385,DISCARD,bandwidth
47.347,1056,class56,0.359,0.18,DISCARD,low_score
47.347,1056,class71,0.252,0.126,DISCARD,low_score
47.432,1058,class72,0.785,0.393,DISCARD,bandwidth
47.432,1058,class71,0.34,0.17,DISCARD,low_score
47.432,1058,class71,0.336,0.168,DISCARD,low_score
47.52,1060,class72,0.72,0.36,DISCARD,bandwidth
47.52,1060,class68,0.496,0.248,DISCARD,low_score
47.52,1060,class56,0.342,0.171,DISCARD,low_score
47.52,1060,class39,0.274,0.137,DISCARD,low_score
47.606,1062,class72,0.624,0.312,DISCARD,low_score
47.606,1062,class68,0.326,0.163,DISCARD,low_score
47.606,1062,class39,0.277,0.138,DISCARD,low_score
47.691,1064,class72,0.862,0.431,DISCARD,bandwidth
47.691,1064,class56,0.549,0.274,DISCARD,low_score
47.776,1066,class72,0.84,0.42,DISCARD,bandwidth
47.776,1066,class45,0.328,0.164,DISCARD,low_score
47.776,1066,class71,0.299,0.15,DISCARD,low_score
47.776,1066,class68,0.285,0.142,DISCARD,low_score
47.861,1068,class72,0.83,0.415,DISCARD,bandwidth
47.861,1068,class68,0.338,0.169,DISCARD,low_score
47.861,1068,class71,0.324,0.162,DISCARD,low_score
47.946,1070,class72,0.854,0.427,DISCARD,bandwidth
47.946,1070,class68,0.52,0.26,DISCARD,low_score
47.946,1070,class71,0.409,0.205,DISCARD,low_score
47.946,1070,class39,0.309,0.155,DISCARD,low_score
48.031,1072,class72,0.871,0.436,DISCARD,bandwidth
48.031,1072,class68,0.51,0.255,DISCARD,low_score
48.031,1072,class39,0.484,0.242,DISCARD,low_score
48.123,1074,class72,0.753,0.377,DISCARD,bandwidth
48.123,1074,class71,0.473,0.236,DISCARD,low_score
48.123,1074,class39,0.449,0.225,DISCARD,low_score
48.123,1074,class68,0.356,0.178,DISCARD,low_score
48.123,1074,class39,0.328,0.164,DISCARD,low_score
48.209,1076,class72,0.731,0.366,DISCARD,bandwidth
48.209,1076,class71,0.5,0.25,DISCARD,low_score
48.209,1076,class39,0.479,0.239,DISCARD,low_score
48.209,1076,class68,0.372,0.186,DISCARD,low_score
48.294,1078,class72,0.766,0.383,DISCARD,bandwidth
48.294,1078,class68,0.642,0.321,DISCARD,low_score
48.378,1080,class72,0.858,0.429,DISCARD,bandwidth
48.378,1080,class68,0.508,0.254,DISCARD,low_score
48.378,1080,class39,0.316,0.158,DISCARD,low_score
48.378,1080,class71,0.263,0.131,DISCARD,low_score
48.465,1082,class72,0.886,0.443,DISCARD,bandwidth
48.465,1082,class39,0.376,0.188,DISCARD,low_score
48.465,1082,class70,0.338,0.169,DISCARD,low_score
48.465,1082,class68,0.321,0.16,DISCARD,low_score
48.549,1084,class72,0.931,0.465,DISCARD,bandwidth
48.549,1084,class68,0.589,0.294,DISCARD,low_score
48.549,1084,class39,0.541,0.27,DISCARD,low_score
48.549,1084,class39,0.289,0.145,DISCARD,low_score
48.634,1086,class72,0.859,0.429,DISCARD,bandwidth
48.634,1086,class68,0.471,0.235,DISCARD,low_score
48.721,1088,class72,0.903,0.451,DISCARD,bandwidth
48.721,1088,class70,0.525,0.263,DISCARD,low_score
48.721,1088,class39,0.475,0.237,DISCARD,low_score
48.721,1088,class39,0.383,0.192,DISCARD,low_score
48.721,1088,class68,0.338,0.169,DISCARD,low_score
48.721,1088,class39,0.278,0.139,DISCARD,low_score
48.807,1090,class72,0.929,0.464,DISCARD,bandwidth
48.807,1090,class68,0.568,0.284,DISCARD,low_score
48.807,1090,class39,0.419,0.209,DISCARD,low_score
48.807,1090,class45,0.374,0.187,DISCARD,low_score
48.807,1090,class69,0.311,0.155,DISCARD,low_score
48.892,1092,class72,0.749,0.375,DISCARD,bandwidth
48.892,1092,class70,0.44,0.22,DISCARD,low_score
48.892,1092,class39,0.415,0.207,DISCARD,low_score
48.892,1092,class39,0.376,0.188,DISCARD,low_score
48.892,1092,class68,0.321,0.16,DISCARD,low_score
48.892,1092,class70,0.302,0.151,DISCARD,low_score
48.892,1092,class69,0.292,0.146,DISCARD,low_score
48.977,1094,class72,0.848,0.424,DISCARD,bandwidth
48.977,1094,class39,0.512,0.256,DISCARD,low_score
48.977,1094,class69,0.482,0.241,DISCARD,low_score
48.977,1094,class39,0.367,0.183,DISCARD,low_score
48.977,1094,class70,0.299,0.15,DISCARD,low_score
48.977,1094,class39,0.291,0.145,DISCARD,low_score
48.977,1094,class68,0.288,0.144,DISCARD,low_score
48.977,1094,class45,0.254,0.127,DISCARD,low_score
49.066,1096,class69,0.742,0.371,DISCARD,bandwidth
49.066,1096,class70,0.679,0.34,DISCARD,low_score
49.066,1096,class39,0.554,0.277,DISCARD,low_score
49.066,1096,class39,0.356,0.178,DISCARD,low_score
49.066,1096,class39,0.323,0.161,DISCARD,low_score
49.066,1096,class70,0.317,0.159,DISCARD,low_score
49.066,1096,class39,0.283,0.141,DISCARD,low_score
49.066,1096,class39,0.281,0.141,DISCARD,low_score
49.066,1096,class72,0.28,0.14,DISCARD,low_score
49.154,1098,class69,0.736,0.368,DISCARD,bandwidth
49.154,1098,class70,0.674,0.337,DISCARD,low_score
49.154,1098,class39,0.545,0.272,DISCARD,low_score
49.154,1098,class39,0.372,0.186,DISCARD,low_score
49.154,1098,class68,0.314,0.157,DISCARD,low_score
49.154,1098,class39,0.257,0.128,DISCARD,low_score
49.239,1100,class70,0.701,0.35,DISCARD,bandwidth
49.239,1100,class69,0.615,0.308,DISCARD,low_score
49.239,1100,class39,0.514,0.257,DISCARD,low_score
49.239,1100,class39,0.335,0.167,DISCARD,low_score
49.239,1100,class39,0.296,0.148,DISCARD,low_score
49.239,1100,class39,0.254,0.127,DISCARD,low_score
49.327,1102,class70,0.715,0.358,DISCARD,bandwidth
49.327,1102,class69,0.696,0.348,DISCARD,low_score
49.327,1102,class39,0.446,0.223,DISCARD,low_score
49.327,1102,class39,0.442,0.221,DISCARD,low_score
49.327,1102,class70,0.428,0.214,DISCARD,low_score
49.327,1102,class39,0.324,0.162,DISCARD,low_score
49.327,1102,class68,0.255,0.128,DISCARD,low_score
49.411,1104,class69,0.809,0.405,DISCARD,bandwidth
49.411,1104,class70,0.611,0.306,DISCARD,low_score
49.411,1104,class39,0.449,0.225,DISCARD,low_score
49.411,1104,class39,0.293,0.146,DISCARD,low_score
49.496,1106,class69,0.813,0.406,DISCARD,bandwidth
49.496,1106,class70,0.637,0.319,DISCARD,low_score
49.496,1106,class39,0.376,0.188,DISCARD,low_score
49.496,1106,class39,0.261,0.131,DISCARD,low_score
49.581,1108,class69,0.639,0.319,DISCARD,low_score
49.581,1108,class70,0.52,0.26,DISCARD,low_score
49.581,1108,class39,0.319,0.16,DISCARD,low_score
49.581,1108,class39,0.309,0.155,DISCARD,low_score
49.665,1110,class39,0.502,0.251,DISCARD,low_score
49.665,1110,class69,0.426,0.213,DISCARD,low_score
49.752,1112,class69,0.484,0.242,DISCARD,low_score
49.752,1112,class45,0.394,0.197,DISCARD,low_score
49.84,1114,class69,0.488,0.244,DISCARD,low_score
49.84,1114,class45,0.449,0.225,DISCARD,low_score
49.84,1114,class71,0.301,0.15,DISCARD,low_score
49.926,1116,class45,0.347,0.173,DISCARD,low_score
50.011,1118,class45,0.321,0.16,DISCARD,low_score
50.178,1122,class2,0.277,0.138,DISCARD,low_score
50.43,1128,class45,0.35,0.175,DISCARD,low_score
50.43,1128,class69,0.331,0.166,DISCARD,low_score
50.515,1130,class72,0.411,0.206,DISCARD,low_score
50.515,1130,class45,0.349,0.174,DISCARD,low_score
50.599,1132,class45,0.617,0.308,DISCARD,low_score
50.599,1132,class72,0.417,0.208,DISCARD,low_score
50.599,1132,class69,0.379,0.19,DISCARD,low_score
50.683,1134,class69,0.392,0.196,DISCARD,low_score
50.683,1134,class45,0.314,0.157,DISCARD,low_score
50.683,1134,class39,0.307,0.154,DISCARD,low_score
50.683,1134,class72,0.278,0.139,DISCARD,low_score
50.767,1136,class72,0.72,0.36,DISCARD,bandwidth
50.767,1136,class45,0.61,0.305,DISCARD,low_score
50.767,1136,class69,0.404,0.202,DISCARD,low_score
50.852,1138,class45,0.6,0.3,DISCARD,low_score
50.852,1138,class72,0.568,0.284,DISCARD,low_score
50.852,1138,class69,0.331,0.166,DISCARD,low_score
50.94,1140,class45,0.648,0.324,DISCARD,low_score
50.94,1140,class72,0.613,0.307,DISCARD,low_score
50.94,1140,class69,0.508,0.254,DISCARD,low_score
51.024,1142,class72,0.655,0.327,DISCARD,low_score
51.024,1142,class45,0.606,0.303,DISCARD,low_score
51.024,1142,class54,0.438,0.219,DISCARD,low_score
51.108,1144,class45,0.626,0.313,DISCARD,low_score
51.108,1144,class66,0.451,0.226,DISCARD,low_score
51.108,1144,class39,0.264,0.132,DISCARD,low_score
51.193,1146,class45,0.624,0.312,DISCARD,low_score
51.277,1148,class56,0.751,0.375,DISCARD,bandwidth
51.277,1148,class45,0.672,0.336,DISCARD,low_score
51.277,1148,class56,0.255,0.128,DISCARD,low_score
51.363,1150,class56,0.849,0.424,DISCARD,bandwidth
51.363,1150,class45,0.717,0.359,DISCARD,bandwidth
51.363,1150,class39,0.288,0.144,DISCARD,low_score
51.448,1152,class56,0.798,0.399,DISCARD,bandwidth
51.448,1152,class45,0.731,0.366,DISCARD,bandwidth
51.535,1154,class45,0.655,0.327,DISCARD,low_score
51.535,1154,class56,0.646,0.323,DISCARD,low_score
51.619,1156,class56,0.734,0.367,DISCARD,bandwidth
51.619,1156,class45,0.608,0.304,DISCARD,low_score
51.703,1158,class56,0.715,0.358,DISCARD,bandwidth
51.703,1158,class45,0.635,0.318,DISCARD,low_score
51.787,1160,class56,0.814,0.407,DISCARD,bandwidth
51.787,1160,class45,0.461,0.231,DISCARD,low_score
51.787,1160,class73,0.392,0.196,DISCARD,low_score
51.871,1162,class56,0.455,0.228,DISCARD,low_score
51.871,1162,class69,0.289,0.145,DISCARD,low_score
51.955,1164,class56,0.449,0.225,DISCARD,low_score
51.955,1164,class45,0.278,0.139,DISCARD,low_score
52.04,1166,class56,0.78,0.39,DISCARD,bandwidth
52.04,1166,class69,0.296,0.148,DISCARD,low_score
52.04,1166,class56,0.258,0.129,DISCARD,low_score
52.125,1168,class56,0.814,0.407,DISCARD,bandwidth
52.125,1168,class56,0.436,0.218,DISCARD,low_score
52.125,1168,class71,0.257,0.128,DISCARD,low_score
52.21,1170,class56,0.51,0.255,DISCARD,low_score
52.21,1170,class73,0.291,0.145,DISCARD,low_score
52.295,1172,class73,0.467,0.233,DISCARD,low_score
52.295,1172,class56,0.461,0.231,DISCARD,low_score
52.295,1172,class69,0.341,0.17,DISCARD,low_score
52.295,1172,class73,0.297,0.149,DISCARD,low_score
52.38,1174,class69,0.562,0.281,DISCARD,low_score
52.38,1174,class73,0.424,0.212,DISCARD,low_score
52.38,1174,class39,0.335,0.167,DISCARD,low_score
52.38,1174,class73,0.266,0.133,DISCARD,low_score
52.467,1176,class69,0.518,0.259,DISCARD,low_score
52.467,1176,class73,0.302,0.151,DISCARD,low_score
52.467,1176,class39,0.28,0.14,DISCARD,low_score
52.557,1178,class69,0.556,0.278,DISCARD,low_score
52.557,1178,class73,0.257,0.128,DISCARD,low_score
52.642,1180,class69,0.606,0.303,DISCARD,low_score
52.727,1182,class69,0.72,0.36,DISCARD,bandwidth
52.727,1182,class73,0.39,0.195,DISCARD,low_score
52.727,1182,class73,0.283,0.141,DISCARD,low_score
52.727,1182,class39,0.278,0.139,DISCARD,low_score
52.812,1184,class69,0.498,0.249,DISCARD,low_score
52.897,1186,class69,0.518,0.259,DISCARD,low_score
52.897,1186,class39,0.26,0.13,DISCARD,low_score
52.981,1188,class69,0.49,0.245,DISCARD,low_score
52.981,1188,class39,0.299,0.15,DISCARD,low_score
52.981,1188,class71,0.252,0.126,DISCARD,low_score
53.065,1190,class69,0.722,0.361,DISCARD,bandwidth
53.153,1192,class69,0.6,0.3,DISCARD,low_score
53.153,1192,class71,0.294,0.147,DISCARD,low_score
53.237,1194,class69,0.681,0.34,DISCARD,low_score
53.323,1196,class69,0.628,0.314,DISCARD,low_score
53.323,1196,class60,0.276,0.138,DISCARD,low_score
53.407,1198,class69,0.74,0.37,DISCARD,bandwidth
53.491,1200,class69,0.547,0.273,DISCARD,low_score
53.491,1200,class39,0.321,0.16,DISCARD,low_score
53.491,1200,class39,0.301,0.15,DISCARD,low_score
53.578,1202,class69,0.51,0.255,DISCARD,low_score
53.578,1202,class39,0.289,0.145,DISCARD,low_score
53.745,1206,class70,0.564,0.282,DISCARD,low_score
53.745,1206,class69,0.514,0.257,DISCARD,low_score
53.745,1206,class69,0.263,0.131,DISCARD,low_score
53.745,1206,class45,0.254,0.127,DISCARD,low_score
53.993,1212,class70,0.556,0.278,DISCARD,low_score
53.993,1212,class69,0.492,0.246,DISCARD,low_score
53.993,1212,class45,0.345,0.173,DISCARD,low_score
54.077,1214,class69,0.389,0.194,DISCARD,low_score
54.166,1216,class72,0.715,0.358,DISCARD,bandwidth
54.166,1216,class69,0.423,0.211,DISCARD,low_score
54.166,1216,class45,0.27,0.135,DISCARD,low_score
54.25,1218,class72,0.598,0.299,DISCARD,low_score
54.25,1218,class69,0.372,0.186,DISCARD,low_score
54.25,1218,class69,0.256,0.128,DISCARD,low_score
54.335,1220,class72,0.806,0.403,DISCARD,bandwidth
54.418,1222,class72,0.396,0.198,DISCARD,low_score
54.586,1226,class71,0.378,0.189,DISCARD,low_score
54.67,1228,class72,0.572,0.286,DISCARD,low_score
54.757,1230,class72,0.726,0.363,DISCARD,bandwidth
54.841,1232,class72,0.676,0.338,DISCARD,low_score
54.925,1234,class72,0.756,0.378,DISCARD,bandwidth
55.009,1236,class72,0.748,0.374,DISCARD,bandwidth
55.092,1238,class72,0.587,0.293,DISCARD,low_score
55.179,1240,class72,0.291,0.145,DISCARD,low_score
55.262,1242,class72,0.711,0.355,KEEP,priority+bandwidth_ok
55.438,1246,class72,0.329,0.165,DISCARD,low_score
55.521,1248,class72,0.651,0.326,DISCARD,low_score
55.605,1250,class72,0.426,0.213,DISCARD,low_score
55.691,1252,class68,0.387,0.193,DISCARD,low_score
55.779,1254,class68,0.465,0.232,DISCARD,low_score
55.779,1254,class39,0.296,0.148,DISCARD,low_score
55.779,1254,class39,0.275,0.138,DISCARD,low_score
56.028,1260,class39,0.311,0.155,DISCARD,low_score
56.276,1266,class62,0.405,0.203,DISCARD,low_score
56.276,1266,class39,0.289,0.145,DISCARD,low_score
56.604,1274,class59,0.321,0.16,DISCARD,low_score
56.775,1278,class62,0.385,0.192,DISCARD,low_score
56.859,1280,class62,0.564,0.282,DISCARD,low_score
56.948,1282,class62,0.722,0.361,KEEP,priority+bandwidth_ok
57.032,1284,class62,0.508,0.254,DISCARD,low_score
57.116,1286,class62,0.455,0.228,DISCARD,low_score
57.116,1286,class39,0.258,0.129,DISCARD,low_score
57.201,1288,class62,0.396,0.198,DISCARD,low_score
57.284,1290,class62,0.294,0.147,DISCARD,low_score
57.45,1294,class62,0.568,0.284,DISCARD,low_score
57.615,1298,class68,0.296,0.148,DISCARD,low_score
57.699,1300,class59,0.283,0.141,DISCARD,low_score
57.699,1300,class59,0.27,0.135,DISCARD,low_score
57.785,1302,class56,0.327,0.163,DISCARD,low_score
57.785,1302,class72,0.25,0.125,DISCARD,low_score
57.87,1304,class56,0.438,0.219,DISCARD,low_score
57.87,1304,class68,0.317,0.159,DISCARD,low_score
57.87,1304,class72,0.291,0.145,DISCARD,low_score
57.954,1306,class56,0.583,0.292,DISCARD,low_score
58.038,1308,class56,0.381,0.191,DISCARD,low_score
58.122,1310,class56,0.434,0.217,DISCARD,low_score
58.122,1310,class72,0.26,0.13,DISCARD,low_score
58.289,1314,class56,0.482,0.241,DISCARD,low_score
58.289,1314,class56,0.332,0.166,DISCARD,low_score
58.289,1314,class59,0.268,0.134,DISCARD,low_score
58.412,1316,class62,0.752,0.376,KEEP,priority+bandwidth_ok
58.412,1316,class39,0.251,0.125,DISCARD,low_score
58.497,1318,class62,0.83,0.415,KEEP,priority+bandwidth_ok
58.497,1318,class39,0.26,0.13,DISCARD,low_score
58.584,1320,class62,0.755,0.377,KEEP,priority+bandwidth_ok
58.668,1322,class62,0.72,0.36,KEEP,priority+bandwidth_ok
58.668,1322,class39,0.342,0.171,DISCARD,low_score
58.668,1322,class39,0.257,0.128,DISCARD,low_score
58.753,1324,class62,0.777,0.389,KEEP,priority+bandwidth_ok
58.753,1324,class39,0.486,0.243,DISCARD,low_score
58.753,1324,class39,0.338,0.169,DISCARD,low_score
58.837,1326,class62,0.65,0.325,DISCARD,low_score
58.837,1326,class62,0.343,0.172,DISCARD,low_score
58.922,1328,class62,0.554,0.277,DISCARD,low_score
58.922,1328,class62,0.434,0.217,DISCARD,low_score
59.009,1330,class62,0.78,0.39,KEEP,priority+bandwidth_ok
59.009,1330,class62,0.411,0.206,DISCARD,low_score
59.009,1330,class39,0.283,0.141,DISCARD,low_score
59.093,1332,class62,0.797,0.398,KEEP,priority+bandwidth_ok
59.178,1334,class62,0.776,0.388,KEEP,priority+bandwidth_ok
59.178,1334,class45,0.26,0.13,DISCARD,low_score
59.178,1334,class39,0.257,0.128,DISCARD,low_score
59.262,1336,class62,0.453,0.227,DISCARD,low_score
59.262,1336,class45,0.302,0.151,DISCARD,low_score
59.262,1336,class39,0.278,0.139,DISCARD,low_score
59.347,1338,class62,0.482,0.241,DISCARD,low_score
59.43,1340,class62,0.479,0.239,DISCARD,low_score
59.43,1340,class39,0.326,0.163,DISCARD,low_score
59.515,1342,class62,0.621,0.31,DISCARD,low_score
59.603,1344,class62,0.398,0.199,DISCARD,low_score
59.603,1344,class62,0.317,0.159,DISCARD,low_score
59.687,1346,class62,0.523,0.262,DISCARD,low_score
59.687,1346,class39,0.307,0.154,DISCARD,low_score
59.687,1346,class62,0.254,0.127,DISCARD,low_score
59.772,1348,class62,0.642,0.321,DISCARD,low_score
59.856,1350,class62,0.486,0.243,DISCARD,low_score
59.856,1350,class62,0.304,0.152,DISCARD,low_score
59.94,1352,class62,0.537,0.269,DISCARD,low_score
60.024,1354,class62,0.4,0.2,DISCARD,low_score
60.108,1356,class62,0.39,0.195,DISCARD,low_score
60.196,1358,class62,0.432,0.216,DISCARD,low_score
60.28,1360,class62,0.523,0.262,DISCARD,low_score
60.364,1362,class62,0.314,0.157,DISCARD,low_score
60.458,1364,class62,0.516,0.258,DISCARD,low_score
60.542,1366,class62,0.681,0.34,DISCARD,low_score
60.626,1368,class62,0.389,0.194,DISCARD,low_score
60.626,1368,class62,0.251,0.125,DISCARD,low_score
60.71,1370,class62,0.642,0.321,DISCARD,low_score
60.71,1370,class62,0.356,0.178,DISCARD,low_score
60.796,1372,class62,0.469,0.234,DISCARD,low_score
60.88,1374,class62,0.453,0.227,DISCARD,low_score
60.964,1376,class62,0.417,0.208,DISCARD,low_score
61.212,1382,class62,0.335,0.167,DISCARD,low_score
61.378,1386,class62,0.324,0.162,DISCARD,low_score
61.462,1388,class2,0.257,0.128,DISCARD,low_score
61.462,1388,class2,0.255,0.128,DISCARD,low_score
61.462,1388,class2,0.251,0.125,DISCARD,low_score
61.629,1392,class2,0.428,0.214,DISCARD,low_score
61.629,1392,class2,0.329,0.165,DISCARD,low_score
61.629,1392,class60,0.268,0.134,DISCARD,low_score
61.713,1394,class39,0.516,0.258,DISCARD,low_score
61.798,1396,class39,0.521,0.261,DISCARD,low_score
61.798,1396,class62,0.363,0.181,DISCARD,low_score
61.882,1398,class2,0.319,0.16,DISCARD,low_score
61.967,1400,class39,0.402,0.201,DISCARD,low_score
61.967,1400,class45,0.385,0.192,DISCARD,low_score
61.967,1400,class2,0.316,0.158,DISCARD,low_score
62.051,1402,class45,0.423,0.211,DISCARD,low_score
62.051,1402,class39,0.419,0.209,DISCARD,low_score
62.051,1402,class62,0.407,0.204,DISCARD,low_score
62.137,1404,class39,0.63,0.315,DISCARD,low_score
62.137,1404,class45,0.459,0.23,DISCARD,low_score
62.137,1404,class41,0.361,0.181,DISCARD,low_score
62.225,1406,class39,0.553,0.276,DISCARD,low_score
62.225,1406,class45,0.535,0.268,DISCARD,low_score
62.31,1408,class39,0.533,0.267,DISCARD,low_score
62.31,1408,class45,0.479,0.239,DISCARD,low_score
62.31,1408,class41,0.396,0.198,DISCARD,low_score
62.31,1408,class62,0.345,0.173,DISCARD,low_score
62.396,1410,class39,0.598,0.299,DISCARD,low_score
62.396,1410,class45,0.533,0.267,DISCARD,low_score
62.396,1410,class41,0.461,0.231,DISCARD,low_score
62.396,1410,class62,0.295,0.148,DISCARD,low_score
62.48,1412,class45,0.479,0.239,DISCARD,low_score
62.48,1412,class39,0.447,0.224,DISCARD,low_score
62.48,1412,class41,0.359,0.18,DISCARD,low_score
62.565,1414,class45,0.646,0.323,DISCARD,low_score
62.565,1414,class39,0.633,0.317,DISCARD,low_score
62.565,1414,class41,0.484,0.242,DISCARD,low_score
62.565,1414,class62,0.256,0.128,DISCARD,low_score
62.65,1416,class45,0.698,0.349,DISCARD,low_score
62.65,1416,class39,0.665,0.333,DISCARD,low_score
62.65,1416,class41,0.44,0.22,DISCARD,low_score
62.734,1418,class45,0.657,0.328,DISCARD,low_score
62.734,1418,class39,0.61,0.305,DISCARD,low_score
62.734,1418,class62,0.572,0.286,DISCARD,low_score
62.734,1418,class41,0.417,0.208,DISCARD,low_score
62.822,1420,class45,0.644,0.322,DISCARD,low_score
62.822,1420,class39,0.617,0.308,DISCARD,low_score
62.822,1420,class41,0.39,0.195,DISCARD,low_score
62.822,1420,class62,0.387,0.193,DISCARD,low_score
62.907,1422,class45,0.715,0.358,KEEP,priority+bandwidth_ok
62.907,1422,class62,0.577,0.289,DISCARD,low_score
62.907,1422,class41,0.482,0.241,DISCARD,low_score
62.907,1422,class39,0.43,0.215,DISCARD,low_score
62.992,1424,class39,0.686,0.343,DISCARD,low_score
62.992,1424,class62,0.635,0.318,DISCARD,low_score
62.992,1424,class45,0.632,0.316,DISCARD,low_score
62.992,1424,class77,0.417,0.208,DISCARD,low_score
63.077,1426,class45,0.63,0.315,DISCARD,low_score
63.077,1426,class39,0.619,0.309,DISCARD,low_score
63.077,1426,class39,0.514,0.257,DISCARD,low_score
63.077,1426,class77,0.5,0.25,DISCARD,low_score
63.077,1426,class41,0.488,0.244,DISCARD,low_score
63.077,1426,class62,0.308,0.154,DISCARD,low_score
63.163,1428,class45,0.689,0.345,DISCARD,low_score
63.163,1428,class39,0.336,0.168,DISCARD,low_score
63.163,1428,class41,0.286,0.143,DISCARD,low_score
63.248,1430,class45,0.714,0.357,KEEP,priority+bandwidth_ok
63.248,1430,class39,0.417,0.208,DISCARD,low_score
63.248,1430,class41,0.354,0.177,DISCARD,low_score
63.248,1430,class45,0.281,0.141,DISCARD,low_score
63.248,1430,class62,0.277,0.138,DISCARD,low_score
63.334,1432,class45,0.709,0.355,KEEP,priority+bandwidth_ok
63.334,1432,class39,0.672,0.336,DISCARD,low_score
63.334,1432,class45,0.434,0.217,DISCARD,low_score
63.334,1432,class41,0.272,0.136,DISCARD,low_score
63.334,1432,class39,0.267,0.134,DISCARD,low_score
63.334,1432,class77,0.258,0.129,DISCARD,low_score
63.422,1434,class45,0.779,0.389,KEEP,priority+bandwidth_ok
63.422,1434,class39,0.639,0.319,DISCARD,low_score
63.422,1434,class45,0.482,0.241,DISCARD,low_score
63.422,1434,class41,0.376,0.188,DISCARD,low_score
63.507,1436,class45,0.635,0.318,DISCARD,low_score
63.507,1436,class39,0.617,0.308,DISCARD,low_score
63.507,1436,class45,0.48,0.24,DISCARD,low_score
63.507,1436,class41,0.372,0.186,DISCARD,low_score
63.507,1436,class45,0.354,0.177,DISCARD,low_score
63.507,1436,class77,0.272,0.136,DISCARD,low_score
63.593,1438,class45,0.633,0.317,DISCARD,low_score
63.593,1438,class45,0.436,0.218,DISCARD,low_score
63.593,1438,class39,0.39,0.195,DISCARD,low_score
63.593,1438,class41,0.381,0.191,DISCARD,low_score
63.593,1438,class45,0.374,0.187,DISCARD,low_score
63.593,1438,class45,0.264,0.132,DISCARD,low_score
63.682,1440,class45,0.642,0.321,DISCARD,low_score
63.682,1440,class39,0.633,0.317,DISCARD,low_score
63.682,1440,class45,0.438,0.219,DISCARD,low_score
63.682,1440,class41,0.314,0.157,DISCARD,low_score
63.682,1440,class45,0.274,0.137,DISCARD,low_score
63.767,1442,class39,0.646,0.323,DISCARD,low_score
63.767,1442,class45,0.492,0.246,DISCARD,low_score
63.767,1442,class45,0.428,0.214,DISCARD,low_score
63.767,1442,class41,0.39,0.195,DISCARD,low_score
63.852,1444,class39,0.662,0.331,DISCARD,low_score
63.852,1444,class45,0.537,0.269,DISCARD,low_score
63.852,1444,class45,0.424,0.212,DISCARD,low_score
63.852,1444,class41,0.378,0.189,DISCARD,low_score
63.937,1446,class45,0.722,0.361,KEEP,priority+bandwidth_ok
63.937,1446,class45,0.635,0.318,DISCARD,low_score
63.937,1446,class39,0.527,0.264,DISCARD,low_score
63.937,1446,class41,0.272,0.136,DISCARD,low_score
64.025,1448,class39,0.608,0.304,DISCARD,low_score
64.025,1448,class45,0.589,0.294,DISCARD,low_score
64.025,1448,class45,0.432,0.216,DISCARD,low_score
64.025,1448,class41,0.358,0.179,DISCARD,low_score
64.11,1450,class45,0.606,0.303,DISCARD,low_score
64.11,1450,class39,0.572,0.286,DISCARD,low_score
64.11,1450,class45,0.35,0.175,DISCARD,low_score
64.11,1450,class41,0.275,0.138,DISCARD,low_score
64.196,1452,class45,0.646,0.323,DISCARD,low_score
64.196,1452,class45,0.556,0.278,DISCARD,low_score
64.196,1452,class39,0.541,0.27,DISCARD,low_score
64.196,1452,class39,0.461,0.231,DISCARD,low_score
64.28,1454,class39,0.615,0.308,DISCARD,low_score
64.28,1454,class45,0.556,0.278,DISCARD,low_score
64.28,1454,class45,0.496,0.248,DISCARD,low_score
64.28,1454,class45,0.343,0.172,DISCARD,low_score
64.28,1454,class41,0.326,0.163,DISCARD,low_score
64.365,1456,class45,0.686,0.343,DISCARD,low_score
64.365,1456,class45,0.637,0.319,DISCARD,low_score
64.365,1456,class39,0.593,0.296,DISCARD,low_score
64.365,1456,class41,0.438,0.219,DISCARD,low_score
64.45,1458,class39,0.591,0.295,DISCARD,low_score
64.45,1458,class45,0.587,0.293,DISCARD,low_score
64.45,1458,class41,0.543,0.271,DISCARD,low_score
64.45,1458,class45,0.535,0.268,DISCARD,low_score
64.45,1458,class45,0.413,0.207,DISCARD,low_score
64.45,1458,class45,0.275,0.138,DISCARD,low_score
64.535,1460,class45,0.679,0.34,DISCARD,low_score
64.535,1460,class39,0.657,0.328,DISCARD,low_score
64.535,1460,class45,0.595,0.297,DISCARD,low_score
64.535,1460,class45,0.363,0.181,DISCARD,low_score
64.535,1460,class41,0.299,0.15,DISCARD,low_score
64.62,1462,class45,0.719,0.359,KEEP,priority+bandwidth_ok
64.62,1462,class39,0.598,0.299,DISCARD,low_score
64.62,1462,class45,0.529,0.265,DISCARD,low_score
64.62,1462,class41,0.4,0.2,DISCARD,low_score
64.62,1462,class59,0.288,0.144,DISCARD,low_score
64.62,1462,class45,0.274,0.137,DISCARD,low_score
64.62,1462,class45,0.264,0.132,DISCARD,low_score
64.705,1464,class45,0.736,0.368,KEEP,priority+bandwidth_ok
64.705,1464,class39,0.593,0.296,DISCARD,low_score
64.705,1464,class45,0.553,0.276,DISCARD,low_score
64.705,1464,class41,0.385,0.192,DISCARD,low_score
64.705,1464,class45,0.28,0.14,DISCARD,low_score
64.789,1466,class45,0.676,0.338,DISCARD,low_score
64.789,1466,class39,0.622,0.311,DISCARD,low_score
64.789,1466,class41,0.541,0.27,DISCARD,low_score
64.789,1466,class45,0.525,0.263,DISCARD,low_score
64.789,1466,class45,0.272,0.136,DISCARD,low_score
64.874,1468,class45,0.784,0.392,KEEP,priority+bandwidth_ok
64.874,1468,class39,0.61,0.305,DISCARD,low_score
64.874,1468,class45,0.514,0.257,DISCARD,low_score
64.874,1468,class45,0.347,0.173,DISCARD,low_score
64.874,1468,class41,0.343,0.172,DISCARD,low_score
64.874,1468,class45,0.283,0.141,DISCARD,low_score
64.959,1470,class45,0.761,0.38,KEEP,priority+bandwidth_ok
64.959,1470,class45,0.662,0.331,DISCARD,low_score
64.959,1470,class41,0.587,0.293,DISCARD,low_score
64.959,1470,class39,0.562,0.281,DISCARD,low_score
65.045,1472,class45,0.696,0.348,DISCARD,low_score
65.045,1472,class45,0.664,0.332,DISCARD,low_score
65.045,1472,class39,0.635,0.318,DISCARD,low_score
65.045,1472,class45,0.508,0.254,DISCARD,low_score
65.131,1474,class45,0.683,0.341,DISCARD,low_score
65.131,1474,class45,0.681,0.34,DISCARD,low_score
65.131,1474,class39,0.615,0.308,DISCARD,low_score
65.131,1474,class45,0.376,0.188,DISCARD,low_score
65.131,1474,class41,0.359,0.18,DISCARD,low_score
65.131,1474,class45,0.342,0.171,DISCARD,low_score
65.131,1474,class45,0.275,0.138,DISCARD,low_score
65.216,1476,class45,0.701,0.35,KEEP,priority+bandwidth_ok
65.216,1476,class45,0.684,0.342,DISCARD,low_score
65.216,1476,class39,0.664,0.332,DISCARD,low_score
65.216,1476,class45,0.446,0.223,DISCARD,low_score
65.216,1476,class45,0.398,0.199,DISCARD,low_score
65.216,1476,class45,0.251,0.125,DISCARD,low_score
65.301,1478,class45,0.63,0.315,DISCARD,low_score
65.301,1478,class39,0.61,0.305,DISCARD,low_score
65.301,1478,class45,0.521,0.261,DISCARD,low_score
65.301,1478,class45,0.261,0.131,DISCARD,low_score
65.386,1480,class45,0.753,0.377,KEEP,priority+bandwidth_ok
65.386,1480,class39,0.749,0.375,KEEP,priority+bandwidth_ok
65.386,1480,class45,0.617,0.308,DISCARD,low_score
65.386,1480,class45,0.342,0.171,DISCARD,low_score
65.386,1480,class41,0.342,0.171,DISCARD,low_score
65.386,1480,class57,0.296,0.148,DISCARD,low_score
65.48,1482,class39,0.693,0.346,DISCARD,low_score
65.48,1482,class45,0.667,0.334,DISCARD,low_score
65.48,1482,class45,0.581,0.291,DISCARD,low_score
65.48,1482,class57,0.545,0.272,DISCARD,low_score
65.48,1482,class45,0.484,0.242,DISCARD,low_score
65.48,1482,class45,0.413,0.207,DISCARD,low_score
65.565,1484,class39,0.712,0.356,KEEP,priority+bandwidth_ok
65.565,1484,class45,0.704,0.352,KEEP,priority+bandwidth_ok
65.565,1484,class45,0.686,0.343,DISCARD,low_score
65.565,1484,class45,0.549,0.274,DISCARD,low_score
65.565,1484,class57,0.5,0.25,DISCARD,low_score
65.565,1484,class45,0.413,0.207,DISCARD,low_score
65.65,1486,class39,0.715,0.358,KEEP,priority+bandwidth_ok
65.65,1486,class45,0.711,0.355,KEEP,priority+bandwidth_ok
65.65,1486,class45,0.626,0.313,DISCARD,low_score
65.65,1486,class57,0.539,0.269,DISCARD,low_score
65.65,1486,class45,0.43,0.215,DISCARD,low_score
65.734,1488,class45,0.693,0.346,DISCARD,low_score
65.734,1488,class45,0.66,0.33,DISCARD,low_score
65.734,1488,class57,0.579,0.29,DISCARD,low_score
65.734,1488,class39,0.527,0.264,DISCARD,low_score
65.734,1488,class59,0.518,0.259,DISCARD,low_score
65.734,1488,class45,0.413,0.207,DISCARD,low_score
65.734,1488,class41,0.354,0.177,DISCARD,low_score
65.734,1488,class39,0.266,0.133,DISCARD,low_score
65.819,1490,class59,0.714,0.357,KEEP,priority+bandwidth_ok
65.819,1490,class45,0.709,0.355,KEEP,priority+bandwidth_ok
65.819,1490,class45,0.679,0.34,DISCARD,low_score
65.819,1490,class57,0.581,0.291,DISCARD,low_score
65.819,1490,class45,0.558,0.279,DISCARD,low_score
65.819,1490,class45,0.549,0.274,DISCARD,low_score
65.819,1490,class39,0.547,0.273,DISCARD,low_score
65.819,1490,class45,0.294,0.147,DISCARD,low_score
65.904,1492,class59,0.793,0.397,KEEP,priority+bandwidth_ok
65.904,1492,class45,0.74,0.37,KEEP,priority+bandwidth_ok
65.904,1492,class39,0.693,0.346,DISCARD,low_score
65.904,1492,class45,0.608,0.304,DISCARD,low_score
65.904,1492,class41,0.37,0.185,DISCARD,low_score
65.904,1492,class45,0.349,0.174,DISCARD,low_score
65.904,1492,class45,0.316,0.158,DISCARD,low_score
65.904,1492,class39,0.307,0.154,DISCARD,low_score
65.989,1494,class59,0.796,0.398,KEEP,priority+bandwidth_ok
65.989,1494,class45,0.759,0.38,KEEP,priority+bandwidth_ok
65.989,1494,class39,0.626,0.313,DISCARD,low_score
65.989,1494,class45,0.498,0.249,DISCARD,low_score
65.989,1494,class41,0.475,0.237,DISCARD,low_score
65.989,1494,class45,0.352,0.176,DISCARD,low_score
66.074,1496,class59,0.844,0.422,KEEP,priority+bandwidth_ok
66.074,1496,class45,0.736,0.368,KEEP,priority+bandwidth_ok
66.074,1496,class45,0.704,0.352,KEEP,priority+bandwidth_ok
66.074,1496,class39,0.691,0.345,DISCARD,low_score
66.16,1498,class59,0.835,0.418,KEEP,priority+bandwidth_ok
66.16,1498,class39,0.756,0.378,KEEP,priority+bandwidth_ok
66.16,1498,class45,0.674,0.337,DISCARD,low_score
66.16,1498,class45,0.658,0.329,DISCARD,low_score
66.16,1498,class45,0.549,0.274,DISCARD,low_score
66.16,1498,class41,0.363,0.181,DISCARD,low_score
66.16,1498,class45,0.251,0.125,DISCARD,low_score
66.248,1500,class59,0.819,0.409,KEEP,priority+bandwidth_ok
66.248,1500,class45,0.803,0.402,KEEP,priority+bandwidth_ok
66.248,1500,class45,0.66,0.33,DISCARD,low_score
66.248,1500,class45,0.484,0.242,DISCARD,low_score
66.248,1500,class39,0.467,0.233,DISCARD,low_score
66.248,1500,class41,0.442,0.221,DISCARD,low_score
66.248,1500,class45,0.302,0.151,DISCARD,low_score
66.333,1502,class59,0.84,0.42,KEEP,priority+bandwidth_ok
66.333,1502,class45,0.807,0.403,KEEP,priority+bandwidth_ok
66.333,1502,class45,0.657,0.328,DISCARD,low_score
66.333,1502,class39,0.633,0.317,DISCARD,low_score
66.333,1502,class41,0.564,0.282,DISCARD,low_score
66.333,1502,class45,0.333,0.166,DISCARD,low_score
66.418,1504,class45,0.854,0.427,KEEP,priority+bandwidth_ok
66.418,1504,class59,0.814,0.407,KEEP,priority+bandwidth_ok
66.418,1504,class45,0.758,0.379,KEEP,priority+bandwidth_ok
66.418,1504,class39,0.66,0.33,DISCARD,low_score
66.418,1504,class41,0.484,0.242,DISCARD,low_score
66.503,1506,class59,0.862,0.431,KEEP,priority+bandwidth_ok
66.503,1506,class45,0.766,0.383,KEEP,priority+bandwidth_ok
66.503,1506,class45,0.752,0.376,KEEP,priority+bandwidth_ok
66.503,1506,class39,0.595,0.297,DISCARD,low_score
66.503,1506,class45,0.361,0.181,DISCARD,low_score
66.503,1506,class39,0.277,0.138,DISCARD,low_score
66.588,1508,class59,0.768,0.384,KEEP,priority+bandwidth_ok
66.588,1508,class45,0.761,0.38,KEEP,priority+bandwidth_ok
66.588,1508,class45,0.681,0.34,DISCARD,low_score
66.588,1508,class39,0.608,0.304,DISCARD,low_score
66.588,1508,class41,0.469,0.234,DISCARD,low_score
66.672,1510,class45,0.821,0.411,KEEP,priority+bandwidth_ok
66.672,1510,class59,0.791,0.395,KEEP,priority+bandwidth_ok
66.672,1510,class45,0.674,0.337,DISCARD,low_score
66.672,1510,class39,0.564,0.282,DISCARD,low_score
66.672,1510,class41,0.309,0.155,DISCARD,low_score
66.672,1510,class41,0.294,0.147,DISCARD,low_score
66.757,1512,class45,0.814,0.407,KEEP,priority+bandwidth_ok
66.757,1512,class59,0.81,0.405,KEEP,priority+bandwidth_ok
66.757,1512,class45,0.637,0.319,DISCARD,low_score
66.757,1512,class39,0.628,0.314,DISCARD,low_score
66.757,1512,class41,0.266,0.133,DISCARD,low_score
66.845,1514,class59,0.807,0.403,KEEP,priority+bandwidth_ok
66.845,1514,class45,0.799,0.4,KEEP,priority+bandwidth_ok
66.845,1514,class45,0.684,0.342,DISCARD,low_score
66.845,1514,class39,0.572,0.286,DISCARD,low_score
66.845,1514,class41,0.37,0.185,DISCARD,low_score
66.845,1514,class41,0.297,0.149,DISCARD,low_score
66.93,1516,class45,0.799,0.4,KEEP,priority+bandwidth_ok
66.93,1516,class59,0.759,0.38,KEEP,priority+bandwidth_ok
66.93,1516,class39,0.739,0.369,KEEP,priority+bandwidth_ok
66.93,1516,class45,0.711,0.355,KEEP,priority+bandwidth_ok
66.93,1516,class41,0.407,0.204,DISCARD,low_score
66.93,1516,class45,0.307,0.154,DISCARD,low_score
66.93,1516,class41,0.285,0.142,DISCARD,low_score
67.014,1518,class45,0.816,0.408,KEEP,priority+bandwidth_ok
67.014,1518,class45,0.809,0.405,KEEP,priority+bandwidth_ok
67.014,1518,class59,0.746,0.373,KEEP,priority+bandwidth_ok
67.014,1518,class39,0.734,0.367,KEEP,priority+bandwidth_ok
67.014,1518,class45,0.34,0.17,DISCARD,low_score
67.014,1518,class41,0.264,0.132,DISCARD,low_score
67.099,1520,class45,0.807,0.403,KEEP,priority+bandwidth_ok
67.099,1520,class45,0.694,0.347,DISCARD,low_score
67.099,1520,class59,0.653,0.327,DISCARD,low_score
67.099,1520,class57,0.556,0.278,DISCARD,low_score
67.099,1520,class39,0.479,0.239,DISCARD,low_score
67.099,1520,class45,0.361,0.181,DISCARD,low_score
67.185,1522,class59,0.733,0.366,KEEP,priority+bandwidth_ok
67.185,1522,class45,0.728,0.364,KEEP,priority+bandwidth_ok
67.185,1522,class39,0.679,0.34,DISCARD,low_score
67.185,1522,class45,0.596,0.298,DISCARD,low_score
67.185,1522,class57,0.484,0.242,DISCARD,low_score
67.269,1524,class45,0.806,0.403,KEEP,priority+bandwidth_ok
67.269,1524,class59,0.794,0.397,KEEP,priority+bandwidth_ok
67.269,1524,class39,0.693,0.346,DISCARD,low_score
67.269,1524,class45,0.628,0.314,DISCARD,low_score
67.354,1526,class59,0.844,0.422,KEEP,priority+bandwidth_ok
67.354,1526,class45,0.715,0.358,KEEP,priority+bandwidth_ok
67.354,1526,class45,0.615,0.308,DISCARD,low_score
67.354,1526,class39,0.52,0.26,DISCARD,low_score
67.354,1526,class41,0.512,0.256,DISCARD,low_score
67.354,1526,class45,0.426,0.213,DISCARD,low_score
67.354,1526,class16,0.291,0.145,DISCARD,low_score
67.439,1528,class57,0.756,0.378,KEEP,priority+bandwidth_ok
67.439,1528,class59,0.679,0.34,DISCARD,low_score
67.439,1528,class39,0.407,0.204,DISCARD,low_score
67.439,1528,class45,0.314,0.157,DISCARD,low_score
67.524,1530,class45,0.81,0.405,KEEP,priority+bandwidth_ok
67.524,1530,class59,0.703,0.351,KEEP,priority+bandwidth_ok
67.524,1530,class57,0.679,0.34,DISCARD,low_score
67.524,1530,class45,0.549,0.274,DISCARD,low_score
67.524,1530,class39,0.512,0.256,DISCARD,low_score
67.524,1530,class41,0.383,0.192,DISCARD,low_score
67.608,1532,class59,0.857,0.428,KEEP,priority+bandwidth_ok
67.608,1532,class45,0.843,0.421,KEEP,priority+bandwidth_ok
67.608,1532,class45,0.624,0.312,DISCARD,low_score
67.608,1532,class41,0.329,0.165,DISCARD,low_score
67.693,1534,class59,0.887,0.444,KEEP,priority+bandwidth_ok
67.693,1534,class45,0.733,0.366,KEEP,priority+bandwidth_ok
67.693,1534,class45,0.521,0.261,DISCARD,low_score
67.777,1536,class59,0.851,0.425,KEEP,priority+bandwidth_ok
67.777,1536,class45,0.688,0.344,DISCARD,low_score
67.777,1536,class45,0.626,0.313,DISCARD,low_score
67.777,1536,class45,0.374,0.187,DISCARD,low_score
67.777,1536,class16,0.258,0.129,DISCARD,low_score
67.863,1538,class45,0.633,0.317,DISCARD,low_score
67.863,1538,class59,0.614,0.307,DISCARD,low_score
67.863,1538,class45,0.494,0.247,DISCARD,low_score
67.948,1540,class59,0.797,0.398,KEEP,priority+bandwidth_ok
67.948,1540,class45,0.758,0.379,KEEP,priority+bandwidth_ok
67.948,1540,class45,0.514,0.257,DISCARD,low_score
67.948,1540,class16,0.392,0.196,DISCARD,low_score
68.032,1542,class59,0.671,0.335,DISCARD,low_score
68.032,1542,class45,0.662,0.331,DISCARD,low_score
68.032,1542,class45,0.457,0.229,DISCARD,low_score
68.116,1544,class45,0.761,0.38,KEEP,priority+bandwidth_ok
68.116,1544,class59,0.698,0.349,DISCARD,low_score
68.116,1544,class45,0.566,0.283,DISCARD,low_score
68.116,1544,class60,0.272,0.136,DISCARD,low_score
68.201,1546,class59,0.746,0.373,KEEP,priority+bandwidth_ok
68.201,1546,class45,0.679,0.34,DISCARD,low_score
68.201,1546,class45,0.591,0.295,DISCARD,low_score
68.201,1546,class60,0.335,0.167,DISCARD,low_score
68.286,1548,class45,0.78,0.39,KEEP,priority+bandwidth_ok
68.286,1548,class59,0.707,0.354,KEEP,priority+bandwidth_ok
68.286,1548,class45,0.593,0.296,DISCARD,low_score
68.286,1548,class60,0.305,0.152,DISCARD,low_score
68.286,1548,class45,0.251,0.125,DISCARD,low_score
68.37,1550,class59,0.804,0.402,KEEP,priority+bandwidth_ok
68.37,1550,class45,0.554,0.277,DISCARD,low_score
68.37,1550,class60,0.31,0.155,DISCARD,low_score
68.37,1550,class45,0.309,0.155,DISCARD,low_score
68.37,1550,class45,0.306,0.153,DISCARD,low_score
68.459,1552,class59,0.595,0.297,DISCARD,low_score
68.459,1552,class45,0.579,0.29,DISCARD,low_score
68.459,1552,class45,0.504,0.252,DISCARD,low_score
68.459,1552,class56,0.457,0.229,DISCARD,low_score
68.459,1552,class60,0.431,0.216,DISCARD,low_score
68.459,1552,class16,0.419,0.209,DISCARD,low_score
68.459,1552,class41,0.309,0.155,DISCARD,low_score
68.544,1554,class59,0.854,0.427,KEEP,priority+bandwidth_ok
68.544,1554,class45,0.667,0.334,DISCARD,low_score
68.544,1554,class56,0.475,0.237,DISCARD,low_score
68.544,1554,class60,0.455,0.228,DISCARD,low_score
68.628,1556,class59,0.602,0.301,DISCARD,low_score
68.628,1556,class45,0.494,0.247,DISCARD,low_score
68.628,1556,class45,0.381,0.191,DISCARD,low_score
68.628,1556,class56,0.367,0.184,DISCARD,low_score
68.628,1556,class60,0.329,0.164,DISCARD,low_score
68.713,1558,class56,0.626,0.313,DISCARD,low_score
68.713,1558,class45,0.488,0.244,DISCARD,low_score
68.713,1558,class60,0.376,0.188,DISCARD,low_score
68.797,1560,class59,0.677,0.339,DISCARD,low_score
68.797,1560,class56,0.486,0.243,DISCARD,low_score
68.797,1560,class41,0.383,0.192,DISCARD,low_score
68.797,1560,class60,0.257,0.128,DISCARD,low_score
68.882,1562,class60,0.384,0.192,DISCARD,low_score
68.882,1562,class56,0.329,0.164,DISCARD,low_score
68.882,1562,class45,0.309,0.155,DISCARD,low_score
68.966,1564,class56,0.677,0.339,DISCARD,low_score
68.966,1564,class59,0.442,0.221,DISCARD,low_score
68.966,1564,class45,0.43,0.215,DISCARD,low_score
68.966,1564,class60,0.264,0.132,DISCARD,low_score
69.054,1566,class59,0.541,0.27,DISCARD,low_score
69.054,1566,class56,0.494,0.247,DISCARD,low_score
69.054,1566,class56,0.401,0.2,DISCARD,low_score
69.054,1566,class45,0.345,0.173,DISCARD,low_score
69.139,1568,class59,0.466,0.233,DISCARD,low_score
69.139,1568,class56,0.358,0.179,DISCARD,low_score
69.139,1568,class56,0.35,0.175,DISCARD,low_score
69.139,1568,class45,0.307,0.154,DISCARD,low_score
69.139,1568,class59,0.266,0.133,DISCARD,low_score
69.224,1570,class59,0.689,0.345,DISCARD,low_score
69.224,1570,class56,0.615,0.308,DISCARD,low_score
69.224,1570,class56,0.564,0.282,DISCARD,low_score
69.224,1570,class45,0.498,0.249,DISCARD,low_score
69.308,1572,class59,0.765,0.382,KEEP,priority+bandwidth_ok
69.308,1572,class45,0.604,0.302,DISCARD,low_score
69.308,1572,class56,0.529,0.265,DISCARD,low_score
69.308,1572,class16,0.506,0.253,DISCARD,low_score
69.308,1572,class56,0.405,0.203,DISCARD,low_score
69.393,1574,class59,0.476,0.238,DISCARD,low_score
69.393,1574,class56,0.303,0.152,DISCARD,low_score
69.479,1576,class59,0.453,0.227,DISCARD,low_score
69.479,1576,class56,0.341,0.17,DISCARD,low_score
69.564,1578,class59,0.822,0.411,KEEP,priority+bandwidth_ok
69.564,1578,class41,0.385,0.192,DISCARD,low_score
69.648,1580,class59,0.731,0.366,KEEP,priority+bandwidth_ok
69.731,1582,class59,0.848,0.424,KEEP,priority+bandwidth_ok
69.815,1584,class59,0.779,0.389,KEEP,priority+bandwidth_ok
69.815,1584,class15,0.27,0.135,DISCARD,low_score
69.899,1586,class59,0.749,0.375,KEEP,priority+bandwidth_ok
69.982,1588,class59,0.669,0.334,DISCARD,low_score
70.07,1590,class45,0.783,0.391,KEEP,priority+bandwidth_ok
70.07,1590,class45,0.761,0.38,KEEP,priority+bandwidth_ok
70.07,1590,class59,0.676,0.338,DISCARD,low_score
70.07,1590,class57,0.447,0.224,DISCARD,low_score
70.07,1590,class60,0.277,0.138,DISCARD,low_score
70.07,1590,class41,0.264,0.132,DISCARD,low_score
70.156,1592,class45,0.789,0.395,KEEP,priority+bandwidth_ok
70.156,1592,class59,0.72,0.36,KEEP,priority+bandwidth_ok
70.156,1592,class45,0.591,0.295,DISCARD,low_score
70.156,1592,class57,0.543,0.271,DISCARD,low_score
70.156,1592,class41,0.465,0.232,DISCARD,low_score
70.156,1592,class16,0.254,0.127,DISCARD,low_score
70.241,1594,class59,0.87,0.435,KEEP,priority+bandwidth_ok
70.241,1594,class45,0.756,0.378,KEEP,priority+bandwidth_ok
70.241,1594,class45,0.595,0.297,DISCARD,low_score
70.241,1594,class57,0.547,0.273,DISCARD,low_score
70.241,1594,class45,0.319,0.16,DISCARD,low_score
70.241,1594,class41,0.312,0.156,DISCARD,low_score
70.325,1596,class59,0.862,0.431,KEEP,priority+bandwidth_ok
70.325,1596,class45,0.838,0.419,KEEP,priority+bandwidth_ok
70.325,1596,class45,0.658,0.329,DISCARD,low_score
70.325,1596,class16,0.309,0.155,DISCARD,low_score
70.325,1596,class45,0.285,0.142,DISCARD,low_score
70.41,1598,class59,0.834,0.417,KEEP,priority+bandwidth_ok
70.41,1598,class45,0.821,0.411,KEEP,priority+bandwidth_ok
70.41,1598,class45,0.657,0.328,DISCARD,low_score
70.501,1600,class59,0.819,0.409,KEEP,priority+bandwidth_ok
70.501,1600,class45,0.779,0.389,KEEP,priority+bandwidth_ok
70.501,1600,class45,0.73,0.365,KEEP,priority+bandwidth_ok
70.586,1602,class59,0.849,0.424,KEEP,priority+bandwidth_ok
70.586,1602,class45,0.787,0.393,KEEP,priority+bandwidth_ok
70.586,1602,class45,0.664,0.332,DISCARD,low_score
70.67,1604,class59,0.743,0.372,KEEP,priority+bandwidth_ok
70.67,1604,class57,0.508,0.254,DISCARD,low_score
70.67,1604,class45,0.396,0.198,DISCARD,low_score
70.67,1604,class45,0.294,0.147,DISCARD,low_score
70.755,1606,class59,0.891,0.446,KEEP,priority+bandwidth_ok
70.755,1606,class45,0.477,0.238,DISCARD,low_score
70.755,1606,class45,0.453,0.227,DISCARD,low_score
70.839,1608,class59,0.85,0.425,KEEP,priority+bandwidth_ok
70.839,1608,class45,0.361,0.181,DISCARD,low_score
70.839,1608,class45,0.266,0.133,DISCARD,low_score
70.839,1608,class73,0.251,0.125,DISCARD,low_score
70.924,1610,class59,0.893,0.447,KEEP,priority+bandwidth_ok
70.924,1610,class45,0.407,0.204,DISCARD,low_score
70.924,1610,class57,0.367,0.183,DISCARD,low_score
70.924,1610,class45,0.307,0.154,DISCARD,low_score
71.009,1612,class59,0.812,0.406,KEEP,priority+bandwidth_ok
71.009,1612,class57,0.514,0.257,DISCARD,low_score
71.009,1612,class45,0.461,0.231,DISCARD,low_score
71.009,1612,class45,0.44,0.22,DISCARD,low_score
71.009,1612,class16,0.293,0.147,DISCARD,low_score
71.093,1614,class59,0.804,0.402,KEEP,priority+bandwidth_ok
71.093,1614,class16,0.432,0.216,DISCARD,low_score
71.093,1614,class57,0.368,0.184,DISCARD,low_score
71.093,1614,class45,0.311,0.155,DISCARD,low_score
71.179,1616,class59,0.814,0.407,KEEP,priority+bandwidth_ok
71.179,1616,class16,0.488,0.244,DISCARD,low_score
71.179,1616,class45,0.417,0.208,DISCARD,low_score
71.264,1618,class59,0.843,0.421,KEEP,priority+bandwidth_ok
71.264,1618,class15,0.502,0.251,DISCARD,low_score
71.264,1618,class57,0.446,0.223,DISCARD,low_score
71.264,1618,class45,0.285,0.142,DISCARD,low_score
71.264,1618,class73,0.257,0.128,DISCARD,low_score
71.353,1620,class59,0.843,0.421,KEEP,priority+bandwidth_ok
71.353,1620,class16,0.329,0.164,DISCARD,low_score
71.353,1620,class73,0.319,0.16,DISCARD,low_score
71.353,1620,class15,0.27,0.135,DISCARD,low_score
71.437,1622,class59,0.893,0.447,KEEP,priority+bandwidth_ok
71.437,1622,class45,0.494,0.247,DISCARD,low_score
71.437,1622,class16,0.255,0.128,DISCARD,low_score
71.521,1624,class59,0.888,0.444,KEEP,priority+bandwidth_ok
71.521,1624,class16,0.359,0.18,DISCARD,low_score
71.521,1624,class15,0.351,0.176,DISCARD,low_score
71.521,1624,class45,0.345,0.173,DISCARD,low_score
71.606,1626,class59,0.88,0.44,KEEP,priority+bandwidth_ok
71.606,1626,class16,0.506,0.253,DISCARD,low_score
71.69,1628,class59,0.884,0.442,KEEP,priority+bandwidth_ok
71.69,1628,class16,0.633,0.317,DISCARD,low_score
71.774,1630,class59,0.868,0.434,KEEP,priority+bandwidth_ok
71.774,1630,class16,0.65,0.325,DISCARD,low_score
71.774,1630,class73,0.316,0.158,DISCARD,low_score
71.859,1632,class59,0.888,0.444,KEEP,priority+bandwidth_ok
71.859,1632,class16,0.43,0.215,DISCARD,low_score
71.859,1632,class73,0.26,0.13,DISCARD,low_score
71.943,1634,class59,0.916,0.458,KEEP,priority+bandwidth_ok
71.943,1634,class16,0.648,0.324,DISCARD,low_score
72.027,1636,class59,0.885,0.442,KEEP,priority+bandwidth_ok
72.027,1636,class16,0.453,0.227,DISCARD,low_score
72.112,1638,class59,0.891,0.446,KEEP,priority+bandwidth_ok
72.112,1638,class16,0.498,0.249,DISCARD,low_score
72.197,1640,class59,0.87,0.435,KEEP,priority+bandwidth_ok
72.197,1640,class16,0.698,0.349,DISCARD,low_score
72.197,1640,class57,0.421,0.21,DISCARD,low_score
72.197,1640,class60,0.288,0.144,DISCARD,low_score
72.284,1642,class59,0.887,0.444,KEEP,priority+bandwidth_ok
72.284,1642,class16,0.725,0.362,KEEP,priority+bandwidth_ok
72.284,1642,class60,0.359,0.18,DISCARD,low_score
72.369,1644,class59,0.885,0.442,KEEP,priority+bandwidth_ok
72.369,1644,class16,0.808,0.404,KEEP,priority+bandwidth_ok
72.369,1644,class60,0.256,0.128,DISCARD,low_score
72.454,1646,class59,0.878,0.439,KEEP,priority+bandwidth_ok
72.454,1646,class16,0.826,0.413,KEEP,priority+bandwidth_ok
72.538,1648,class59,0.871,0.435,KEEP,priority+bandwidth_ok
72.538,1648,class16,0.789,0.395,KEEP,priority+bandwidth_ok
72.538,1648,class60,0.307,0.154,DISCARD,low_score
72.622,1650,class59,0.709,0.355,KEEP,priority+bandwidth_ok
72.622,1650,class16,0.665,0.333,DISCARD,low_score
72.622,1650,class60,0.31,0.155,DISCARD,low_score
72.707,1652,class16,0.874,0.437,KEEP,priority+bandwidth_ok
72.707,1652,class59,0.796,0.398,KEEP,priority+bandwidth_ok
72.707,1652,class60,0.289,0.145,DISCARD,low_score
72.707,1652,class57,0.268,0.134,DISCARD,low_score
72.791,1654,class16,0.839,0.419,KEEP,priority+bandwidth_ok
72.791,1654,class59,0.815,0.408,KEEP,priority+bandwidth_ok
72.791,1654,class56,0.307,0.153,DISCARD,low_score
72.878,1656,class59,0.792,0.396,KEEP,priority+bandwidth_ok
72.878,1656,class16,0.693,0.346,DISCARD,low_score
72.962,1658,class59,0.816,0.408,KEEP,priority+bandwidth_ok
72.962,1658,class16,0.807,0.403,KEEP,priority+bandwidth_ok
72.962,1658,class56,0.328,0.164,DISCARD,low_score
73.047,1660,class16,0.833,0.417,KEEP,priority+bandwidth_ok
73.047,1660,class59,0.812,0.406,KEEP,priority+bandwidth_ok
73.132,1662,class59,0.874,0.437,KEEP,priority+bandwidth_ok
73.132,1662,class16,0.726,0.363,KEEP,priority+bandwidth_ok
73.217,1664,class16,0.903,0.451,KEEP,priority+bandwidth_ok
73.217,1664,class59,0.753,0.377,KEEP,priority+bandwidth_ok
73.217,1664,class56,0.259,0.13,DISCARD,low_score
73.304,1666,class16,0.89,0.445,KEEP,priority+bandwidth_ok
73.304,1666,class59,0.787,0.393,KEEP,priority+bandwidth_ok
73.304,1666,class56,0.471,0.235,DISCARD,low_score
73.389,1668,class16,0.82,0.41,KEEP,priority+bandwidth_ok
73.389,1668,class59,0.802,0.401,KEEP,priority+bandwidth_ok
73.389,1668,class56,0.504,0.252,DISCARD,low_score
73.474,1670,class16,0.776,0.388,KEEP,priority+bandwidth_ok
73.474,1670,class59,0.776,0.388,KEEP,priority+bandwidth_ok
73.474,1670,class56,0.496,0.248,DISCARD,low_score
73.558,1672,class16,0.779,0.389,KEEP,priority+bandwidth_ok
73.558,1672,class59,0.769,0.385,KEEP,priority+bandwidth_ok
73.558,1672,class56,0.44,0.22,DISCARD,low_score
73.642,1674,class16,0.794,0.397,KEEP,priority+bandwidth_ok
73.642,1674,class59,0.78,0.39,KEEP,priority+bandwidth_ok
73.726,1676,class16,0.835,0.418,KEEP,priority+bandwidth_ok
73.726,1676,class59,0.711,0.355,KEEP,priority+bandwidth_ok
73.81,1678,class16,0.832,0.416,KEEP,priority+bandwidth_ok
73.81,1678,class59,0.576,0.288,DISCARD,low_score
73.899,1680,class16,0.881,0.44,KEEP,priority+bandwidth_ok
73.899,1680,class59,0.57,0.285,DISCARD,low_score
73.983,1682,class16,0.868,0.434,KEEP,priority+bandwidth_ok
73.983,1682,class59,0.558,0.279,DISCARD,low_score
74.066,1684,class16,0.876,0.438,KEEP,priority+bandwidth_ok
74.066,1684,class59,0.664,0.332,DISCARD,low_score
74.151,1686,class16,0.873,0.437,KEEP,priority+bandwidth_ok
74.151,1686,class59,0.63,0.315,DISCARD,low_score
74.235,1688,class16,0.86,0.43,KEEP,priority+bandwidth_ok
74.235,1688,class59,0.628,0.314,DISCARD,low_score
74.319,1690,class16,0.882,0.441,KEEP,priority+bandwidth_ok
74.319,1690,class59,0.658,0.329,DISCARD,low_score
74.403,1692,class16,0.865,0.433,KEEP,priority+bandwidth_ok
74.403,1692,class59,0.554,0.277,DISCARD,low_score
74.49,1694,class16,0.878,0.439,KEEP,priority+bandwidth_ok
74.49,1694,class59,0.681,0.34,DISCARD,low_score
74.49,1694,class57,0.264,0.132,DISCARD,low_score
74.574,1696,class16,0.863,0.432,KEEP,priority+bandwidth_ok
74.574,1696,class59,0.66,0.33,DISCARD,low_score
74.658,1698,class16,0.871,0.435,KEEP,priority+bandwidth_ok
74.658,1698,class59,0.749,0.375,KEEP,priority+bandwidth_ok
74.742,1700,class16,0.846,0.423,KEEP,priority+bandwidth_ok
74.742,1700,class59,0.797,0.398,KEEP,priority+bandwidth_ok
74.742,1700,class57,0.288,0.144,DISCARD,low_score
74.826,1702,class59,0.877,0.438,KEEP,priority+bandwidth_ok
74.826,1702,class16,0.874,0.437,KEEP,priority+bandwidth_ok
74.912,1704,class16,0.867,0.434,KEEP,priority+bandwidth_ok
74.912,1704,class59,0.83,0.415,KEEP,priority+bandwidth_ok
74.996,1706,class16,0.885,0.442,KEEP,priority+bandwidth_ok
74.996,1706,class59,0.753,0.377,KEEP,priority+bandwidth_ok
75.081,1708,class16,0.885,0.442,KEEP,priority+bandwidth_ok
75.081,1708,class59,0.748,0.374,KEEP,priority+bandwidth_ok
75.165,1710,class16,0.861,0.43,KEEP,priority+bandwidth_ok
75.165,1710,class59,0.799,0.4,KEEP,priority+bandwidth_ok
75.249,1712,class16,0.886,0.443,KEEP,priority+bandwidth_ok
75.249,1712,class59,0.775,0.387,KEEP,priority+bandwidth_ok
75.333,1714,class16,0.895,0.447,KEEP,priority+bandwidth_ok
75.333,1714,class59,0.691,0.345,DISCARD,low_score
75.417,1716,class16,0.909,0.455,KEEP,priority+bandwidth_ok
75.417,1716,class59,0.644,0.322,DISCARD,low_score
75.508,1718,class16,0.871,0.435,KEEP,priority+bandwidth_ok
75.508,1718,class59,0.698,0.349,DISCARD,low_score
75.592,1720,class16,0.874,0.437,KEEP,priority+bandwidth_ok
75.592,1720,class59,0.628,0.314,DISCARD,low_score
75.676,1722,class16,0.869,0.434,KEEP,priority+bandwidth_ok
75.676,1722,class59,0.56,0.28,DISCARD,low_score
75.76,1724,class16,0.861,0.43,KEEP,priority+bandwidth_ok
75.76,1724,class59,0.518,0.259,DISCARD,low_score
75.76,1724,class57,0.342,0.171,DISCARD,low_score
75.844,1726,class16,0.862,0.431,KEEP,priority+bandwidth_ok
75.844,1726,class59,0.507,0.253,DISCARD,low_score
75.928,1728,class16,0.711,0.355,KEEP,priority+bandwidth_ok
75.928,1728,class59,0.399,0.199,DISCARD,low_score
75.928,1728,class57,0.303,0.152,DISCARD,low_score
76.012,1730,class16,0.873,0.437,KEEP,priority+bandwidth_ok
76.098,1732,class16,0.717,0.359,KEEP,priority+bandwidth_ok
76.098,1732,class15,0.27,0.135,DISCARD,low_score
76.183,1734,class16,0.852,0.426,KEEP,priority+bandwidth_ok
76.183,1734,class57,0.258,0.129,DISCARD,low_score
76.266,1736,class16,0.587,0.293,DISCARD,low_score
76.266,1736,class57,0.267,0.133,DISCARD,low_score
76.35,1738,class16,0.84,0.42,KEEP,priority+bandwidth_ok
76.434,1740,class16,0.428,0.214,DISCARD,low_score
76.434,1740,class17,0.317,0.159,DISCARD,low_score
76.518,1742,class16,0.912,0.456,KEEP,priority+bandwidth_ok
76.602,1744,class16,0.87,0.435,KEEP,priority+bandwidth_ok
76.686,1746,class16,0.886,0.443,KEEP,priority+bandwidth_ok
76.77,1748,class16,0.762,0.381,KEEP,priority+bandwidth_ok
76.854,1750,class16,0.882,0.441,KEEP,priority+bandwidth_ok
76.938,1752,class16,0.916,0.458,KEEP,priority+bandwidth_ok
77.021,1754,class16,0.909,0.455,KEEP,priority+bandwidth_ok
77.108,1756,class16,0.903,0.451,KEEP,priority+bandwidth_ok
77.193,1758,class16,0.776,0.388,KEEP,priority+bandwidth_ok
77.277,1760,class16,0.878,0.439,KEEP,priority+bandwidth_ok
77.36,1762,class16,0.709,0.355,KEEP,priority+bandwidth_ok
77.36,1762,class21,0.374,0.187,DISCARD,low_score
77.444,1764,class16,0.893,0.447,KEEP,priority+bandwidth_ok
77.528,1766,class16,0.904,0.452,KEEP,priority+bandwidth_ok
77.528,1766,class57,0.436,0.218,DISCARD,low_score
77.612,1768,class16,0.905,0.452,KEEP,priority+bandwidth_ok
77.612,1768,class59,0.446,0.223,DISCARD,low_score
77.612,1768,class57,0.402,0.201,DISCARD,low_score
77.696,1770,class16,0.909,0.455,KEEP,priority+bandwidth_ok
77.696,1770,class59,0.288,0.144,DISCARD,low_score
77.78,1772,class16,0.894,0.447,KEEP,priority+bandwidth_ok
77.863,1774,class16,0.916,0.458,KEEP,priority+bandwidth_ok
77.863,1774,class59,0.45,0.225,DISCARD,low_score
77.947,1776,class16,0.91,0.455,KEEP,priority+bandwidth_ok
77.947,1776,class59,0.525,0.263,DISCARD,low_score
78.031,1778,class16,0.896,0.448,KEEP,priority+bandwidth_ok
78.031,1778,class59,0.61,0.305,DISCARD,low_score
78.031,1778,class57,0.268,0.134,DISCARD,low_score
78.117,1780,class16,0.899,0.45,KEEP,priority+bandwidth_ok
78.117,1780,class59,0.785,0.393,KEEP,priority+bandwidth_ok
78.202,1782,class16,0.905,0.453,KEEP,priority+bandwidth_ok
78.202,1782,class59,0.829,0.414,KEEP,priority+bandwidth_ok
78.286,1784,class16,0.927,0.464,KEEP,priority+bandwidth_ok
78.286,1784,class59,0.818,0.409,KEEP,priority+bandwidth_ok
78.37,1786,class16,0.917,0.459,KEEP,priority+bandwidth_ok
78.37,1786,class59,0.686,0.343,DISCARD,low_score
78.454,1788,class16,0.91,0.455,KEEP,priority+bandwidth_ok
78.454,1788,class59,0.628,0.314,DISCARD,low_score
78.538,1790,class16,0.903,0.451,KEEP,priority+bandwidth_ok
78.538,1790,class59,0.6,0.3,DISCARD,low_score
78.621,1792,class16,0.917,0.459,KEEP,priority+bandwidth_ok
78.621,1792,class59,0.701,0.35,KEEP,priority+bandwidth_ok
78.705,1794,class16,0.909,0.454,KEEP,priority+bandwidth_ok
78.705,1794,class59,0.722,0.361,KEEP,priority+bandwidth_ok
78.789,1796,class16,0.915,0.457,KEEP,priority+bandwidth_ok
78.789,1796,class59,0.642,0.321,DISCARD,low_score
78.873,1798,class16,0.918,0.459,KEEP,priority+bandwidth_ok
78.873,1798,class59,0.719,0.359,KEEP,priority+bandwidth_ok
78.957,1800,class16,0.909,0.454,KEEP,priority+bandwidth_ok
78.957,1800,class59,0.669,0.334,DISCARD,low_score
79.04,1802,class16,0.903,0.451,KEEP,priority+bandwidth_ok
79.04,1802,class59,0.651,0.326,DISCARD,low_score
79.125,1804,class16,0.888,0.444,KEEP,priority+bandwidth_ok
79.125,1804,class59,0.577,0.288,DISCARD,low_score
79.125,1804,class57,0.277,0.138,DISCARD,low_score
79.209,1806,class16,0.901,0.45,KEEP,priority+bandwidth_ok
79.209,1806,class59,0.646,0.323,DISCARD,low_score
79.293,1808,class16,0.896,0.448,KEEP,priority+bandwidth_ok
79.293,1808,class59,0.494,0.247,DISCARD,low_score
79.377,1810,class16,0.907,0.453,KEEP,priority+bandwidth_ok
79.377,1810,class59,0.65,0.325,DISCARD,low_score
79.461,1812,class16,0.899,0.45,KEEP,priority+bandwidth_ok
79.461,1812,class59,0.689,0.345,DISCARD,low_score
79.546,1814,class16,0.898,0.449,KEEP,priority+bandwidth_ok
79.546,1814,class59,0.53,0.265,DISCARD,low_score
79.63,1816,class16,0.905,0.453,KEEP,priority+bandwidth_ok
79.63,1816,class59,0.655,0.327,DISCARD,low_score
79.713,1818,class16,0.921,0.461,KEEP,priority+bandwidth_ok
79.713,1818,class59,0.544,0.272,DISCARD,low_score
79.797,1820,class16,0.864,0.432,KEEP,priority+bandwidth_ok
79.797,1820,class59,0.701,0.35,KEEP,priority+bandwidth_ok
79.881,1822,class16,0.876,0.438,KEEP,priority+bandwidth_ok
79.881,1822,class59,0.689,0.345,DISCARD,low_score
79.881,1822,class56,0.5,0.25,DISCARD,low_score
79.965,1824,class16,0.852,0.426,KEEP,priority+bandwidth_ok
79.965,1824,class56,0.703,0.351,KEEP,priority+bandwidth_ok
79.965,1824,class59,0.681,0.34,DISCARD,low_score
80.05,1826,class16,0.893,0.446,KEEP,priority+bandwidth_ok
80.05,1826,class56,0.749,0.375,KEEP,priority+bandwidth_ok
80.05,1826,class59,0.471,0.235,DISCARD,low_score
80.139,1828,class16,0.883,0.442,KEEP,priority+bandwidth_ok
80.139,1828,class56,0.769,0.385,KEEP,priority+bandwidth_ok
80.139,1828,class59,0.639,0.319,DISCARD,low_score
80.224,1830,class16,0.846,0.423,KEEP,priority+bandwidth_ok
80.224,1830,class59,0.769,0.385,KEEP,priority+bandwidth_ok
80.224,1830,class56,0.449,0.225,DISCARD,low_score
80.224,1830,class57,0.419,0.209,DISCARD,low_score
80.31,1832,class16,0.734,0.367,KEEP,priority+bandwidth_ok
80.31,1832,class59,0.529,0.265,DISCARD,low_score
80.31,1832,class56,0.469,0.234,DISCARD,low_score
80.395,1834,class16,0.862,0.431,KEEP,priority+bandwidth_ok
80.395,1834,class59,0.633,0.317,DISCARD,low_score
80.395,1834,class56,0.308,0.154,DISCARD,low_score
80.483,1836,class16,0.886,0.443,KEEP,priority+bandwidth_ok
80.483,1836,class56,0.804,0.402,KEEP,priority+bandwidth_ok
80.483,1836,class56,0.469,0.234,DISCARD,low_score
80.568,1838,class16,0.728,0.364,KEEP,priority+bandwidth_ok
80.568,1838,class56,0.717,0.359,KEEP,priority+bandwidth_ok
80.568,1838,class56,0.34,0.17,DISCARD,low_score
80.568,1838,class59,0.258,0.129,DISCARD,low_score
80.652,1840,class16,0.739,0.369,KEEP,priority+bandwidth_ok
80.652,1840,class15,0.4,0.2,DISCARD,low_score
80.652,1840,class45,0.368,0.184,DISCARD,low_score
80.652,1840,class56,0.36,0.18,DISCARD,low_score
80.652,1840,class57,0.32,0.16,DISCARD,low_score
80.652,1840,class56,0.281,0.141,DISCARD,low_score
80.652,1840,class15,0.261,0.13,DISCARD,low_score
80.652,1840,class56,0.255,0.127,DISCARD,low_score
80.743,1842,class16,0.835,0.418,KEEP,priority+bandwidth_ok
80.743,1842,class0,0.595,0.298,DISCARD,low_score
80.743,1842,class56,0.553,0.276,DISCARD,low_score
80.743,1842,class57,0.329,0.164,DISCARD,low_score
80.743,1842,class15,0.258,0.129,DISCARD,low_score
80.827,1844,class56,0.72,0.36,KEEP,priority+bandwidth_ok
80.827,1844,class16,0.621,0.31,DISCARD,low_score
80.827,1844,class56,0.451,0.226,DISCARD,low_score
80.827,1844,class57,0.335,0.167,DISCARD,low_score
80.827,1844,class56,0.297,0.149,DISCARD,low_score
80.913,1846,class16,0.784,0.392,KEEP,priority+bandwidth_ok
80.913,1846,class56,0.726,0.363,KEEP,priority+bandwidth_ok
80.913,1846,class56,0.44,0.22,DISCARD,low_score
80.913,1846,class56,0.307,0.154,DISCARD,low_score
80.913,1846,class56,0.302,0.151,DISCARD,low_score
80.913,1846,class56,0.285,0.143,DISCARD,low_score
80.998,1848,class16,0.891,0.446,KEEP,priority+bandwidth_ok
80.998,1848,class56,0.728,0.364,KEEP,priority+bandwidth_ok
80.998,1848,class56,0.525,0.263,DISCARD,low_score
80.998,1848,class56,0.402,0.201,DISCARD,low_score
80.998,1848,class56,0.307,0.154,DISCARD,low_score
80.998,1848,class56,0.304,0.152,DISCARD,low_score
81.084,1850,class16,0.751,0.375,KEEP,priority+bandwidth_ok
81.084,1850,class56,0.51,0.255,DISCARD,low_score
81.084,1850,class59,0.435,0.217,DISCARD,low_score
81.084,1850,class56,0.274,0.137,DISCARD,low_score
81.17,1852,class56,0.852,0.426,KEEP,priority+bandwidth_ok
81.17,1852,class16,0.838,0.419,KEEP,priority+bandwidth_ok
81.17,1852,class59,0.671,0.335,DISCARD,low_score
81.17,1852,class56,0.396,0.198,DISCARD,low_score
81.17,1852,class56,0.308,0.154,DISCARD,low_score
81.17,1852,class56,0.288,0.144,DISCARD,low_score
81.17,1852,class56,0.277,0.138,DISCARD,low_score
81.17,1852,class56,0.261,0.13,DISCARD,low_score
81.255,1854,class16,0.857,0.428,KEEP,priority+bandwidth_ok
81.255,1854,class56,0.849,0.424,KEEP,priority+bandwidth_ok
81.255,1854,class56,0.413,0.207,DISCARD,low_score
81.255,1854,class56,0.335,0.167,DISCARD,low_score
81.255,1854,class57,0.317,0.159,DISCARD,low_score
81.343,1856,class16,0.868,0.434,KEEP,priority+bandwidth_ok
81.343,1856,class56,0.854,0.427,KEEP,priority+bandwidth_ok
81.343,1856,class59,0.443,0.221,DISCARD,low_score
81.343,1856,class56,0.405,0.202,DISCARD,low_score
81.343,1856,class56,0.381,0.191,DISCARD,low_score
81.343,1856,class56,0.34,0.17,DISCARD,low_score
81.343,1856,class56,0.339,0.169,DISCARD,low_score
81.429,1858,class56,0.89,0.445,KEEP,priority+bandwidth_ok
81.429,1858,class16,0.861,0.43,KEEP,priority+bandwidth_ok
81.429,1858,class56,0.553,0.276,DISCARD,low_score
81.429,1858,class56,0.479,0.239,DISCARD,low_score
81.429,1858,class56,0.264,0.132,DISCARD,low_score
81.518,1860,class56,0.838,0.419,KEEP,priority+bandwidth_ok
81.518,1860,class56,0.574,0.287,DISCARD,low_score
81.518,1860,class16,0.553,0.276,DISCARD,low_score
81.518,1860,class56,0.349,0.174,DISCARD,low_score
81.518,1860,class56,0.343,0.172,DISCARD,low_score
81.518,1860,class56,0.314,0.157,DISCARD,low_score
81.518,1860,class56,0.298,0.149,DISCARD,low_score
81.604,1862,class56,0.877,0.438,KEEP,priority+bandwidth_ok
81.604,1862,class56,0.365,0.182,DISCARD,low_score
81.604,1862,class56,0.29,0.145,DISCARD,low_score
81.689,1864,class56,0.862,0.431,KEEP,priority+bandwidth_ok
81.689,1864,class56,0.568,0.284,DISCARD,low_score
81.689,1864,class56,0.424,0.212,DISCARD,low_score
81.689,1864,class56,0.365,0.182,DISCARD,low_score
81.689,1864,class60,0.351,0.176,DISCARD,low_score
81.689,1864,class56,0.296,0.148,DISCARD,low_score
81.689,1864,class56,0.288,0.144,DISCARD,low_score
81.689,1864,class56,0.261,0.131,DISCARD,low_score
81.774,1866,class56,0.878,0.439,KEEP,priority+bandwidth_ok
81.774,1866,class56,0.751,0.375,KEEP,priority+bandwidth_ok
81.774,1866,class56,0.587,0.293,DISCARD,low_score
81.774,1866,class60,0.57,0.285,DISCARD,low_score
81.774,1866,class56,0.431,0.216,DISCARD,low_score
81.774,1866,class56,0.419,0.209,DISCARD,low_score
81.859,1868,class56,0.812,0.406,KEEP,priority+bandwidth_ok
81.859,1868,class56,0.581,0.291,DISCARD,low_score
81.859,1868,class56,0.482,0.241,DISCARD,low_score
81.859,1868,class60,0.413,0.207,DISCARD,low_score
81.859,1868,class56,0.412,0.206,DISCARD,low_score
81.859,1868,class57,0.303,0.152,DISCARD,low_score
81.859,1868,class56,0.297,0.148,DISCARD,low_score
81.949,1870,class56,0.85,0.425,KEEP,priority+bandwidth_ok
81.949,1870,class56,0.61,0.305,DISCARD,low_score
81.949,1870,class60,0.444,0.222,DISCARD,low_score
81.949,1870,class56,0.415,0.207,DISCARD,low_score
81.949,1870,class56,0.355,0.177,DISCARD,low_score
81.949,1870,class56,0.326,0.163,DISCARD,low_score
81.949,1870,class57,0.316,0.158,DISCARD,low_score
81.949,1870,class56,0.287,0.143,DISCARD,low_score
81.949,1870,class56,0.274,0.137,DISCARD,low_score
82.034,1872,class56,0.86,0.43,KEEP,priority+bandwidth_ok
82.034,1872,class56,0.789,0.395,KEEP,priority+bandwidth_ok
82.034,1872,class56,0.613,0.307,DISCARD,low_score
82.034,1872,class56,0.556,0.278,DISCARD,low_score
82.034,1872,class56,0.482,0.241,DISCARD,low_score
82.034,1872,class60,0.358,0.179,DISCARD,low_score
82.12,1874,class56,0.833,0.417,KEEP,priority+bandwidth_ok
82.12,1874,class60,0.616,0.308,DISCARD,low_score
82.12,1874,class56,0.558,0.279,DISCARD,low_score
82.12,1874,class56,0.502,0.251,DISCARD,low_score
82.12,1874,class56,0.453,0.227,DISCARD,low_score
82.12,1874,class56,0.308,0.154,DISCARD,low_score
82.206,1876,class56,0.867,0.434,KEEP,priority+bandwidth_ok
82.206,1876,class56,0.606,0.303,DISCARD,low_score
82.206,1876,class56,0.496,0.248,DISCARD,low_score
82.206,1876,class60,0.463,0.231,DISCARD,low_score
82.206,1876,class56,0.451,0.226,DISCARD,low_score
82.206,1876,class56,0.333,0.166,DISCARD,low_score
82.206,1876,class56,0.311,0.155,DISCARD,low_score
82.292,1878,class56,0.855,0.427,KEEP,priority+bandwidth_ok
82.292,1878,class56,0.516,0.258,DISCARD,low_score
82.292,1878,class56,0.494,0.247,DISCARD,low_score
82.292,1878,class60,0.397,0.199,DISCARD,low_score
82.292,1878,class56,0.383,0.192,DISCARD,low_score
82.292,1878,class60,0.323,0.161,DISCARD,low_score
82.292,1878,class56,0.284,0.142,DISCARD,low_score
82.378,1880,class56,0.898,0.449,KEEP,priority+bandwidth_ok
82.378,1880,class56,0.523,0.262,DISCARD,low_score
82.378,1880,class60,0.516,0.258,DISCARD,low_score
82.378,1880,class56,0.498,0.249,DISCARD,low_score
82.378,1880,class56,0.357,0.178,DISCARD,low_score
82.378,1880,class56,0.352,0.176,DISCARD,low_score
82.378,1880,class56,0.252,0.126,DISCARD,low_score
82.463,1882,class56,0.876,0.438,KEEP,priority+bandwidth_ok
82.463,1882,class56,0.651,0.326,DISCARD,low_score
82.463,1882,class56,0.608,0.304,DISCARD,low_score
82.463,1882,class56,0.539,0.269,DISCARD,low_score
82.463,1882,class59,0.401,0.2,DISCARD,low_score
82.463,1882,class60,0.362,0.181,DISCARD,low_score
82.463,1882,class56,0.281,0.141,DISCARD,low_score
82.554,1884,class56,0.878,0.439,KEEP,priority+bandwidth_ok
82.554,1884,class56,0.689,0.345,DISCARD,low_score
82.554,1884,class56,0.622,0.311,DISCARD,low_score
82.554,1884,class56,0.56,0.28,DISCARD,low_score
82.554,1884,class60,0.491,0.246,DISCARD,low_score
82.554,1884,class60,0.367,0.184,DISCARD,low_score
82.639,1886,class56,0.877,0.438,KEEP,priority+bandwidth_ok
82.639,1886,class56,0.66,0.33,DISCARD,low_score
82.639,1886,class56,0.521,0.261,DISCARD,low_score
82.639,1886,class56,0.307,0.154,DISCARD,low_score
82.639,1886,class56,0.262,0.131,DISCARD,low_score
82.725,1888,class56,0.833,0.417,KEEP,priority+bandwidth_ok
82.725,1888,class56,0.693,0.346,DISCARD,low_score
82.725,1888,class56,0.553,0.276,DISCARD,low_score
82.725,1888,class56,0.368,0.184,DISCARD,low_score
82.725,1888,class56,0.319,0.16,DISCARD,low_score
82.81,1890,class56,0.863,0.432,KEEP,priority+bandwidth_ok
82.81,1890,class56,0.572,0.286,DISCARD,low_score
82.81,1890,class56,0.434,0.217,DISCARD,low_score
82.81,1890,class59,0.42,0.21,DISCARD,low_score
82.81,1890,class56,0.384,0.192,DISCARD,low_score
82.81,1890,class60,0.288,0.144,DISCARD,low_score
82.81,1890,class56,0.267,0.133,DISCARD,low_score
82.897,1892,class56,0.854,0.427,KEEP,priority+bandwidth_ok
82.897,1892,class56,0.56,0.28,DISCARD,low_score
82.897,1892,class56,0.558,0.279,DISCARD,low_score
82.897,1892,class56,0.488,0.244,DISCARD,low_score
82.897,1892,class56,0.471,0.235,DISCARD,low_score
82.897,1892,class60,0.305,0.152,DISCARD,low_score
82.982,1894,class56,0.89,0.445,KEEP,priority+bandwidth_ok
82.982,1894,class56,0.651,0.326,DISCARD,low_score
82.982,1894,class60,0.547,0.273,DISCARD,low_score
82.982,1894,class56,0.512,0.256,DISCARD,low_score
82.982,1894,class56,0.264,0.132,DISCARD,low_score
83.066,1896,class56,0.887,0.444,KEEP,priority+bandwidth_ok
83.066,1896,class56,0.677,0.339,DISCARD,low_score
83.066,1896,class60,0.494,0.247,DISCARD,low_score
83.066,1896,class56,0.442,0.221,DISCARD,low_score
83.156,1898,class56,0.917,0.459,KEEP,priority+bandwidth_ok
83.156,1898,class56,0.762,0.381,KEEP,priority+bandwidth_ok
83.156,1898,class60,0.593,0.296,DISCARD,low_score
83.156,1898,class56,0.446,0.223,DISCARD,low_score
83.241,1900,class56,0.882,0.441,KEEP,priority+bandwidth_ok
83.241,1900,class56,0.583,0.292,DISCARD,low_score
83.241,1900,class60,0.573,0.286,DISCARD,low_score
83.241,1900,class56,0.307,0.154,DISCARD,low_score
83.241,1900,class56,0.263,0.131,DISCARD,low_score
83.326,1902,class56,0.772,0.386,KEEP,priority+bandwidth_ok
83.326,1902,class60,0.528,0.264,DISCARD,low_score
83.326,1902,class56,0.369,0.185,DISCARD,low_score
83.326,1902,class59,0.318,0.159,DISCARD,low_score
83.326,1902,class56,0.309,0.155,DISCARD,low_score
83.326,1902,class56,0.307,0.153,DISCARD,low_score
83.412,1904,class56,0.903,0.451,KEEP,priority+bandwidth_ok
83.412,1904,class56,0.755,0.377,KEEP,priority+bandwidth_ok
83.412,1904,class60,0.532,0.266,DISCARD,low_score
83.412,1904,class56,0.371,0.186,DISCARD,low_score
83.412,1904,class56,0.3,0.15,DISCARD,low_score
83.412,1904,class59,0.252,0.126,DISCARD,low_score
83.498,1906,class56,0.93,0.465,KEEP,priority+bandwidth_ok
83.498,1906,class56,0.753,0.377,KEEP,priority+bandwidth_ok
83.498,1906,class60,0.499,0.25,DISCARD,low_score
83.498,1906,class56,0.446,0.223,DISCARD,low_score
83.498,1906,class56,0.323,0.162,DISCARD,low_score
83.498,1906,class56,0.308,0.154,DISCARD,low_score
83.583,1908,class56,0.903,0.451,KEEP,priority+bandwidth_ok
83.583,1908,class56,0.776,0.388,KEEP,priority+bandwidth_ok
83.583,1908,class60,0.598,0.299,DISCARD,low_score
83.583,1908,class56,0.407,0.204,DISCARD,low_score
83.583,1908,class56,0.262,0.131,DISCARD,low_score
83.669,1910,class56,0.877,0.439,KEEP,priority+bandwidth_ok
83.669,1910,class56,0.768,0.384,KEEP,priority+bandwidth_ok
83.669,1910,class60,0.58,0.29,DISCARD,low_score
83.669,1910,class59,0.277,0.139,DISCARD,low_score
83.756,1912,class56,0.869,0.434,KEEP,priority+bandwidth_ok
83.756,1912,class56,0.761,0.38,KEEP,priority+bandwidth_ok
83.756,1912,class60,0.525,0.263,DISCARD,low_score
83.842,1914,class56,0.821,0.411,KEEP,priority+bandwidth_ok
83.842,1914,class56,0.628,0.314,DISCARD,low_score
83.842,1914,class59,0.595,0.297,DISCARD,low_score
83.842,1914,class60,0.448,0.224,DISCARD,low_score
83.927,1916,class56,0.901,0.45,KEEP,priority+bandwidth_ok
83.927,1916,class56,0.672,0.336,DISCARD,low_score
83.927,1916,class60,0.48,0.24,DISCARD,low_score
83.927,1916,class59,0.464,0.232,DISCARD,low_score
84.012,1918,class56,0.893,0.446,KEEP,priority+bandwidth_ok
84.012,1918,class60,0.703,0.351,KEEP,priority+bandwidth_ok
84.012,1918,class56,0.531,0.266,DISCARD,low_score
84.012,1918,class59,0.343,0.172,DISCARD,low_score
84.1,1920,class56,0.904,0.452,KEEP,priority+bandwidth_ok
84.1,1920,class60,0.766,0.383,KEEP,priority+bandwidth_ok
84.1,1920,class56,0.438,0.219,DISCARD,low_score
84.1,1920,class59,0.323,0.161,DISCARD,low_score
84.186,1922,class56,0.842,0.421,KEEP,priority+bandwidth_ok
84.186,1922,class60,0.484,0.242,DISCARD,low_score
84.186,1922,class59,0.461,0.231,DISCARD,low_score
84.186,1922,class56,0.453,0.227,DISCARD,low_score
84.271,1924,class56,0.862,0.431,KEEP,priority+bandwidth_ok
84.271,1924,class56,0.49,0.245,DISCARD,low_score
84.271,1924,class56,0.396,0.198,DISCARD,low_score
84.271,1924,class59,0.355,0.177,DISCARD,low_score
84.271,1924,class56,0.263,0.131,DISCARD,low_score
84.359,1926,class56,0.837,0.418,KEEP,priority+bandwidth_ok
84.359,1926,class56,0.525,0.263,DISCARD,low_score
84.359,1926,class56,0.492,0.246,DISCARD,low_score
84.359,1926,class28,0.336,0.168,DISCARD,low_score
84.359,1926,class60,0.28,0.14,DISCARD,low_score
84.443,1928,class56,0.779,0.389,KEEP,priority+bandwidth_ok
84.443,1928,class56,0.566,0.283,DISCARD,low_score
84.443,1928,class56,0.344,0.172,DISCARD,low_score
84.529,1930,class56,0.841,0.42,KEEP,priority+bandwidth_ok
84.529,1930,class56,0.611,0.306,DISCARD,low_score
84.614,1932,class56,0.83,0.415,KEEP,priority+bandwidth_ok
84.614,1932,class56,0.608,0.304,DISCARD,low_score
84.614,1932,class56,0.331,0.166,DISCARD,low_score
84.614,1932,class56,0.281,0.14,DISCARD,low_score
84.699,1934,class56,0.891,0.446,KEEP,priority+bandwidth_ok
84.783,1936,class56,0.898,0.449,KEEP,priority+bandwidth_ok
84.868,1938,class56,0.89,0.445,KEEP,priority+bandwidth_ok
84.868,1938,class36,0.676,0.338,DISCARD,low_score
84.952,1940,class56,0.896,0.448,KEEP,priority+bandwidth_ok
84.952,1940,class56,0.341,0.17,DISCARD,low_score
85.037,1942,class56,0.712,0.356,KEEP,priority+bandwidth_ok
85.037,1942,class56,0.293,0.147,DISCARD,low_score
85.122,1944,class56,0.621,0.31,DISCARD,low_score
85.122,1944,class28,0.359,0.18,DISCARD,low_score
85.207,1946,class56,0.839,0.419,KEEP,priority+bandwidth_ok
85.207,1946,class28,0.331,0.166,DISCARD,low_score
85.291,1948,class56,0.881,0.44,KEEP,priority+bandwidth_ok
85.378,1950,class56,0.648,0.324,DISCARD,low_score
85.378,1950,class56,0.274,0.137,DISCARD,low_score
85.464,1952,class56,0.646,0.323,DISCARD,low_score
85.464,1952,class56,0.255,0.127,DISCARD,low_score
85.559,1954,class56,0.809,0.405,KEEP,priority+bandwidth_ok
85.559,1954,class28,0.404,0.202,DISCARD,low_score
85.643,1956,class56,0.781,0.391,KEEP,priority+bandwidth_ok
85.727,1958,class56,0.807,0.403,KEEP,priority+bandwidth_ok
85.727,1958,class12,0.35,0.175,DISCARD,low_score
85.811,1960,class56,0.733,0.366,KEEP,priority+bandwidth_ok
85.895,1962,class56,0.688,0.344,DISCARD,low_score
85.895,1962,class56,0.365,0.182,DISCARD,low_score
85.981,1964,class56,0.598,0.299,DISCARD,low_score
85.981,1964,class28,0.264,0.132,DISCARD,low_score
86.066,1966,class56,0.514,0.257,DISCARD,low_score
86.066,1966,class28,0.432,0.216,DISCARD,low_score
86.151,1968,class56,0.51,0.255,DISCARD,low_score
86.151,1968,class56,0.475,0.237,DISCARD,low_score
86.236,1970,class28,0.496,0.248,DISCARD,low_score
86.321,1972,class28,0.572,0.286,DISCARD,low_score
86.405,1974,class56,0.726,0.363,KEEP,priority+bandwidth_ok
86.405,1974,class56,0.4,0.2,DISCARD,low_score
86.405,1974,class28,0.39,0.195,DISCARD,low_score
86.489,1976,class56,0.704,0.352,KEEP,priority+bandwidth_ok
86.489,1976,class56,0.633,0.317,DISCARD,low_score
86.489,1976,class28,0.383,0.192,DISCARD,low_score
86.576,1978,class56,0.598,0.299,DISCARD,low_score
86.576,1978,class28,0.589,0.294,DISCARD,low_score
86.576,1978,class56,0.577,0.289,DISCARD,low_score
86.664,1980,class56,0.676,0.338,DISCARD,low_score
86.664,1980,class56,0.414,0.207,DISCARD,low_score
86.748,1982,class56,0.82,0.41,KEEP,priority+bandwidth_ok
86.832,1984,class56,0.679,0.34,DISCARD,low_score
86.917,1986,class56,0.828,0.414,KEEP,priority+bandwidth_ok
86.917,1986,class56,0.383,0.192,DISCARD,low_score
87.001,1988,class56,0.759,0.38,KEEP,priority+bandwidth_ok
87.001,1988,class56,0.465,0.232,DISCARD,low_score
87.001,1988,class0,0.344,0.172,DISCARD,low_score
87.085,1990,class56,0.688,0.344,DISCARD,low_score
87.085,1990,class0,0.356,0.178,DISCARD,low_score
87.085,1990,class56,0.339,0.169,DISCARD,low_score
87.173,1992,class56,0.752,0.376,KEEP,priority+bandwidth_ok
87.173,1992,class0,0.256,0.128,DISCARD,low_score
87.173,1992,class56,0.251,0.125,DISCARD,low_score
87.259,1994,class56,0.637,0.319,DISCARD,low_score
87.259,1994,class56,0.467,0.233,DISCARD,low_score
87.259,1994,class0,0.335,0.167,DISCARD,low_score
87.343,1996,class56,0.553,0.276,DISCARD,low_score
87.343,1996,class0,0.463,0.231,DISCARD,low_score
87.343,1996,class56,0.379,0.19,DISCARD,low_score
87.428,1998,class56,0.568,0.284,DISCARD,low_score
87.428,1998,class0,0.462,0.231,DISCARD,low_score
87.428,1998,class56,0.408,0.204,DISCARD,low_score
87.513,2000,class56,0.449,0.225,DISCARD,low_score
87.513,2000,class56,0.405,0.203,DISCARD,low_score
87.513,2000,class0,0.332,0.166,DISCARD,low_score
87.599,2002,class56,0.525,0.263,DISCARD,low_score
87.599,2002,class56,0.368,0.184,DISCARD,low_score
87.683,2004,class56,0.479,0.239,DISCARD,low_score
87.768,2006,class56,0.422,0.211,DISCARD,low_score
87.851,2008,class56,0.492,0.246,DISCARD,low_score
87.851,2008,class56,0.349,0.174,DISCARD,low_score
87.936,2010,class56,0.282,0.141,DISCARD,low_score
88.02,2012,class56,0.354,0.177,DISCARD,low_score
88.02,2012,class56,0.289,0.144,DISCARD,low_score
88.517,2024,class74,0.296,0.148,DISCARD,low_score
