t,frame,processed,skip_rate,in_stress,temp_gpu,latency_ms,est_power_w,dets_seen,dets_kept,dets_discarded,bw_sent_kb,bw_used_window_kb,keyframe
0.034,1,1,2,1,50.6,42.07,7.5,2,0,2,0.0,0.0,0
0.126,2,1,2,1,50.6,33.22,7.5,3,0,3,0.0,0.0,0
0.192,3,0,2,1,50.6,0.0,5.33,0,0,0,0.0,0.0,0
0.224,4,1,2,1,50.6,24.2,7.5,1,0,1,0.0,0.0,0
0.279,5,0,2,1,50.6,0.0,5.33,0,0,0,0.0,0.0,0
0.314,6,1,2,1,50.6,26.94,7.5,2,0,2,0.0,0.0,0
0.371,7,0,2,1,50.6,0.0,5.33,0,0,0,0.0,0.0,0
0.402,8,1,2,1,50.6,23.74,7.5,1,0,1,0.0,0.0,0
0.459,9,0,2,1,50.6,0.0,5.33,0,0,0,0.0,0.0,0
0.491,10,1,2,1,50.6,25.93,7.5,2,0,2,0.0,0.0,0
0.549,11,0,2,1,50.6,0.0,5.33,0,0,0,0.0,0.0,0
0.582,12,1,2,1,50.6,23.77,7.5,3,0,3,0.0,0.0,0
0.637,13,0,2,1,50.6,0.0,5.33,0,0,0,0.0,0.0,0
0.668,14,1,2,1,50.6,23.55,7.5,1,0,1,0.0,0.0,0
0.723,15,0,2,1,50.6,0.0,5.33,0,0,0,0.0,0.0,0
0.755,16,1,2,1,50.6,23.9,7.5,2,0,2,0.0,0.0,0
0.81,17,0,2,1,50.6,0.0,5.33,0,0,0,0.0,0.0,0
0.841,18,1,2,1,50.6,24.13,7.5,1,0,1,0.0,0.0,0
0.898,19,0,2,1,50.6,0.0,5.33,0,0,0,0.0,0.0,0
0.929,20,1,2,1,50.6,23.84,7.5,1,0,1,0.0,0.0,0
0.983,21,0,2,1,50.6,0.0,5.33,0,0,0,0.0,0.0,0
1.014,22,1,2,1,50.8,26.51,7.5,1,0,1,0.0,0.0,0
1.073,23,0,2,1,50.8,0.0,5.33,0,0,0,0.0,0.0,0
1.103,24,1,2,1,50.8,26.45,7.5,1,0,1,0.0,0.0,0
1.161,25,0,2,1,50.8,0.0,5.33,0,0,0,0.0,0.0,0
1.191,26,1,2,1,50.8,24.12,7.5,1,0,1,0.0,0.0,0
1.246,27,0,2,1,50.8,0.0,5.33,0,0,0,0.0,0.0,0
1.276,28,1,2,1,50.8,23.75,7.5,1,0,1,0.0,0.0,0
1.33,29,0,2,1,50.8,0.0,5.33,0,0,0,0.0,0.0,0
1.361,30,1,2,1,50.8,23.91,7.5,1,0,1,0.0,0.0,0
1.416,31,0,2,1,50.8,0.0,5.33,0,0,0,0.0,0.0,0
1.446,32,1,2,1,50.8,23.95,7.5,1,0,1,0.0,0.0,0
1.501,33,0,2,1,50.8,0.0,5.33,0,0,0,0.0,0.0,0
1.531,34,1,2,1,50.8,23.94,7.5,2,0,2,0.0,0.0,0
1.586,35,0,2,1,50.8,0.0,5.33,0,0,0,0.0,0.0,0
1.617,36,1,2,1,50.8,23.51,7.5,2,0,2,0.0,0.0,0
1.672,37,0,2,1,50.8,0.0,5.33,0,0,0,0.0,0.0,0
1.702,38,1,2,1,50.8,24.53,7.5,1,0,1,0.0,0.0,0
1.759,39,0,2,1,50.8,0.0,5.33,0,0,0,0.0,0.0,0
1.789,40,1,2,1,50.8,24.39,7.5,1,0,1,0.0,0.0,0
1.844,41,0,2,1,50.8,0.0,5.33,0,0,0,0.0,0.0,0
1.875,42,1,2,1,50.8,24.31,7.5,1,0,1,0.0,0.0,0
1.93,43,0,2,1,50.8,0.0,5.33,0,0,0,0.0,0.0,0
1.962,44,1,2,1,50.8,21.74,7.5,0,0,0,0.0,0.0,0
2.014,45,0,2,1,50.8,0.0,5.33,0,0,0,0.0,0.0,0
2.044,46,1,2,1,50.8,23.51,7.5,0,0,0,0.0,0.0,0
2.097,47,0,2,1,50.8,0.0,5.33,0,0,0,0.0,0.0,0
2.127,48,1,2,1,50.8,37.86,7.5,1,0,1,0.0,0.0,0
2.201,49,0,2,1,50.8,0.0,5.33,0,0,0,0.0,0.0,0
2.231,50,1,2,1,50.8,39.23,7.5,0,0,0,0.0,0.0,0
2.305,51,0,2,1,50.8,0.0,5.33,0,0,0,0.0,0.0,0
2.336,52,1,2,1,50.8,32.56,7.5,1,0,1,0.0,0.0,0
2.4,53,0,2,1,50.8,0.0,5.33,0,0,0,0.0,0.0,0
2.433,54,1,2,1,50.8,45.85,7.5,3,0,3,0.0,0.0,0
2.512,55,0,2,1,50.8,0.0,5.33,0,0,0,0.0,0.0,0
2.546,56,1,2,1,50.8,42.27,7.5,0,0,0,0.0,0.0,0
2.619,57,0,2,1,50.8,0.0,5.33,0,0,0,0.0,0.0,0
2.649,58,1,2,1,50.8,32.26,7.5,3,0,3,80.0,80.0,1
2.713,59,0,2,1,50.8,0.0,5.33,0,0,0,0.0,80.0,0
2.743,60,1,2,1,50.8,28.91,7.5,1,0,1,0.0,80.0,0
2.803,61,0,2,1,50.8,0.0,5.33,0,0,0,0.0,80.0,0
2.835,62,1,2,1,50.8,27.56,7.5,2,0,2,0.0,80.0,0
2.894,63,0,2,1,50.8,0.0,5.33,0,0,0,0.0,80.0,0
2.924,64,1,2,1,50.8,37.18,7.5,1,0,1,0.0,80.0,0
2.993,65,0,2,1,50.8,0.0,5.33,0,0,0,0.0,80.0,0
3.025,66,1,2,1,50.7,20.9,7.5,3,0,3,0.0,80.0,0
3.076,67,0,2,1,50.7,0.0,5.33,0,0,0,0.0,80.0,0
3.106,68,1,2,1,50.7,23.83,7.5,3,0,3,0.0,80.0,0
3.163,69,0,2,1,50.7,0.0,5.33,0,0,0,0.0,80.0,0
3.193,70,1,2,1,50.7,25.01,7.5,3,0,3,0.0,80.0,0
3.25,71,0,2,1,50.7,0.0,5.33,0,0,0,0.0,80.0,0
3.281,72,1,2,1,50.7,23.77,7.5,2,0,2,0.0,80.0,0
3.336,73,0,2,1,50.7,0.0,5.33,0,0,0,0.0,80.0,0
3.366,74,1,2,1,50.7,23.51,7.5,4,0,4,0.0,80.0,0
3.421,75,0,2,1,50.7,0.0,5.33,0,0,0,0.0,80.0,0
3.451,76,1,2,1,50.7,46.73,7.5,4,0,4,0.0,80.0,0
3.535,77,0,2,1,50.7,0.0,5.33,0,0,0,0.0,80.0,0
3.576,78,1,2,1,50.7,38.09,7.5,3,0,3,0.0,80.0,0
3.645,79,0,2,1,50.7,0.0,5.33,0,0,0,0.0,80.0,0
3.677,80,1,2,1,50.7,52.8,7.5,4,0,4,0.0,80.0,0
3.764,81,0,2,1,50.7,0.0,5.33,0,0,0,0.0,80.0,0
3.794,82,1,2,1,50.7,38.26,7.5,3,0,3,0.0,80.0,0
3.865,83,0,2,1,50.7,0.0,5.33,0,0,0,0.0,80.0,0
3.896,84,1,2,1,50.7,35.56,7.5,4,0,4,0.0,80.0,0
3.967,85,0,2,1,50.7,0.0,5.33,0,0,0,0.0,80.0,0
4.025,86,1,2,1,50.9,41.9,7.5,4,0,4,0.0,80.0,0
4.102,87,0,2,1,50.9,0.0,5.33,0,0,0,0.0,80.0,0
4.188,88,1,2,1,50.9,48.18,7.5,4,1,3,3.0,83.0,0
4.312,89,0,2,1,50.9,0.0,5.33,0,0,0,0.0,83.0,0
4.343,90,1,2,1,50.9,24.54,7.5,4,0,4,0.0,83.0,0
4.4,91,0,2,1,50.9,0.0,5.33,0,0,0,0.0,83.0,0
4.433,92,1,2,1,50.9,28.83,7.5,6,0,6,0.0,83.0,0
4.494,93,0,2,1,50.9,0.0,5.33,0,0,0,0.0,83.0,0
4.525,94,1,2,1,50.9,23.98,7.5,3,0,3,0.0,83.0,0
4.581,95,0,2,1,50.9,0.0,5.33,0,0,0,0.0,83.0,0
4.613,96,1,2,1,50.9,27.22,7.5,5,1,4,3.0,86.0,0
4.671,97,0,2,1,50.9,0.0,5.33,0,0,0,0.0,86.0,0
4.701,98,1,2,1,50.9,23.75,7.5,6,1,5,3.0,89.0,0
4.756,99,0,2,1,50.9,0.0,5.33,0,0,0,0.0,89.0,0
4.786,100,1,2,1,50.9,23.86,7.5,4,1,3,3.0,92.0,0
4.841,101,0,2,1,50.9,0.0,5.33,0,0,0,0.0,92.0,0
4.873,102,1,2,1,50.9,23.86,7.5,6,0,6,0.0,92.0,0
4.928,103,0,2,1,50.9,0.0,5.33,0,0,0,0.0,92.0,0
4.958,104,1,2,1,50.9,33.03,7.5,6,0,6,0.0,92.0,0
5.026,105,0,2,1,51.3,0.0,5.33,0,0,0,0.0,92.0,0
5.061,106,1,2,1,51.3,50.85,7.5,5,0,5,0.0,92.0,0
5.146,107,0,2,1,51.3,0.0,5.33,0,0,0,0.0,92.0,0
5.177,108,1,2,1,51.3,26.38,7.5,4,0,4,0.0,92.0,0
5.234,109,0,2,1,51.3,0.0,5.33,0,0,0,0.0,92.0,0
5.266,110,1,2,1,51.3,23.98,7.5,4,0,4,0.0,92.0,0
5.322,111,0,2,1,51.3,0.0,5.33,0,0,0,0.0,92.0,0
5.352,112,1,2,1,51.3,24.35,7.5,4,1,3,3.0,95.0,0
5.407,113,0,2,1,51.3,0.0,5.33,0,0,0,0.0,95.0,0
5.438,114,1,2,1,51.3,24.22,7.5,4,0,4,0.0,95.0,0
5.493,115,0,2,1,51.3,0.0,5.33,0,0,0,0.0,95.0,0
5.525,116,1,2,1,51.3,34.68,7.5,4,0,4,0.0,95.0,0
5.594,117,0,2,1,51.3,0.0,5.33,0,0,0,0.0,95.0,0
5.627,118,1,2,1,51.3,51.03,7.5,4,0,4,80.0,175.0,1
5.714,119,0,2,1,51.3,0.0,5.33,0,0,0,0.0,175.0,0
5.745,120,1,2,1,51.3,29.19,7.5,5,0,5,0.0,175.0,0
5.805,121,0,2,1,51.3,0.0,5.33,0,0,0,0.0,175.0,0
5.835,122,1,2,1,51.3,23.87,7.5,4,0,4,0.0,175.0,0
5.891,123,0,2,1,51.3,0.0,5.33,0,0,0,0.0,175.0,0
5.921,124,1,2,1,51.3,23.77,7.5,6,0,6,0.0,175.0,0
5.976,125,0,2,1,51.3,0.0,5.33,0,0,0,0.0,175.0,0
6.007,126,1,2,1,51.0,25.62,7.5,5,0,5,0.0,175.0,0
6.064,127,0,2,1,51.0,0.0,5.33,0,0,0,0.0,175.0,0
6.094,128,1,2,1,51.0,23.98,7.5,7,1,6,3.0,178.0,0
6.151,129,0,2,1,51.0,0.0,5.33,0,0,0,0.0,178.0,0
6.181,130,1,2,1,51.0,31.69,7.5,5,1,4,3.0,181.0,0
6.247,131,0,2,1,51.0,0.0,5.33,0,0,0,0.0,181.0,0
6.282,132,1,2,1,51.0,49.27,7.5,5,0,5,0.0,181.0,0
6.367,133,0,2,1,51.0,0.0,5.33,0,0,0,0.0,181.0,0
6.4,134,1,2,1,51.0,48.23,7.5,6,1,5,3.0,184.0,0
6.482,135,0,2,1,51.0,0.0,5.33,0,0,0,0.0,184.0,0
6.515,136,1,2,1,51.0,35.26,7.5,4,1,3,3.0,187.0,0
6.582,137,0,2,1,51.0,0.0,5.33,0,0,0,0.0,187.0,0
6.612,138,1,2,1,51.0,55.3,7.5,4,0,4,0.0,187.0,0
6.702,139,0,2,1,51.0,0.0,5.33,0,0,0,0.0,187.0,0
6.732,140,1,2,1,51.0,33.76,7.5,7,0,7,0.0,187.0,0
6.799,141,0,2,1,51.0,0.0,5.33,0,0,0,0.0,187.0,0
6.83,142,1,2,1,51.0,36.31,7.5,6,1,5,3.0,190.0,0
6.898,143,0,2,1,51.0,0.0,5.33,0,0,0,0.0,190.0,0
6.931,144,1,2,1,51.0,32.93,7.5,4,0,4,0.0,190.0,0
6.997,145,0,2,1,51.0,0.0,5.33,0,0,0,0.0,190.0,0
7.027,146,1,2,1,51.1,21.07,7.5,6,2,4,6.0,196.0,0
7.08,147,0,2,1,51.1,0.0,5.33,0,0,0,0.0,196.0,0
7.11,148,1,2,1,51.1,20.78,7.5,6,0,6,0.0,196.0,0
7.162,149,0,2,1,51.1,0.0,5.33,0,0,0,0.0,196.0,0
7.194,150,1,2,1,51.1,23.66,7.5,6,2,4,6.0,202.0,0
7.249,151,0,2,1,51.1,0.0,5.33,0,0,0,0.0,202.0,0
7.279,152,1,2,1,51.1,23.64,7.5,5,2,3,6.0,208.0,0
7.334,153,0,2,1,51.1,0.0,5.33,0,0,0,0.0,208.0,0
7.364,154,1,2,1,51.1,27.56,7.5,8,0,8,0.0,208.0,0
7.423,155,0,2,1,51.1,0.0,5.33,0,0,0,0.0,208.0,0
7.455,156,1,2,1,51.1,23.74,7.5,8,2,6,6.0,214.0,0
7.511,157,0,2,1,51.1,0.0,5.33,0,0,0,0.0,214.0,0
7.54,158,1,2,1,51.1,23.6,7.5,8,2,6,6.0,220.0,0
7.596,159,0,2,1,51.1,0.0,5.33,0,0,0,0.0,220.0,0
7.627,160,1,2,1,51.1,27.71,7.5,6,2,4,6.0,226.0,0
7.686,161,0,2,1,51.1,0.0,5.33,0,0,0,0.0,226.0,0
7.716,162,1,2,1,51.1,23.84,7.5,4,3,1,9.0,235.0,0
7.771,163,0,2,1,51.1,0.0,5.33,0,0,0,0.0,235.0,0
7.801,164,1,2,1,51.1,23.42,7.5,7,2,5,6.0,241.0,0
7.856,165,0,2,1,51.1,0.0,5.33,0,0,0,0.0,241.0,0
7.886,166,1,2,1,51.1,23.55,7.5,7,2,5,6.0,247.0,0
7.941,167,0,2,1,51.1,0.0,5.33,0,0,0,0.0,247.0,0
7.971,168,1,2,1,51.1,23.93,7.5,6,2,4,6.0,253.0,0
8.028,169,0,2,1,50.9,0.0,5.33,0,0,0,0.0,253.0,0
8.058,170,1,2,1,50.9,34.02,7.5,5,3,2,9.0,262.0,0
8.131,171,0,2,1,50.9,0.0,5.33,0,0,0,0.0,262.0,0
8.178,172,1,2,1,50.9,50.9,7.5,6,3,3,9.0,271.0,0
8.261,173,0,2,1,50.9,0.0,5.33,0,0,0,0.0,271.0,0
8.291,174,1,2,1,50.9,23.87,7.5,5,2,3,6.0,277.0,0
8.347,175,0,2,1,50.9,0.0,5.33,0,0,0,0.0,277.0,0
8.377,176,1,2,1,50.9,23.48,7.5,6,2,4,6.0,283.0,0
8.431,177,0,2,1,50.9,0.0,5.33,0,0,0,0.0,283.0,0
8.461,178,1,2,1,50.9,45.46,7.5,5,2,3,86.0,369.0,1
8.539,179,0,2,1,50.9,0.0,5.33,0,0,0,0.0,369.0,0
8.571,180,1,2,1,50.9,49.15,7.5,6,2,4,6.0,375.0,0
8.653,181,0,2,1,50.9,0.0,5.33,0,0,0,0.0,375.0,0
8.685,182,1,2,1,50.9,23.85,7.5,7,4,3,12.0,387.0,0
8.757,183,0,2,1,50.9,0.0,5.33,0,0,0,0.0,387.0,0
8.796,184,1,2,1,50.9,38.94,7.5,6,4,2,12.0,399.0,0
8.881,185,0,2,1,50.9,0.0,5.33,0,0,0,0.0,399.0,0
8.913,186,1,2,1,50.9,46.17,7.5,6,1,5,3.0,402.0,0
8.998,187,0,2,1,50.9,0.0,5.33,0,0,0,0.0,402.0,0
9.033,188,1,2,1,50.9,28.5,7.5,5,2,3,6.0,408.0,0
9.097,189,0,2,1,50.9,0.0,5.33,0,0,0,0.0,408.0,0
9.134,190,1,2,1,50.9,32.14,7.5,4,2,2,6.0,414.0,0
9.204,191,0,2,1,50.9,0.0,5.33,0,0,0,0.0,414.0,0
9.242,192,1,2,1,50.9,37.91,7.5,7,2,5,6.0,420.0,0
9.319,193,0,2,1,50.9,0.0,5.33,0,0,0,0.0,420.0,0
9.356,194,1,2,1,50.9,36.75,7.5,4,1,3,3.0,423.0,0
9.425,195,0,2,1,50.9,0.0,5.33,0,0,0,0.0,423.0,0
9.455,196,1,2,1,50.9,35.87,7.5,6,2,4,6.0,429.0,0
9.529,197,0,2,1,50.9,0.0,5.33,0,0,0,0.0,429.0,0
9.565,198,1,2,1,50.9,29.27,7.5,4,2,2,6.0,435.0,0
9.626,199,0,2,1,50.9,0.0,5.33,0,0,0,0.0,435.0,0
9.66,200,1,2,1,50.9,31.21,7.5,3,2,1,6.0,441.0,0
9.724,201,0,2,1,50.9,0.0,5.33,0,0,0,0.0,441.0,0
9.755,202,1,2,1,50.9,34.32,7.5,5,1,4,3.0,444.0,0
9.821,203,0,2,1,50.9,0.0,5.33,0,0,0,0.0,444.0,0
9.857,204,1,2,1,50.9,24.85,7.5,3,0,3,0.0,444.0,0
9.913,205,0,2,1,50.9,0.0,5.33,0,0,0,0.0,444.0,0
9.943,206,1,2,1,50.9,20.08,7.5,4,2,2,6.0,450.0,0
9.995,207,0,2,1,50.9,0.0,5.33,0,0,0,0.0,450.0,0
10.025,208,1,2,1,51.2,21.65,7.5,3,0,3,0.0,450.0,0
10.079,209,0,2,1,51.2,0.0,5.33,0,0,0,0.0,450.0,0
10.11,210,1,2,1,51.2,39.96,7.5,4,1,3,3.0,453.0,0
10.182,211,0,2,1,51.2,0.0,5.33,0,0,0,0.0,453.0,0
10.213,212,1,2,1,51.2,30.49,7.5,4,1,3,3.0,456.0,0
10.274,213,0,2,1,51.2,0.0,5.33,0,0,0,0.0,456.0,0
10.306,214,1,2,1,51.2,21.67,7.5,5,2,3,6.0,462.0,0
10.359,215,0,2,1,51.2,0.0,5.33,0,0,0,0.0,462.0,0
10.389,216,1,2,1,51.2,23.79,7.5,5,1,4,3.0,465.0,0
10.444,217,0,2,1,51.2,0.0,5.33,0,0,0,0.0,465.0,0
10.474,218,1,2,1,51.2,23.72,7.5,7,0,7,0.0,465.0,0
10.53,219,0,2,1,51.2,0.0,5.33,0,0,0,0.0,465.0,0
10.561,220,1,2,1,51.2,23.47,7.5,4,1,3,3.0,468.0,0
10.616,221,0,2,1,51.2,0.0,5.33,0,0,0,0.0,468.0,0
10.646,222,1,2,1,51.2,47.76,7.5,5,0,5,0.0,468.0,0
10.725,223,0,2,1,51.2,0.0,5.33,0,0,0,0.0,468.0,0
10.755,224,1,2,1,51.2,48.05,7.5,3,0,3,0.0,468.0,0
10.837,225,0,2,1,51.2,0.0,5.33,0,0,0,0.0,468.0,0
10.867,226,1,2,1,51.2,45.29,7.5,4,0,4,0.0,468.0,0
10.949,227,0,2,1,51.2,0.0,5.33,0,0,0,0.0,468.0,0
10.979,228,1,2,1,51.2,43.4,7.5,3,0,3,0.0,468.0,0
11.054,229,0,2,1,51.3,0.0,5.33,0,0,0,0.0,468.0,0
11.084,230,1,2,1,51.3,29.38,7.5,4,0,4,0.0,468.0,0
11.145,231,0,2,1,51.3,0.0,5.33,0,0,0,0.0,468.0,0
11.175,232,1,2,1,51.3,39.39,7.5,4,0,4,0.0,468.0,0
11.249,233,0,2,1,51.3,0.0,5.33,0,0,0,0.0,468.0,0
11.279,234,1,2,1,51.3,34.76,7.5,5,0,5,0.0,468.0,0
11.345,235,0,2,1,51.3,0.0,5.33,0,0,0,0.0,468.0,0
11.375,236,1,2,1,51.3,38.29,7.5,4,0,4,0.0,468.0,0
11.444,237,0,2,1,51.3,0.0,5.33,0,0,0,0.0,468.0,0
11.474,238,1,2,1,51.3,38.43,7.5,5,1,4,83.0,551.0,1
11.546,239,0,2,1,51.3,0.0,5.33,0,0,0,0.0,551.0,0
11.576,240,1,2,1,51.3,38.82,7.5,2,0,2,0.0,551.0,0
11.649,241,0,2,1,51.3,0.0,5.33,0,0,0,0.0,551.0,0
11.679,242,1,2,1,51.3,36.17,7.5,2,0,2,0.0,551.0,0
11.746,243,0,2,1,51.3,0.0,5.33,0,0,0,0.0,551.0,0
11.778,244,1,2,1,51.3,37.25,7.5,2,1,1,3.0,554.0,0
11.849,245,0,2,1,51.3,0.0,5.33,0,0,0,0.0,554.0,0
11.879,246,1,2,1,51.3,35.82,7.5,1,1,0,3.0,557.0,0
11.946,247,0,2,1,51.3,0.0,5.33,0,0,0,0.0,557.0,0
11.976,248,1,2,1,51.3,38.93,7.5,1,1,0,3.0,560.0,0
12.046,249,0,2,1,51.6,0.0,5.33,0,0,0,0.0,560.0,0
12.078,250,1,2,1,51.6,36.8,7.5,2,1,1,3.0,563.0,0
12.147,251,0,2,1,51.6,0.0,5.33,0,0,0,0.0,563.0,0
12.18,252,1,2,1,51.6,35.38,7.5,1,1,0,3.0,566.0,0
12.246,253,0,2,1,51.6,0.0,5.33,0,0,0,0.0,566.0,0
12.278,254,1,2,1,51.6,37.78,7.5,1,0,1,0.0,566.0,0
12.346,255,0,2,1,51.6,0.0,5.33,0,0,0,0.0,566.0,0
12.376,256,1,2,1,51.6,39.61,7.5,6,2,4,6.0,572.0,0
12.447,257,0,2,1,51.6,0.0,5.33,0,0,0,0.0,572.0,0
12.477,258,1,2,1,51.6,38.56,7.5,6,2,4,6.0,578.0,0
12.548,259,0,2,1,51.6,0.0,5.33,0,0,0,0.0,578.0,0
12.578,260,1,2,1,51.6,38.41,7.5,6,2,4,6.0,584.0,0
12.648,261,0,2,1,51.6,0.0,5.33,0,0,0,0.0,584.0,0
12.678,262,1,2,1,51.6,37.03,7.5,5,2,3,6.0,590.0,0
12.748,263,0,2,1,51.6,0.0,5.33,0,0,0,0.0,590.0,0
12.778,264,1,2,1,51.6,38.59,7.5,3,2,1,6.0,596.0,0
12.847,265,0,2,1,51.6,0.0,5.33,0,0,0,0.0,596.0,0
12.877,266,1,2,1,51.6,20.79,7.5,3,3,0,9.0,605.0,0
12.929,267,0,2,1,51.6,0.0,5.33,0,0,0,0.0,605.0,0
12.959,268,1,2,1,51.6,20.38,7.5,3,2,1,6.0,611.0,0
13.01,269,0,2,1,51.6,0.0,5.33,0,0,0,0.0,611.0,0
13.045,270,1,2,1,51.2,20.86,7.5,4,1,3,3.0,614.0,0
13.097,271,0,2,1,51.2,0.0,5.33,0,0,0,0.0,614.0,0
13.131,272,1,2,1,51.2,24.06,7.5,3,1,2,3.0,617.0,0
13.186,273,0,2,1,51.2,0.0,5.33,0,0,0,0.0,617.0,0
13.216,274,1,2,1,51.2,23.33,7.5,4,1,3,3.0,620.0,0
13.27,275,0,2,1,51.2,0.0,5.33,0,0,0,0.0,620.0,0
13.302,276,1,2,1,51.2,23.64,7.5,4,1,3,3.0,623.0,0
13.356,277,0,2,1,51.2,0.0,5.33,0,0,0,0.0,623.0,0
13.391,278,1,2,1,51.2,23.96,7.5,5,1,4,3.0,626.0,0
13.446,279,0,2,1,51.2,0.0,5.33,0,0,0,0.0,626.0,0
13.476,280,1,2,1,51.2,42.41,7.5,4,1,3,3.0,629.0,0
13.549,281,0,2,1,51.2,0.0,5.33,0,0,0,0.0,629.0,0
13.579,282,1,2,1,51.2,25.71,7.5,3,1,2,3.0,632.0,0
13.636,283,0,2,1,51.2,0.0,5.33,0,0,0,0.0,632.0,0
13.666,284,1,2,1,51.2,23.85,7.5,5,1,4,3.0,635.0,0
13.721,285,0,2,1,51.2,0.0,5.33,0,0,0,0.0,635.0,0
13.751,286,1,2,1,51.2,27.28,7.5,4,1,3,3.0,638.0,0
13.809,287,0,2,1,51.2,0.0,5.33,0,0,0,0.0,638.0,0
13.839,288,1,2,1,51.2,23.86,7.5,3,1,2,3.0,641.0,0
13.894,289,0,2,1,51.2,0.0,5.33,0,0,0,0.0,641.0,0
13.924,290,1,2,1,51.2,42.16,7.5,4,1,3,3.0,644.0,0
13.997,291,0,2,1,51.2,0.0,5.33,0,0,0,0.0,644.0,0
14.027,292,1,2,1,51.2,47.67,7.5,2,1,1,3.0,647.0,0
14.108,293,0,2,1,51.2,0.0,5.33,0,0,0,0.0,647.0,0
14.138,294,1,2,1,51.2,50.44,7.5,2,1,1,3.0,650.0,0
14.223,295,0,2,1,51.2,0.0,5.33,0,0,0,0.0,650.0,0
14.255,296,1,2,1,51.2,35.94,7.5,3,1,2,3.0,653.0,0
14.322,297,0,2,1,51.2,0.0,5.33,0,0,0,0.0,653.0,0
14.352,298,1,2,1,51.2,39.7,7.5,3,1,2,83.0,736.0,1
14.424,299,0,2,1,51.2,0.0,5.33,0,0,0,0.0,736.0,0
14.454,300,1,2,1,51.2,37.78,7.5,2,1,1,3.0,739.0,0
14.522,301,0,2,1,51.2,0.0,5.33,0,0,0,0.0,739.0,0
14.552,302,1,2,1,51.2,32.19,7.5,2,1,1,3.0,742.0,0
14.615,303,0,2,1,51.2,0.0,5.33,0,0,0,0.0,742.0,0
14.645,304,1,2,1,51.2,30.93,7.5,2,1,1,3.0,745.0,0
14.707,305,0,2,1,51.2,0.0,5.33,0,0,0,0.0,745.0,0
14.741,306,1,2,1,51.2,21.97,7.5,4,1,3,3.0,748.0,0
14.795,307,0,2,1,51.2,0.0,5.33,0,0,0,0.0,748.0,0
14.825,308,1,2,1,51.2,27.05,7.5,3,2,1,6.0,754.0,0
14.89,309,0,2,1,51.2,0.0,5.33,0,0,0,0.0,754.0,0
14.928,310,1,2,1,51.2,23.2,7.5,3,2,1,6.0,760.0,0
14.983,311,0,2,1,51.2,0.0,5.33,0,0,0,0.0,760.0,0
15.013,312,1,2,1,51.2,28.23,7.5,2,2,0,6.0,766.0,0
15.073,313,0,2,1,51.2,0.0,5.33,0,0,0,0.0,766.0,0
15.105,314,1,2,1,51.2,28.35,7.5,3,2,1,6.0,772.0,0
15.169,315,0,2,1,51.2,0.0,5.33,0,0,0,0.0,772.0,0
15.202,316,1,2,1,51.2,56.54,7.5,3,1,2,3.0,775.0,0
15.296,317,0,2,1,51.2,0.0,5.33,0,0,0,0.0,775.0,0
15.332,318,1,2,1,51.2,32.65,7.5,4,2,2,6.0,781.0,0
15.398,319,0,2,1,51.2,0.0,5.33,0,0,0,0.0,781.0,0
15.428,320,1,2,1,51.2,26.85,7.5,3,2,1,6.0,787.0,0
15.49,321,0,2,1,51.2,0.0,5.33,0,0,0,0.0,787.0,0
15.523,322,1,2,1,51.2,33.27,7.5,2,1,1,3.0,790.0,0
15.588,323,0,2,1,51.2,0.0,5.33,0,0,0,0.0,790.0,0
15.619,324,1,2,1,51.2,33.83,7.5,3,2,1,6.0,796.0,0
15.687,325,0,2,1,51.2,0.0,5.33,0,0,0,0.0,796.0,0
15.718,326,1,2,1,51.2,37.38,7.5,2,2,0,6.0,802.0,0
15.794,327,0,2,1,51.2,0.0,5.33,0,0,0,0.0,802.0,0
15.824,328,1,2,1,51.2,31.61,7.5,2,2,0,6.0,808.0,0
15.896,329,0,2,1,51.2,0.0,5.33,0,0,0,0.0,808.0,0
15.932,330,1,2,1,51.2,33.38,7.5,3,2,1,6.0,814.0,0
15.998,331,0,2,1,51.2,0.0,5.33,0,0,0,0.0,814.0,0
16.028,332,1,2,1,51.8,39.19,7.5,3,2,1,6.0,820.0,0
16.103,333,0,2,1,51.8,0.0,5.33,0,0,0,0.0,820.0,0
16.134,334,1,2,1,51.8,58.4,7.5,3,2,1,6.0,826.0,0
16.229,335,0,2,1,51.8,0.0,5.33,0,0,0,0.0,826.0,0
16.259,336,1,2,1,51.8,34.58,7.5,3,2,1,6.0,832.0,0
16.327,337,0,2,1,51.8,0.0,5.33,0,0,0,0.0,832.0,0
16.357,338,1,2,1,51.8,35.48,7.5,3,2,1,6.0,838.0,0
16.427,339,0,2,1,51.8,0.0,5.33,0,0,0,0.0,838.0,0
16.457,340,1,2,1,51.8,49.2,7.5,2,2,0,6.0,844.0,0
16.537,341,0,2,1,51.8,0.0,5.33,0,0,0,0.0,844.0,0
16.567,342,1,2,1,51.8,40.22,7.5,2,2,0,6.0,850.0,0
16.639,343,0,2,1,51.8,0.0,5.33,0,0,0,0.0,850.0,0
16.669,344,1,2,1,51.8,35.93,7.5,2,1,1,3.0,853.0,0
16.739,345,0,2,1,51.8,0.0,5.33,0,0,0,0.0,853.0,0
16.769,346,1,2,1,51.8,36.69,7.5,2,1,1,3.0,856.0,0
16.836,347,0,2,1,51.8,0.0,5.33,0,0,0,0.0,856.0,0
16.873,348,1,2,1,51.8,32.59,7.5,2,1,1,3.0,859.0,0
16.938,349,0,2,1,51.8,0.0,5.33,0,0,0,0.0,859.0,0
16.968,350,1,2,1,51.8,37.27,7.5,2,1,1,3.0,862.0,0
17.039,351,0,2,1,51.3,0.0,5.33,0,0,0,0.0,862.0,0
17.069,352,1,2,1,51.3,35.89,7.5,2,1,1,3.0,865.0,0
17.136,353,0,2,1,51.3,0.0,5.33,0,0,0,0.0,865.0,0
17.166,354,1,2,1,51.3,31.92,7.5,2,1,1,3.0,868.0,0
17.232,355,0,2,1,51.3,0.0,5.33,0,0,0,0.0,868.0,0
17.262,356,1,2,1,51.3,20.93,7.5,2,1,1,3.0,871.0,0
17.313,357,0,2,1,51.3,0.0,5.33,0,0,0,0.0,871.0,0
17.343,358,1,2,1,51.3,20.95,7.5,2,1,1,83.0,954.0,1
17.395,359,0,2,1,51.3,0.0,5.33,0,0,0,0.0,954.0,0
17.425,360,1,2,1,51.3,20.96,7.5,3,1,2,3.0,957.0,0
17.477,361,0,2,1,51.3,0.0,5.33,0,0,0,0.0,957.0,0
17.509,362,1,2,1,51.3,42.83,7.5,2,1,1,3.0,960.0,0
17.582,363,0,2,1,51.3,0.0,5.33,0,0,0,0.0,960.0,0
17.612,364,1,2,1,51.3,35.56,7.5,2,2,0,6.0,966.0,0
17.681,365,0,2,1,51.3,0.0,5.33,0,0,0,0.0,966.0,0
17.714,366,1,2,1,51.3,21.39,7.5,3,2,1,6.0,972.0,0
17.766,367,0,2,1,51.3,0.0,5.33,0,0,0,0.0,972.0,0
17.797,368,1,2,1,51.3,24.07,7.5,2,2,0,6.0,978.0,0
17.852,369,0,2,1,51.3,0.0,5.33,0,0,0,0.0,978.0,0
17.882,370,1,2,1,51.3,24.12,7.5,2,2,0,6.0,984.0,0
17.937,371,0,2,1,51.3,0.0,5.33,0,0,0,0.0,984.0,0
17.97,372,1,2,1,51.3,50.03,7.5,2,2,0,6.0,990.0,0
18.054,373,0,2,1,51.7,0.0,5.33,0,0,0,0.0,990.0,0
18.088,374,1,2,1,51.7,40.57,7.5,2,2,0,6.0,996.0,0
18.16,375,0,2,1,51.7,0.0,5.33,0,0,0,0.0,996.0,0
18.19,376,1,2,1,51.7,24.32,7.5,2,2,0,6.0,1002.0,0
18.246,377,0,2,1,51.7,0.0,5.33,0,0,0,0.0,1002.0,0
18.276,378,1,2,1,51.7,23.68,7.5,2,2,0,6.0,1008.0,0
18.331,379,0,2,1,51.7,0.0,5.33,0,0,0,0.0,1008.0,0
18.361,380,1,2,1,51.7,23.82,7.5,2,1,1,3.0,1011.0,0
18.416,381,0,2,1,51.7,0.0,5.33,0,0,0,0.0,1011.0,0
18.446,382,1,2,1,51.7,24.22,7.5,2,1,1,3.0,1014.0,0
18.501,383,0,2,1,51.7,0.0,5.33,0,0,0,0.0,1014.0,0
18.532,384,1,2,1,51.7,48.41,7.5,2,1,1,3.0,1017.0,0
18.611,385,0,2,1,51.7,0.0,5.33,0,0,0,0.0,1017.0,0
18.642,386,1,2,1,51.7,23.72,7.5,2,1,1,3.0,1020.0,0
18.696,387,0,2,1,51.7,0.0,5.33,0,0,0,0.0,1020.0,0
18.727,388,1,2,1,51.7,24.21,7.5,2,1,1,3.0,1023.0,0
18.782,389,0,2,1,51.7,0.0,5.33,0,0,0,0.0,1023.0,0
18.812,390,1,2,1,51.7,28.3,7.5,3,1,2,3.0,1026.0,0
18.874,391,0,2,1,51.7,0.0,5.33,0,0,0,0.0,1026.0,0
18.904,392,1,2,1,51.7,24.07,7.5,2,1,1,3.0,1029.0,0
18.959,393,0,2,1,51.7,0.0,5.33,0,0,0,0.0,1029.0,0
18.989,394,1,2,1,51.7,23.71,7.5,3,1,2,3.0,1032.0,0
19.044,395,0,2,1,51.5,0.0,5.33,0,0,0,0.0,1032.0,0
19.074,396,1,2,1,51.5,23.69,7.5,1,1,0,3.0,1035.0,0
19.129,397,0,2,1,51.5,0.0,5.33,0,0,0,0.0,1035.0,0
19.159,398,1,2,1,51.5,23.64,7.5,2,1,1,3.0,1038.0,0
19.214,399,0,2,1,51.5,0.0,5.33,0,0,0,0.0,1038.0,0
19.244,400,1,2,1,51.5,23.59,7.5,2,1,1,3.0,1041.0,0
19.299,401,0,2,1,51.5,0.0,5.33,0,0,0,0.0,1041.0,0
19.329,402,1,2,1,51.5,23.83,7.5,2,0,2,0.0,1041.0,0
19.384,403,0,2,1,51.5,0.0,5.33,0,0,0,0.0,1041.0,0
19.414,404,1,2,1,51.5,26.06,7.5,1,1,0,3.0,1044.0,0
19.471,405,0,2,1,51.5,0.0,5.33,0,0,0,0.0,1044.0,0
19.501,406,1,2,1,51.5,24.55,7.5,2,0,2,0.0,1044.0,0
19.557,407,0,2,1,51.5,0.0,5.33,0,0,0,0.0,1044.0,0
19.587,408,1,2,1,51.5,23.54,7.5,1,1,0,3.0,1047.0,0
19.641,409,0,2,1,51.5,0.0,5.33,0,0,0,0.0,1047.0,0
19.671,410,1,2,1,51.5,23.34,7.5,1,1,0,3.0,1050.0,0
19.725,411,0,2,1,51.5,0.0,5.33,0,0,0,0.0,1050.0,0
19.756,412,1,2,1,51.5,23.57,7.5,1,1,0,3.0,1053.0,0
19.81,413,0,2,1,51.5,0.0,5.33,0,0,0,0.0,1053.0,0
19.84,414,1,2,1,51.5,25.15,7.5,1,1,0,3.0,1056.0,0
19.898,415,0,2,1,51.5,0.0,5.33,0,0,0,0.0,1056.0,0
19.928,416,1,2,1,51.5,23.41,7.5,1,1,0,3.0,1059.0,0
19.982,417,0,2,1,51.5,0.0,5.33,0,0,0,0.0,1059.0,0
20.012,418,1,2,1,51.5,26.2,7.5,1,1,0,83.0,1142.0,1
20.069,419,0,2,1,51.4,0.0,5.33,0,0,0,0.0,1142.0,0
20.1,420,1,2,1,51.4,24.01,7.5,1,1,0,3.0,1145.0,0
20.155,421,0,2,1,51.4,0.0,5.33,0,0,0,0.0,1145.0,0
20.185,422,1,2,1,51.4,34.25,7.5,1,1,0,3.0,1148.0,0
20.25,423,0,2,1,51.4,0.0,5.33,0,0,0,0.0,1148.0,0
20.28,424,1,2,1,51.4,23.88,7.5,1,1,0,3.0,1151.0,0
20.335,425,0,2,1,51.4,0.0,5.33,0,0,0,0.0,1151.0,0
20.365,426,1,2,1,51.4,23.98,7.5,1,1,0,3.0,1154.0,0
20.42,427,0,2,1,51.4,0.0,5.33,0,0,0,0.0,1154.0,0
20.45,428,1,2,1,51.4,23.4,7.5,2,1,1,3.0,1157.0,0
20.504,429,0,2,1,51.4,0.0,5.33,0,0,0,0.0,1157.0,0
20.534,430,1,2,1,51.4,23.59,7.5,1,1,0,3.0,1160.0,0
20.588,431,0,2,1,51.4,0.0,5.33,0,0,0,0.0,1160.0,0
20.618,432,1,2,1,51.4,24.56,7.5,2,1,1,3.0,1163.0,0
20.674,433,0,2,1,51.4,0.0,5.33,0,0,0,0.0,1163.0,0
20.704,434,1,2,1,51.4,24.06,7.5,3,1,2,3.0,1166.0,0
20.759,435,0,2,1,51.4,0.0,5.33,0,0,0,0.0,1166.0,0
20.789,436,1,2,1,51.4,26.45,7.5,2,1,1,3.0,1169.0,0
20.847,437,0,2,1,51.4,0.0,5.33,0,0,0,0.0,1169.0,0
20.878,438,1,2,1,51.4,24.02,7.5,1,1,0,3.0,1172.0,0
20.932,439,0,2,1,51.4,0.0,5.33,0,0,0,0.0,1172.0,0
20.962,440,1,2,1,51.4,23.82,7.5,2,1,1,3.0,1175.0,0
21.019,441,0,2,1,51.4,0.0,5.33,0,0,0,0.0,1175.0,0
21.049,442,1,2,1,51.6,23.94,7.5,2,1,1,3.0,1178.0,0
21.103,443,0,2,1,51.6,0.0,5.33,0,0,0,0.0,1178.0,0
21.133,444,1,2,1,51.6,24.33,7.5,3,1,2,3.0,1181.0,0
21.188,445,0,2,1,51.6,0.0,5.33,0,0,0,0.0,1181.0,0
21.218,446,1,2,1,51.6,25.33,7.5,2,2,0,6.0,1187.0,0
21.274,447,0,2,1,51.6,0.0,5.33,0,0,0,0.0,1187.0,0
21.304,448,1,2,1,51.6,23.79,7.5,2,2,0,6.0,1193.0,0
21.359,449,0,2,1,51.6,0.0,5.33,0,0,0,0.0,1193.0,0
21.389,450,1,2,1,51.6,24.46,7.5,2,2,0,6.0,1199.0,0
21.444,451,0,2,1,51.6,0.0,5.33,0,0,0,0.0,1199.0,0
21.474,452,1,2,1,51.6,23.81,7.5,2,1,1,3.0,1202.0,0
21.528,453,0,2,1,51.6,0.0,5.33,0,0,0,0.0,1202.0,0
21.558,454,1,2,1,51.6,24.88,7.5,2,1,1,3.0,1205.0,0
21.614,455,0,2,1,51.6,0.0,5.33,0,0,0,0.0,1205.0,0
21.644,456,1,2,1,51.6,24.47,7.5,2,1,1,3.0,1208.0,0
21.699,457,0,2,1,51.6,0.0,5.33,0,0,0,0.0,1208.0,0
21.729,458,1,2,1,51.6,23.46,7.5,2,2,0,6.0,1214.0,0
21.784,459,0,2,1,51.6,0.0,5.33,0,0,0,0.0,1214.0,0
21.814,460,1,2,1,51.6,24.11,7.5,2,2,0,6.0,1220.0,0
21.87,461,0,2,1,51.6,0.0,5.33,0,0,0,0.0,1220.0,0
21.9,462,1,2,1,51.6,23.56,7.5,2,1,1,3.0,1223.0,0
21.954,463,0,2,1,51.6,0.0,5.33,0,0,0,0.0,1223.0,0
21.984,464,1,2,1,51.6,23.73,7.5,2,2,0,6.0,1229.0,0
22.038,465,0,2,1,51.5,0.0,5.33,0,0,0,0.0,1229.0,0
22.071,466,1,2,1,51.5,23.74,7.5,2,1,1,3.0,1232.0,0
22.127,467,0,2,1,51.5,0.0,5.33,0,0,0,0.0,1232.0,0
22.157,468,1,2,1,51.5,23.92,7.5,2,1,1,3.0,1235.0,0
22.212,469,0,2,1,51.5,0.0,5.33,0,0,0,0.0,1235.0,0
22.242,470,1,2,1,51.5,26.37,7.5,3,1,2,3.0,1238.0,0
22.3,471,0,2,1,51.5,0.0,5.33,0,0,0,0.0,1238.0,0
22.33,472,1,2,1,51.5,24.03,7.5,2,1,1,3.0,1241.0,0
22.385,473,0,2,1,51.5,0.0,5.33,0,0,0,0.0,1241.0,0
22.415,474,1,2,1,51.5,23.92,7.5,2,1,1,3.0,1244.0,0
22.47,475,0,2,1,51.5,0.0,5.33,0,0,0,0.0,1244.0,0
22.5,476,1,2,1,51.5,23.76,7.5,2,1,1,3.0,1247.0,0
22.555,477,0,2,1,51.5,0.0,5.33,0,0,0,0.0,1247.0,0
22.585,478,1,2,1,51.5,24.03,7.5,2,1,1,83.0,1330.0,1
22.64,479,0,2,1,51.5,0.0,5.33,0,0,0,0.0,1330.0,0
22.671,480,1,2,1,51.5,24.21,7.5,2,1,1,3.0,1333.0,0
22.726,481,0,2,1,51.5,0.0,5.33,0,0,0,0.0,1333.0,0
22.756,482,1,2,1,51.5,23.36,7.5,2,1,1,3.0,1336.0,0
22.81,483,0,2,1,51.5,0.0,5.33,0,0,0,0.0,1336.0,0
22.841,484,1,2,1,51.5,23.78,7.5,2,1,1,3.0,1339.0,0
22.895,485,0,2,1,51.5,0.0,5.33,0,0,0,0.0,1339.0,0
22.925,486,1,2,1,51.5,23.7,7.5,2,2,0,6.0,1345.0,0
22.98,487,0,2,1,51.5,0.0,5.33,0,0,0,0.0,1345.0,0
23.01,488,1,2,1,51.5,24.02,7.5,3,1,2,3.0,1348.0,0
23.065,489,0,2,1,51.5,0.0,5.33,0,0,0,0.0,1348.0,0
23.096,490,1,2,1,51.5,24.8,7.5,3,2,1,6.0,1354.0,0
23.155,491,0,2,1,51.5,0.0,5.33,0,0,0,0.0,1354.0,0
23.186,492,1,2,1,51.5,23.94,7.5,3,2,1,6.0,1360.0,0
23.241,493,0,2,1,51.5,0.0,5.33,0,0,0,0.0,1360.0,0
23.272,494,1,2,1,51.5,24.43,7.5,3,2,1,6.0,1366.0,0
23.328,495,0,2,1,51.5,0.0,5.33,0,0,0,0.0,1366.0,0
23.358,496,1,2,1,51.5,23.66,7.5,4,2,2,6.0,1372.0,0
23.413,497,0,2,1,51.5,0.0,5.33,0,0,0,0.0,1372.0,0
23.443,498,1,2,1,51.5,27.77,7.5,3,1,2,3.0,1375.0,0
23.501,499,0,2,1,51.5,0.0,5.33,0,0,0,0.0,1375.0,0
23.531,500,1,2,1,51.5,23.6,7.5,3,1,2,3.0,1378.0,0
23.586,501,0,2,1,51.5,0.0,5.33,0,0,0,0.0,1378.0,0
23.616,502,1,2,1,51.5,23.77,7.5,3,2,1,6.0,1384.0,0
23.671,503,0,2,1,51.5,0.0,5.33,0,0,0,0.0,1384.0,0
23.701,504,1,2,1,51.5,23.44,7.5,4,2,2,6.0,1390.0,0
23.756,505,0,2,1,51.5,0.0,5.33,0,0,0,0.0,1390.0,0
23.786,506,1,2,1,51.5,23.55,7.5,8,1,7,3.0,1393.0,0
23.842,507,0,2,1,51.5,0.0,5.33,0,0,0,0.0,1393.0,0
23.872,508,1,2,1,51.5,23.63,7.5,5,1,4,3.0,1396.0,0
23.927,509,0,2,1,51.5,0.0,5.33,0,0,0,0.0,1396.0,0
23.957,510,1,2,1,51.5,23.42,7.5,5,1,4,3.0,1399.0,0
24.012,511,0,2,1,51.5,0.0,5.33,0,0,0,0.0,1399.0,0
24.042,512,1,2,1,51.9,31.04,7.5,6,2,4,6.0,1405.0,0
24.138,513,0,2,1,51.9,0.0,5.33,0,0,0,0.0,1405.0,0
24.174,514,1,2,1,51.9,33.2,7.5,6,2,4,6.0,1411.0,0
24.239,515,0,2,1,51.9,0.0,5.33,0,0,0,0.0,1411.0,0
24.27,516,1,2,1,51.9,23.85,7.5,4,1,3,3.0,1414.0,0
24.328,517,0,2,1,51.9,0.0,5.33,0,0,0,0.0,1414.0,0
24.359,518,1,2,1,51.9,23.71,7.5,8,2,6,6.0,1420.0,0
24.414,519,0,2,1,51.9,0.0,5.33,0,0,0,0.0,1420.0,0
24.445,520,1,2,1,51.9,28.67,7.5,5,2,3,6.0,1426.0,0
24.505,521,0,2,1,51.9,0.0,5.33,0,0,0,0.0,1426.0,0
24.536,522,1,2,1,51.9,24.06,7.5,7,2,5,6.0,1432.0,0
24.591,523,0,2,1,51.9,0.0,5.33,0,0,0,0.0,1432.0,0
24.622,524,1,2,1,51.9,24.13,7.5,5,2,3,6.0,1438.0,0
24.677,525,0,2,1,51.9,0.0,5.33,0,0,0,0.0,1438.0,0
24.708,526,1,2,1,51.9,23.35,7.5,7,1,6,3.0,1441.0,0
24.763,527,0,2,1,51.9,0.0,5.33,0,0,0,0.0,1441.0,0
24.793,528,1,2,1,51.9,24.07,7.5,3,1,2,3.0,1444.0,0
24.88,529,0,2,1,51.9,0.0,5.33,0,0,0,0.0,1444.0,0
24.938,530,1,2,1,51.9,27.37,7.5,8,1,7,3.0,1447.0,0
24.997,531,0,2,1,51.9,0.0,5.33,0,0,0,0.0,1447.0,0
25.028,532,1,2,1,51.5,23.79,7.5,6,2,4,6.0,1453.0,0
25.084,533,0,2,1,51.5,0.0,5.33,0,0,0,0.0,1453.0,0
25.114,534,1,2,1,51.5,25.02,7.5,7,1,6,3.0,1456.0,0
25.173,535,0,2,1,51.5,0.0,5.33,0,0,0,0.0,1456.0,0
25.203,536,1,2,1,51.5,34.78,7.5,9,1,8,3.0,1459.0,0
25.27,537,0,2,1,51.5,0.0,5.33,0,0,0,0.0,1459.0,0
25.3,538,1,2,1,51.5,23.71,7.5,6,2,4,86.0,1545.0,1
25.355,539,0,2,1,51.5,0.0,5.33,0,0,0,0.0,1545.0,0
25.385,540,1,2,1,51.5,23.75,7.5,6,1,5,3.0,1548.0,0
25.44,541,0,2,1,51.5,0.0,5.33,0,0,0,0.0,1548.0,0
25.472,542,1,2,1,51.5,23.66,7.5,7,1,6,3.0,1551.0,0
25.528,543,0,2,1,51.5,0.0,5.33,0,0,0,0.0,1551.0,0
25.558,544,1,2,1,51.5,23.64,7.5,7,1,6,3.0,1554.0,0
25.613,545,0,2,1,51.5,0.0,5.33,0,0,0,0.0,1554.0,0
25.643,546,1,2,1,51.5,25.47,7.5,7,1,6,3.0,1557.0,0
25.7,547,0,2,1,51.5,0.0,5.33,0,0,0,0.0,1557.0,0
25.73,548,1,2,1,51.5,23.91,7.5,7,1,6,3.0,1560.0,0
25.785,549,0,2,1,51.5,0.0,5.33,0,0,0,0.0,1560.0,0
25.815,550,1,2,1,51.5,23.4,7.5,6,1,5,3.0,1563.0,0
25.87,551,0,2,1,51.5,0.0,5.33,0,0,0,0.0,1563.0,0
25.9,552,1,2,1,51.5,23.46,7.5,5,1,4,3.0,1566.0,0
25.954,553,0,2,1,51.5,0.0,5.33,0,0,0,0.0,1566.0,0
25.984,554,1,2,1,51.5,23.59,7.5,5,1,4,3.0,1569.0,0
26.039,555,0,2,1,51.4,0.0,5.33,0,0,0,0.0,1569.0,0
26.069,556,1,2,1,51.4,23.74,7.5,7,1,6,3.0,1572.0,0
26.124,557,0,2,1,51.4,0.0,5.33,0,0,0,0.0,1572.0,0
26.157,558,1,2,1,51.4,24.04,7.5,6,1,5,3.0,1575.0,0
26.213,559,0,2,1,51.4,0.0,5.33,0,0,0,0.0,1575.0,0
26.244,560,1,2,1,51.4,24.11,7.5,5,1,4,3.0,1578.0,0
26.3,561,0,2,1,51.4,0.0,5.33,0,0,0,0.0,1578.0,0
26.33,562,1,2,1,51.4,24.11,7.5,4,1,3,3.0,1581.0,0
26.385,563,0,2,1,51.4,0.0,5.33,0,0,0,0.0,1581.0,0
26.416,564,1,2,1,51.4,23.82,7.5,4,2,2,6.0,1587.0,0
26.471,565,0,2,1,51.4,0.0,5.33,0,0,0,0.0,1587.0,0
26.501,566,1,2,1,51.4,23.49,7.5,5,1,4,3.0,1590.0,0
26.558,567,0,2,1,51.4,0.0,5.33,0,0,0,0.0,1590.0,0
26.588,568,1,2,1,51.4,23.79,7.5,6,1,5,3.0,1593.0,0
26.644,569,0,2,1,51.4,0.0,5.33,0,0,0,0.0,1593.0,0
26.674,570,1,2,1,51.4,25.86,7.5,6,2,4,6.0,1599.0,0
26.732,571,0,2,1,51.4,0.0,5.33,0,0,0,0.0,1599.0,0
26.762,572,1,2,1,51.4,24.05,7.5,6,2,4,6.0,1605.0,0
26.818,573,0,2,1,51.4,0.0,5.33,0,0,0,0.0,1605.0,0
26.848,574,1,2,1,51.4,26.3,7.5,5,2,3,6.0,1611.0,0
26.907,575,0,2,1,51.4,0.0,5.33,0,0,0,0.0,1611.0,0
26.937,576,1,2,1,51.4,23.38,7.5,4,2,2,6.0,1617.0,0
26.991,577,0,2,1,51.4,0.0,5.33,0,0,0,0.0,1617.0,0
27.021,578,1,2,1,51.4,23.62,7.5,3,2,1,6.0,1623.0,0
27.076,579,0,2,1,51.3,0.0,5.33,0,0,0,0.0,1623.0,0
27.106,580,1,2,1,51.3,24.21,7.5,4,1,3,3.0,1626.0,0
27.162,581,0,2,1,51.3,0.0,5.33,0,0,0,0.0,1626.0,0
27.192,582,1,2,1,51.3,23.86,7.5,4,1,3,3.0,1629.0,0
27.246,583,0,2,1,51.3,0.0,5.33,0,0,0,0.0,1629.0,0
27.276,584,1,2,1,51.3,25.86,7.5,4,2,2,6.0,1635.0,0
27.333,585,0,2,1,51.3,0.0,5.33,0,0,0,0.0,1635.0,0
27.363,586,1,2,1,51.3,23.58,7.5,4,2,2,6.0,1641.0,0
27.418,587,0,2,1,51.3,0.0,5.33,0,0,0,0.0,1641.0,0
27.448,588,1,2,1,51.3,23.47,7.5,4,1,3,3.0,1644.0,0
27.503,589,0,2,1,51.3,0.0,5.33,0,0,0,0.0,1644.0,0
27.533,590,1,2,1,51.3,23.57,7.5,5,1,4,3.0,1647.0,0
27.588,591,0,2,1,51.3,0.0,5.33,0,0,0,0.0,1647.0,0
27.62,592,1,2,1,51.3,23.44,7.5,5,1,4,3.0,1650.0,0
27.675,593,0,2,1,51.3,0.0,5.33,0,0,0,0.0,1650.0,0
27.705,594,1,2,1,51.3,23.46,7.5,3,1,2,3.0,1653.0,0
27.759,595,0,2,1,51.3,0.0,5.33,0,0,0,0.0,1653.0,0
27.789,596,1,2,1,51.3,23.77,7.5,2,1,1,3.0,1656.0,0
27.844,597,0,2,1,51.3,0.0,5.33,0,0,0,0.0,1656.0,0
27.874,598,1,2,1,51.3,26.89,7.5,4,1,3,83.0,1739.0,1
27.933,599,0,2,1,51.3,0.0,5.33,0,0,0,0.0,1739.0,0
27.965,600,1,2,1,51.3,23.49,7.5,1,1,0,3.0,1742.0,0
28.019,601,0,2,1,51.3,0.0,5.33,0,0,0,0.0,1742.0,0
28.049,602,1,2,1,51.7,23.46,7.5,1,1,0,3.0,1745.0,0
28.103,603,0,2,1,51.7,0.0,5.33,0,0,0,0.0,1745.0,0
28.133,604,1,2,1,51.7,24.12,7.5,2,1,1,3.0,1748.0,0
28.188,605,0,2,1,51.7,0.0,5.33,0,0,0,0.0,1748.0,0
28.218,606,1,2,1,51.7,23.56,7.5,2,1,1,3.0,1751.0,0
28.272,607,0,2,1,51.7,0.0,5.33,0,0,0,0.0,1751.0,0
28.303,608,1,2,1,51.7,23.5,7.5,2,1,1,3.0,1754.0,0
28.357,609,0,2,1,51.7,0.0,5.33,0,0,0,0.0,1754.0,0
28.387,610,1,2,1,51.7,23.46,7.5,2,0,2,0.0,1754.0,0
28.441,611,0,2,1,51.7,0.0,5.33,0,0,0,0.0,1754.0,0
28.471,612,1,2,1,51.7,27.87,7.5,2,1,1,3.0,1757.0,0
28.53,613,0,2,1,51.7,0.0,5.33,0,0,0,0.0,1757.0,0
28.56,614,1,2,1,51.7,23.37,7.5,1,1,0,3.0,1760.0,0
28.614,615,0,2,1,51.7,0.0,5.33,0,0,0,0.0,1760.0,0
28.643,616,1,2,1,51.7,23.53,7.5,2,0,2,0.0,1760.0,0
28.698,617,0,2,1,51.7,0.0,5.33,0,0,0,0.0,1760.0,0
28.731,618,1,2,1,51.7,23.34,7.5,2,0,2,0.0,1760.0,0
28.785,619,0,2,1,51.7,0.0,5.33,0,0,0,0.0,1760.0,0
28.815,620,1,2,1,51.7,24.54,7.5,2,1,1,3.0,1763.0,0
28.87,621,0,2,1,51.7,0.0,5.33,0,0,0,0.0,1763.0,0
28.9,622,1,2,1,51.7,23.38,7.5,1,1,0,3.0,1766.0,0
28.954,623,0,2,1,51.7,0.0,5.33,0,0,0,0.0,1766.0,0
28.984,624,1,2,1,51.7,23.55,7.5,2,1,1,3.0,1769.0,0
29.038,625,0,2,1,51.6,0.0,5.33,0,0,0,0.0,1769.0,0
29.068,626,1,2,1,51.6,24.42,7.5,1,1,0,3.0,1772.0,0
29.124,627,0,2,1,51.6,0.0,5.33,0,0,0,0.0,1772.0,0
29.154,628,1,2,1,51.6,23.42,7.5,2,0,2,0.0,1772.0,0
29.208,629,0,2,1,51.6,0.0,5.33,0,0,0,0.0,1772.0,0
29.238,630,1,2,1,51.6,23.38,7.5,2,0,2,0.0,1772.0,0
29.293,631,0,2,1,51.6,0.0,5.33,0,0,0,0.0,1772.0,0
29.324,632,1,2,1,51.6,23.33,7.5,2,0,2,0.0,1772.0,0
29.378,633,0,2,1,51.6,0.0,5.33,0,0,0,0.0,1772.0,0
29.409,634,1,2,1,51.6,24.14,7.5,2,0,2,0.0,1772.0,0
29.464,635,0,2,1,51.6,0.0,5.33,0,0,0,0.0,1772.0,0
29.494,636,1,2,1,51.6,25.52,7.5,1,0,1,0.0,1772.0,0
29.55,637,0,2,1,51.6,0.0,5.33,0,0,0,0.0,1772.0,0
29.581,638,1,2,1,51.6,23.29,7.5,1,0,1,0.0,1772.0,0
29.634,639,0,2,1,51.6,0.0,5.33,0,0,0,0.0,1772.0,0
29.664,640,1,2,1,51.6,23.55,7.5,3,1,2,3.0,1775.0,0
29.719,641,0,2,1,51.6,0.0,5.33,0,0,0,0.0,1775.0,0
29.749,642,1,2,1,51.6,23.73,7.5,3,1,2,3.0,1778.0,0
29.806,643,0,2,1,51.6,0.0,5.33,0,0,0,0.0,1778.0,0
29.837,644,1,2,1,51.6,23.52,7.5,3,0,3,0.0,1778.0,0
29.891,645,0,2,1,51.6,0.0,5.33,0,0,0,0.0,1778.0,0
29.921,646,1,2,1,51.6,23.41,7.5,2,0,2,0.0,1778.0,0
29.976,647,0,2,1,51.6,0.0,5.33,0,0,0,0.0,1778.0,0
30.006,648,1,2,1,51.6,23.36,7.5,1,1,0,3.0,1781.0,0
30.059,649,0,2,1,51.8,0.0,5.33,0,0,0,0.0,1781.0,0
30.09,650,1,2,1,51.8,25.71,7.5,1,0,1,0.0,1781.0,0
30.147,651,0,2,1,51.8,0.0,5.33,0,0,0,0.0,1781.0,0
30.177,652,1,2,1,51.8,23.67,7.5,2,1,1,3.0,1784.0,0
30.233,653,0,2,1,51.8,0.0,5.33,0,0,0,0.0,1784.0,0
30.264,654,1,2,1,51.8,25.24,7.5,3,1,2,3.0,1787.0,0
30.321,655,0,2,1,51.8,0.0,5.33,0,0,0,0.0,1787.0,0
30.351,656,1,2,1,51.8,23.41,7.5,3,0,3,0.0,1787.0,0
30.405,657,0,2,1,51.8,0.0,5.33,0,0,0,0.0,1787.0,0
30.435,658,1,2,1,51.8,23.49,7.5,3,1,2,83.0,1870.0,1
30.491,659,0,2,1,51.8,0.0,5.33,0,0,0,0.0,1870.0,0
30.524,660,1,2,1,51.8,23.47,7.5,3,0,3,0.0,1870.0,0
30.579,661,0,2,1,51.8,0.0,5.33,0,0,0,0.0,1870.0,0
30.609,662,1,2,1,51.8,24.48,7.5,3,0,3,0.0,1870.0,0
30.664,663,0,2,1,51.8,0.0,5.33,0,0,0,0.0,1870.0,0
30.694,664,1,2,1,51.8,24.65,7.5,3,0,3,0.0,1870.0,0
30.75,665,0,2,1,51.8,0.0,5.33,0,0,0,0.0,1870.0,0
30.78,666,1,2,1,51.8,23.59,7.5,3,0,3,0.0,1870.0,0
30.834,667,0,2,1,51.8,0.0,5.33,0,0,0,0.0,1870.0,0
30.867,668,1,2,1,51.8,23.55,7.5,2,0,2,0.0,1870.0,0
30.921,669,0,2,1,51.8,0.0,5.33,0,0,0,0.0,1870.0,0
30.952,670,1,2,1,51.8,23.37,7.5,1,0,1,0.0,1870.0,0
31.006,671,0,2,1,51.8,0.0,5.33,0,0,0,0.0,1870.0,0
31.036,672,1,2,1,51.8,23.54,7.5,1,0,1,0.0,1870.0,0
31.09,673,0,2,1,51.8,0.0,5.33,0,0,0,0.0,1870.0,0
31.12,674,1,2,1,51.8,24.33,7.5,2,0,2,0.0,1870.0,0
31.175,675,0,2,1,51.8,0.0,5.33,0,0,0,0.0,1870.0,0
31.205,676,1,2,1,51.8,23.43,7.5,1,0,1,0.0,1870.0,0
31.259,677,0,2,1,51.8,0.0,5.33,0,0,0,0.0,1870.0,0
31.29,678,1,2,1,51.8,23.74,7.5,2,0,2,0.0,1870.0,0
31.345,679,0,2,1,51.8,0.0,5.33,0,0,0,0.0,1870.0,0
31.375,680,1,2,1,51.8,21.49,7.5,0,0,0,0.0,1870.0,0
31.426,681,0,2,1,51.8,0.0,5.33,0,0,0,0.0,1870.0,0
31.456,682,1,2,1,51.8,21.69,7.5,0,0,0,0.0,1870.0,0
31.508,683,0,2,1,51.8,0.0,5.33,0,0,0,0.0,1870.0,0
31.538,684,1,2,1,51.8,21.51,7.5,0,0,0,0.0,1870.0,0
31.59,685,0,2,1,51.8,0.0,5.33,0,0,0,0.0,1870.0,0
31.62,686,1,2,1,51.8,21.82,7.5,0,0,0,0.0,1870.0,0
31.672,687,0,2,1,51.8,0.0,5.33,0,0,0,0.0,1870.0,0
31.702,688,1,2,1,51.8,22.82,7.5,0,0,0,0.0,1870.0,0
31.755,689,0,2,1,51.8,0.0,5.33,0,0,0,0.0,1870.0,0
31.785,690,1,2,1,51.8,23.29,7.5,1,0,1,0.0,1870.0,0
31.839,691,0,2,1,51.8,0.0,5.33,0,0,0,0.0,1870.0,0
31.869,692,1,2,1,51.8,21.92,7.5,0,0,0,0.0,1870.0,0
31.921,693,0,2,1,51.8,0.0,5.33,0,0,0,0.0,1870.0,0
31.954,694,1,2,1,51.8,21.65,7.5,0,0,0,0.0,1870.0,0
32.006,695,0,2,1,51.8,0.0,5.33,0,0,0,0.0,1870.0,0
32.036,696,1,2,1,51.7,21.48,7.5,0,0,0,0.0,1870.0,0
32.088,697,0,2,1,51.7,0.0,5.33,0,0,0,0.0,1870.0,0
32.118,698,1,2,1,51.7,22.94,7.5,0,0,0,0.0,1870.0,0
32.172,699,0,2,1,51.7,0.0,5.33,0,0,0,0.0,1870.0,0
32.202,700,1,2,1,51.7,21.75,7.5,0,0,0,0.0,1870.0,0
32.254,701,0,2,1,51.7,0.0,5.33,0,0,0,0.0,1870.0,0
32.284,702,1,2,1,51.7,21.76,7.5,0,0,0,0.0,1870.0,0
32.337,703,0,2,1,51.7,0.0,5.33,0,0,0,0.0,1870.0,0
32.367,704,1,2,1,51.7,21.43,7.5,0,0,0,0.0,1870.0,0
32.419,705,0,2,1,51.7,0.0,5.33,0,0,0,0.0,1870.0,0
32.449,706,1,2,1,51.7,21.93,7.5,0,0,0,0.0,1870.0,0
32.501,707,0,2,1,51.7,0.0,5.33,0,0,0,0.0,1870.0,0
32.532,708,1,2,1,51.7,23.4,7.5,0,0,0,0.0,1870.0,0
32.585,709,0,2,1,51.7,0.0,5.33,0,0,0,0.0,1870.0,0
32.616,710,1,2,1,51.7,21.58,7.5,0,0,0,0.0,1870.0,0
32.668,711,0,2,1,51.7,0.0,5.33,0,0,0,0.0,1870.0,0
32.698,712,1,2,1,51.7,21.65,7.5,0,0,0,0.0,1870.0,0
32.75,713,0,2,1,51.7,0.0,5.33,0,0,0,0.0,1870.0,0
32.78,714,1,2,1,51.7,21.68,7.5,0,0,0,0.0,1870.0,0
32.832,715,0,2,1,51.7,0.0,5.33,0,0,0,0.0,1870.0,0
32.862,716,1,2,1,51.7,21.89,7.5,0,0,0,0.0,1870.0,0
32.915,717,0,2,1,51.7,0.0,5.33,0,0,0,0.0,1870.0,0
32.945,718,1,2,1,51.7,21.58,7.5,0,0,0,80.0,1950.0,1
33.0,719,0,2,1,51.7,0.0,5.33,0,0,0,0.0,1950.0,0
33.03,720,1,2,1,51.7,22.04,7.5,0,0,0,0.0,1950.0,0
33.082,721,0,2,1,51.9,0.0,5.33,0,0,0,0.0,1950.0,0
33.113,722,1,2,1,51.9,22.15,7.5,0,0,0,0.0,1950.0,0
33.165,723,0,2,1,51.9,0.0,5.33,0,0,0,0.0,1950.0,0
33.196,724,1,2,1,51.9,21.6,7.5,0,0,0,0.0,1950.0,0
33.248,725,0,2,1,51.9,0.0,5.33,0,0,0,0.0,1950.0,0
33.278,726,1,2,1,51.9,21.86,7.5,0,0,0,0.0,1950.0,0
33.33,727,0,2,1,51.9,0.0,5.33,0,0,0,0.0,1950.0,0
33.361,728,1,2,1,51.9,21.69,7.5,0,0,0,0.0,1950.0,0
33.413,729,0,2,1,51.9,0.0,5.33,0,0,0,0.0,1950.0,0
33.443,730,1,2,1,51.9,21.97,7.5,0,0,0,0.0,1950.0,0
33.495,731,0,2,1,51.9,0.0,5.33,0,0,0,0.0,1950.0,0
33.526,732,1,2,1,51.9,27.38,7.5,1,0,1,0.0,1950.0,0
33.584,733,0,2,1,51.9,0.0,5.33,0,0,0,0.0,1950.0,0
33.614,734,1,2,1,51.9,21.52,7.5,0,0,0,0.0,1950.0,0
33.666,735,0,2,1,51.9,0.0,5.33,0,0,0,0.0,1950.0,0
33.697,736,1,2,1,51.9,23.44,7.5,1,0,1,0.0,1950.0,0
33.751,737,0,2,1,51.9,0.0,5.33,0,0,0,0.0,1950.0,0
33.781,738,1,2,1,51.9,21.84,7.5,0,0,0,0.0,1950.0,0
33.833,739,0,2,1,51.9,0.0,5.33,0,0,0,0.0,1950.0,0
33.863,740,1,2,1,51.9,21.82,7.5,0,0,0,0.0,1950.0,0
33.916,741,0,2,1,51.9,0.0,5.33,0,0,0,0.0,1950.0,0
33.948,742,1,2,1,51.9,21.62,7.5,0,0,0,0.0,1950.0,0
34.0,743,0,2,1,51.9,0.0,5.33,0,0,0,0.0,1950.0,0
34.03,744,1,2,1,51.9,22.15,7.5,0,0,0,0.0,1950.0,0
34.083,745,0,2,1,51.7,0.0,5.33,0,0,0,0.0,1950.0,0
34.113,746,1,2,1,51.7,21.92,7.5,0,0,0,0.0,1950.0,0
34.165,747,0,2,1,51.7,0.0,5.33,0,0,0,0.0,1950.0,0
34.196,748,1,2,1,51.7,21.77,7.5,0,0,0,0.0,1950.0,0
34.248,749,0,2,1,51.7,0.0,5.33,0,0,0,0.0,1950.0,0
34.278,750,1,2,1,51.7,22.14,7.5,0,0,0,0.0,1950.0,0
34.33,751,0,2,1,51.7,0.0,5.33,0,0,0,0.0,1950.0,0
34.361,752,1,2,1,51.7,23.37,7.5,1,0,1,0.0,1950.0,0
34.414,753,0,2,1,51.7,0.0,5.33,0,0,0,0.0,1950.0,0
34.444,754,1,2,1,51.7,24.19,7.5,2,0,2,0.0,1950.0,0
34.5,755,0,2,1,51.7,0.0,5.33,0,0,0,0.0,1950.0,0
34.53,756,1,2,1,51.7,25.97,7.5,3,0,3,0.0,1950.0,0
34.587,757,0,2,1,51.7,0.0,5.33,0,0,0,0.0,1950.0,0
34.617,758,1,2,1,51.7,23.6,7.5,3,1,2,3.0,1953.0,0
34.672,759,0,2,1,51.7,0.0,5.33,0,0,0,0.0,1953.0,0
34.702,760,1,2,1,51.7,23.6,7.5,5,0,5,0.0,1953.0,0
34.758,761,0,2,1,51.7,0.0,5.33,0,0,0,0.0,1953.0,0
34.789,762,1,2,1,51.7,26.29,7.5,8,0,8,0.0,1953.0,0
34.848,763,0,2,1,51.7,0.0,5.33,0,0,0,0.0,1953.0,0
34.878,764,1,2,1,51.7,24.11,7.5,8,0,8,0.0,1953.0,0
34.934,765,0,2,1,51.7,0.0,5.33,0,0,0,0.0,1953.0,0
34.965,766,1,2,1,51.7,23.67,7.5,6,2,4,6.0,1959.0,0
35.02,767,0,2,1,51.7,0.0,5.33,0,0,0,0.0,1959.0,0
35.05,768,1,2,1,51.7,23.84,7.5,5,2,3,6.0,1965.0,0
35.107,769,0,2,1,51.7,0.0,5.33,0,0,0,0.0,1965.0,0
35.138,770,1,2,1,51.7,27.64,7.5,6,2,4,6.0,1971.0,0
35.197,771,0,2,1,51.7,0.0,5.33,0,0,0,0.0,1971.0,0
35.228,772,1,2,1,51.7,32.33,7.5,6,2,4,6.0,1977.0,0
35.292,773,0,2,1,51.7,0.0,5.33,0,0,0,0.0,1977.0,0
35.323,774,1,2,1,51.7,23.77,7.5,5,3,2,9.0,1986.0,0
35.377,775,0,2,1,51.7,0.0,5.33,0,0,0,0.0,1986.0,0
35.408,776,1,2,1,51.7,23.48,7.5,4,3,1,9.0,1995.0,0
35.462,777,0,2,1,51.7,0.0,5.33,0,0,0,0.0,1995.0,0
35.492,778,1,2,1,51.7,23.99,7.5,4,3,1,89.0,2084.0,1
35.549,779,0,2,1,51.7,0.0,5.33,0,0,0,0.0,2084.0,0
35.581,780,1,2,1,51.7,23.91,7.5,5,4,1,12.0,2096.0,0
35.636,781,0,2,1,51.7,0.0,5.33,0,0,0,0.0,2096.0,0
35.666,782,1,2,1,51.7,23.42,7.5,5,4,1,12.0,2108.0,0
35.721,783,0,2,1,51.7,0.0,5.33,0,0,0,0.0,2108.0,0
35.751,784,1,2,1,51.7,26.18,7.5,5,3,2,9.0,2117.0,0
35.809,785,0,2,1,51.7,0.0,5.33,0,0,0,0.0,2117.0,0
35.839,786,1,2,1,51.7,23.65,7.5,4,4,0,12.0,2129.0,0
35.894,787,0,2,1,51.7,0.0,5.33,0,0,0,0.0,2129.0,0
35.925,788,1,2,1,51.7,23.33,7.5,5,3,2,9.0,2138.0,0
35.98,789,0,2,1,51.7,0.0,5.33,0,0,0,0.0,2138.0,0
36.01,790,1,2,1,51.7,23.84,7.5,5,3,2,9.0,2147.0,0
36.065,791,0,2,1,51.6,0.0,5.33,0,0,0,0.0,2147.0,0
36.095,792,1,2,1,51.6,24.11,7.5,5,2,3,6.0,2153.0,0
36.151,793,0,2,1,51.6,0.0,5.33,0,0,0,0.0,2153.0,0
36.184,794,1,2,1,51.6,23.55,7.5,2,0,2,0.0,2153.0,0
36.238,795,0,2,1,51.6,0.0,5.33,0,0,0,0.0,2153.0,0
36.268,796,1,2,1,51.6,24.23,7.5,4,4,0,12.0,2165.0,0
36.324,797,0,2,1,51.6,0.0,5.33,0,0,0,0.0,2165.0,0
36.354,798,1,2,1,51.6,27.71,7.5,6,3,3,9.0,2174.0,0
36.413,799,0,2,1,51.6,0.0,5.33,0,0,0,0.0,2174.0,0
36.444,800,1,2,1,51.6,23.4,7.5,5,2,3,6.0,2180.0,0
36.498,801,0,2,1,51.6,0.0,5.33,0,0,0,0.0,2180.0,0
36.528,802,1,2,1,51.6,24.2,7.5,4,1,3,3.0,2183.0,0
36.583,803,0,2,1,51.6,0.0,5.33,0,0,0,0.0,2183.0,0
36.614,804,1,2,1,51.6,24.19,7.5,6,0,6,0.0,2183.0,0
36.669,805,0,2,1,51.6,0.0,5.33,0,0,0,0.0,2183.0,0
36.699,806,1,2,1,51.6,24.17,7.5,2,1,1,3.0,2186.0,0
36.754,807,0,2,1,51.6,0.0,5.33,0,0,0,0.0,2186.0,0
36.785,808,1,2,1,51.6,23.52,7.5,2,1,1,3.0,2189.0,0
36.839,809,0,2,1,51.6,0.0,5.33,0,0,0,0.0,2189.0,0
36.869,810,1,2,1,51.6,23.95,7.5,2,1,1,3.0,2192.0,0
36.924,811,0,2,1,51.6,0.0,5.33,0,0,0,0.0,2192.0,0
36.953,812,1,2,1,51.6,27.45,7.5,3,1,2,3.0,2195.0,0
37.012,813,0,2,1,51.6,0.0,5.33,0,0,0,0.0,2195.0,0
37.042,814,1,2,1,51.9,23.38,7.5,3,1,2,3.0,2198.0,0
37.096,815,0,2,1,51.9,0.0,5.33,0,0,0,0.0,2198.0,0
37.126,816,1,2,1,51.9,24.01,7.5,4,1,3,3.0,2201.0,0
37.181,817,0,2,1,51.9,0.0,5.33,0,0,0,0.0,2201.0,0
37.211,818,1,2,1,51.9,23.43,7.5,3,1,2,3.0,2204.0,0
37.267,819,0,2,1,51.9,0.0,5.33,0,0,0,0.0,2204.0,0
37.297,820,1,2,1,51.9,23.4,7.5,5,1,4,3.0,2207.0,0
37.352,821,0,2,1,51.9,0.0,5.33,0,0,0,0.0,2207.0,0
37.382,822,1,2,1,51.9,23.41,7.5,3,1,2,3.0,2210.0,0
37.436,823,0,2,1,51.9,0.0,5.33,0,0,0,0.0,2210.0,0
37.466,824,1,2,1,51.9,23.33,7.5,5,1,4,3.0,2213.0,0
37.52,825,0,2,1,51.9,0.0,5.33,0,0,0,0.0,2213.0,0
37.55,826,1,2,1,51.9,23.33,7.5,4,1,3,3.0,2216.0,0
37.604,827,0,2,1,51.9,0.0,5.33,0,0,0,0.0,2216.0,0
37.634,828,1,2,1,51.9,23.54,7.5,5,0,5,0.0,2216.0,0
37.689,829,0,2,1,51.9,0.0,5.33,0,0,0,0.0,2216.0,0
37.719,830,1,2,1,51.9,23.38,7.5,3,1,2,3.0,2219.0,0
37.773,831,0,2,1,51.9,0.0,5.33,0,0,0,0.0,2219.0,0
37.803,832,1,2,1,51.9,23.29,7.5,2,0,2,0.0,2219.0,0
37.857,833,0,2,1,51.9,0.0,5.33,0,0,0,0.0,2219.0,0
37.887,834,1,2,1,51.9,23.59,7.5,3,0,3,0.0,2219.0,0
37.941,835,0,2,1,51.9,0.0,5.33,0,0,0,0.0,2219.0,0
37.971,836,1,2,1,51.9,25.41,7.5,2,0,2,0.0,2219.0,0
38.027,837,0,2,1,51.9,0.0,5.33,0,0,0,0.0,2219.0,0
38.057,838,1,2,1,51.9,23.28,7.5,4,1,3,83.0,2302.0,1
38.111,839,0,2,1,51.9,0.0,5.33,0,0,0,0.0,2302.0,0
38.141,840,1,2,1,51.9,23.93,7.5,2,1,1,3.0,2305.0,0
38.196,841,0,2,1,51.9,0.0,5.33,0,0,0,0.0,2305.0,0
38.225,842,1,2,1,51.9,23.51,7.5,2,1,1,3.0,2308.0,0
38.28,843,0,2,1,51.9,0.0,5.33,0,0,0,0.0,2308.0,0
38.311,844,1,2,1,51.9,23.74,7.5,4,1,3,3.0,2311.0,0
38.366,845,0,2,1,51.9,0.0,5.33,0,0,0,0.0,2311.0,0
38.396,846,1,2,1,51.9,23.49,7.5,5,1,4,3.0,2314.0,0
38.451,847,0,2,1,51.9,0.0,5.33,0,0,0,0.0,2314.0,0
38.48,848,1,2,1,51.9,23.37,7.5,2,1,1,3.0,2317.0,0
38.534,849,0,2,1,51.9,0.0,5.33,0,0,0,0.0,2317.0,0
38.564,850,1,2,1,51.9,26.01,7.5,1,1,0,3.0,2320.0,0
38.621,851,0,2,1,51.9,0.0,5.33,0,0,0,0.0,2320.0,0
38.651,852,1,2,1,51.9,23.35,7.5,1,0,1,0.0,2320.0,0
38.705,853,0,2,1,51.9,0.0,5.33,0,0,0,0.0,2320.0,0
38.735,854,1,2,1,51.9,23.3,7.5,2,1,1,3.0,2323.0,0
38.789,855,0,2,1,51.9,0.0,5.33,0,0,0,0.0,2323.0,0
38.819,856,1,2,1,51.9,23.67,7.5,1,1,0,3.0,2326.0,0
38.873,857,0,2,1,51.9,0.0,5.33,0,0,0,0.0,2326.0,0
38.903,858,1,2,1,51.9,23.31,7.5,1,0,1,0.0,2326.0,0
38.957,859,0,2,1,51.9,0.0,5.33,0,0,0,0.0,2326.0,0
38.987,860,1,2,1,51.9,25.09,7.5,1,0,1,0.0,2326.0,0
39.042,861,0,2,1,51.9,0.0,5.33,0,0,0,0.0,2326.0,0
39.072,862,1,2,1,51.9,21.88,7.5,0,0,0,0.0,2326.0,0
39.124,863,0,2,1,51.9,0.0,5.33,0,0,0,0.0,2326.0,0
39.154,864,1,2,1,51.9,23.45,7.5,1,0,1,0.0,2326.0,0
39.208,865,0,2,1,51.9,0.0,5.33,0,0,0,0.0,2326.0,0
39.238,866,1,2,1,51.9,23.26,7.5,2,0,2,0.0,2326.0,0
39.292,867,0,2,1,51.9,0.0,5.33,0,0,0,0.0,2326.0,0
39.322,868,1,2,1,51.9,23.45,7.5,1,0,1,0.0,2326.0,0
39.378,869,0,2,1,51.9,0.0,5.33,0,0,0,0.0,2326.0,0
39.408,870,1,2,1,51.9,23.43,7.5,1,0,1,0.0,2326.0,0
39.462,871,0,2,1,51.9,0.0,5.33,0,0,0,0.0,2326.0,0
39.492,872,1,2,1,51.9,22.18,7.5,0,0,0,0.0,2326.0,0
39.544,873,0,2,1,51.9,0.0,5.33,0,0,0,0.0,2326.0,0
39.574,874,1,2,1,51.9,27.94,7.5,1,0,1,0.0,2326.0,0
39.632,875,0,2,1,51.9,0.0,5.33,0,0,0,0.0,2326.0,0
39.662,876,1,2,1,51.9,21.5,7.5,0,0,0,0.0,2326.0,0
39.714,877,0,2,1,51.9,0.0,5.33,0,0,0,0.0,2326.0,0
39.743,878,1,2,1,51.9,21.61,7.5,0,0,0,0.0,2326.0,0
39.795,879,0,2,1,51.9,0.0,5.33,0,0,0,0.0,2326.0,0
39.825,880,1,2,1,51.9,23.16,7.5,0,0,0,0.0,2326.0,0
39.878,881,0,2,1,51.9,0.0,5.33,0,0,0,0.0,2326.0,0
39.909,882,1,2,1,51.9,21.81,7.5,0,0,0,0.0,2326.0,0
39.961,883,0,2,1,51.9,0.0,5.33,0,0,0,0.0,2326.0,0
39.992,884,1,2,1,51.9,23.97,7.5,1,0,1,0.0,2326.0,0
40.047,885,0,2,1,52.0,0.0,5.33,0,0,0,0.0,2326.0,0
40.077,886,1,2,1,52.0,21.83,7.5,0,0,0,0.0,2326.0,0
40.129,887,0,2,1,52.0,0.0,5.33,0,0,0,0.0,2326.0,0
40.159,888,1,2,1,52.0,23.56,7.5,1,0,1,0.0,2326.0,0
40.214,889,0,2,1,52.0,0.0,5.33,0,0,0,0.0,2326.0,0
40.244,890,1,2,1,52.0,36.74,7.5,2,0,2,0.0,2326.0,0
40.312,891,0,2,1,52.0,0.0,5.33,0,0,0,0.0,2326.0,0
40.342,892,1,2,1,52.0,22.16,7.5,0,0,0,0.0,2326.0,0
40.394,893,0,2,1,52.0,0.0,5.33,0,0,0,0.0,2326.0,0
40.425,894,1,2,1,52.0,21.55,7.5,0,0,0,0.0,2326.0,0
40.476,895,0,2,1,52.0,0.0,5.33,0,0,0,0.0,2326.0,0
40.508,896,1,2,1,52.0,23.79,7.5,1,0,1,0.0,2326.0,0
40.563,897,0,2,1,52.0,0.0,5.33,0,0,0,0.0,2326.0,0
40.593,898,1,2,1,52.0,23.7,7.5,1,0,1,80.0,2406.0,1
40.648,899,0,2,1,52.0,0.0,5.33,0,0,0,0.0,2406.0,0
40.678,900,1,2,1,52.0,23.25,7.5,1,0,1,0.0,2406.0,0
40.732,901,0,2,1,52.0,0.0,5.33,0,0,0,0.0,2406.0,0
40.762,902,1,2,1,52.0,23.65,7.5,1,0,1,0.0,2406.0,0
40.816,903,0,2,1,52.0,0.0,5.33,0,0,0,0.0,2406.0,0
40.847,904,1,2,1,52.0,24.11,7.5,1,0,1,0.0,2406.0,0
40.902,905,0,2,1,52.0,0.0,5.33,0,0,0,0.0,2406.0,0
40.932,906,1,2,1,52.0,24.13,7.5,1,0,1,0.0,2406.0,0
40.987,907,0,2,1,52.0,0.0,5.33,0,0,0,0.0,2406.0,0
41.017,908,1,2,1,52.0,22.56,7.5,0,0,0,0.0,2406.0,0
41.071,909,0,2,1,51.8,0.0,5.33,0,0,0,0.0,2406.0,0
41.101,910,1,2,1,51.8,22.18,7.5,0,0,0,0.0,2406.0,0
41.154,911,0,2,1,51.8,0.0,5.33,0,0,0,0.0,2406.0,0
41.184,912,1,2,1,51.8,24.15,7.5,0,0,0,0.0,2406.0,0
41.239,913,0,2,1,51.8,0.0,5.33,0,0,0,0.0,2406.0,0
41.269,914,1,2,1,51.8,21.63,7.5,0,0,0,0.0,2406.0,0
41.321,915,0,2,1,51.8,0.0,5.33,0,0,0,0.0,2406.0,0
41.351,916,1,2,1,51.8,21.49,7.5,0,0,0,0.0,2406.0,0
41.403,917,0,2,1,51.8,0.0,5.33,0,0,0,0.0,2406.0,0
41.433,918,1,2,1,51.8,23.74,7.5,2,0,2,0.0,2406.0,0
41.488,919,0,2,1,51.8,0.0,5.33,0,0,0,0.0,2406.0,0
41.518,920,1,2,1,51.8,23.26,7.5,2,0,2,0.0,2406.0,0
41.574,921,0,2,1,51.8,0.0,5.33,0,0,0,0.0,2406.0,0
41.605,922,1,2,1,51.8,25.26,7.5,3,1,2,3.0,2409.0,0
41.661,923,0,2,1,51.8,0.0,5.33,0,0,0,0.0,2409.0,0
41.691,924,1,2,1,51.8,23.58,7.5,1,0,1,0.0,2409.0,0
41.746,925,0,2,1,51.8,0.0,5.33,0,0,0,0.0,2409.0,0
41.776,926,1,2,1,51.8,23.45,7.5,1,0,1,0.0,2409.0,0
41.83,927,0,2,1,51.8,0.0,5.33,0,0,0,0.0,2409.0,0
41.86,928,1,2,1,51.8,23.43,7.5,2,0,2,0.0,2409.0,0
41.914,929,0,2,1,51.8,0.0,5.33,0,0,0,0.0,2409.0,0
41.945,930,1,2,1,51.8,23.74,7.5,3,0,3,0.0,2409.0,0
41.999,931,0,2,1,51.8,0.0,5.33,0,0,0,0.0,2409.0,0
42.029,932,1,2,1,51.8,23.39,7.5,2,0,2,0.0,2409.0,0
42.083,933,0,2,1,52.2,0.0,5.33,0,0,0,0.0,2409.0,0
42.113,934,1,2,1,52.2,24.29,7.5,3,0,3,0.0,2409.0,0
42.169,935,0,2,1,52.2,0.0,5.33,0,0,0,0.0,2409.0,0
42.198,936,1,2,1,52.2,27.68,7.5,4,0,4,0.0,2409.0,0
42.257,937,0,2,1,52.2,0.0,5.33,0,0,0,0.0,2409.0,0
42.288,938,1,2,1,52.2,23.76,7.5,5,1,4,3.0,2412.0,0
42.343,939,0,2,1,52.2,0.0,5.33,0,0,0,0.0,2412.0,0
42.373,940,1,2,1,52.2,23.5,7.5,6,0,6,0.0,2412.0,0
42.428,941,0,2,1,52.2,0.0,5.33,0,0,0,0.0,2412.0,0
42.458,942,1,2,1,52.2,23.66,7.5,5,0,5,0.0,2412.0,0
42.513,943,0,2,1,52.2,0.0,5.33,0,0,0,0.0,2412.0,0
42.543,944,1,2,1,52.2,23.68,7.5,6,0,6,0.0,2412.0,0
42.598,945,0,2,1,52.2,0.0,5.33,0,0,0,0.0,2412.0,0
42.631,946,1,2,1,52.2,23.34,7.5,1,1,0,3.0,2415.0,0
42.685,947,0,2,1,52.2,0.0,5.33,0,0,0,0.0,2415.0,0
42.715,948,1,2,1,52.2,23.38,7.5,7,0,7,0.0,2415.0,0
42.77,949,0,2,1,52.2,0.0,5.33,0,0,0,0.0,2415.0,0
42.8,950,1,2,1,52.2,28.24,7.5,3,0,3,0.0,2415.0,0
42.859,951,0,2,1,52.2,0.0,5.33,0,0,0,0.0,2415.0,0
42.889,952,1,2,1,52.2,21.68,7.5,0,0,0,0.0,2415.0,0
42.941,953,0,2,1,52.2,0.0,5.33,0,0,0,0.0,2415.0,0
42.971,954,1,2,1,52.2,23.58,7.5,2,0,2,0.0,2415.0,0
43.026,955,0,2,1,52.2,0.0,5.33,0,0,0,0.0,2415.0,0
43.056,956,1,2,1,51.8,23.44,7.5,5,0,5,0.0,2415.0,0
43.111,957,0,2,1,51.8,0.0,5.33,0,0,0,0.0,2415.0,0
43.141,958,1,2,1,51.8,24.06,7.5,6,1,5,83.0,2498.0,1
43.199,959,0,2,1,51.8,0.0,5.33,0,0,0,0.0,2498.0,0
43.232,960,1,2,1,51.8,23.38,7.5,3,0,3,0.0,2498.0,0
43.286,961,0,2,1,51.8,0.0,5.33,0,0,0,0.0,2498.0,0
43.316,962,1,2,1,51.8,23.51,7.5,3,0,3,0.0,2498.0,0
43.371,963,0,2,1,51.8,0.0,5.33,0,0,0,0.0,2498.0,0
43.401,964,1,2,1,51.8,27.93,7.5,3,0,3,0.0,2498.0,0
43.459,965,0,2,1,51.8,0.0,5.33,0,0,0,0.0,2498.0,0
43.49,966,1,2,1,51.8,23.39,7.5,3,0,3,0.0,2498.0,0
43.544,967,0,2,1,51.8,0.0,5.33,0,0,0,0.0,2498.0,0
43.574,968,1,2,1,51.8,23.59,7.5,4,0,4,0.0,2498.0,0
43.629,969,0,2,1,51.8,0.0,5.33,0,0,0,0.0,2498.0,0
43.659,970,1,2,1,51.8,23.62,7.5,3,0,3,0.0,2498.0,0
43.715,971,0,2,1,51.8,0.0,5.33,0,0,0,0.0,2498.0,0
43.745,972,1,2,1,51.8,23.36,7.5,2,0,2,0.0,2498.0,0
43.799,973,0,2,1,51.8,0.0,5.33,0,0,0,0.0,2498.0,0
43.83,974,1,2,1,51.8,23.41,7.5,4,0,4,0.0,2498.0,0
43.884,975,0,2,1,51.8,0.0,5.33,0,0,0,0.0,2498.0,0
43.914,976,1,2,1,51.8,23.4,7.5,4,0,4,0.0,2498.0,0
43.969,977,0,2,1,51.8,0.0,5.33,0,0,0,0.0,2498.0,0
43.999,978,1,2,1,51.8,26.1,7.5,2,0,2,0.0,2498.0,0
44.056,979,0,2,1,51.8,0.0,5.33,0,0,0,0.0,2498.0,0
44.087,980,1,2,1,51.8,23.61,7.5,1,0,1,0.0,2498.0,0
44.141,981,0,2,1,51.8,0.0,5.33,0,0,0,0.0,2498.0,0
44.172,982,1,2,1,51.8,23.67,7.5,3,0,3,0.0,2498.0,0
44.227,983,0,2,1,51.8,0.0,5.33,0,0,0,0.0,2498.0,0
44.257,984,1,2,1,51.8,23.3,7.5,4,0,4,0.0,2498.0,0
44.311,985,0,2,1,51.8,0.0,5.33,0,0,0,0.0,2498.0,0
44.342,986,1,2,1,51.8,23.94,7.5,3,0,3,0.0,2498.0,0
44.397,987,0,2,1,51.8,0.0,5.33,0,0,0,0.0,2498.0,0
44.427,988,1,2,1,51.8,25.78,7.5,4,0,4,0.0,2498.0,0
44.484,989,0,2,1,51.8,0.0,5.33,0,0,0,0.0,2498.0,0
44.514,990,1,2,1,51.8,23.56,7.5,4,0,4,0.0,2498.0,0
44.569,991,0,2,1,51.8,0.0,5.33,0,0,0,0.0,2498.0,0
44.599,992,1,2,1,51.8,25.55,7.5,4,0,4,0.0,2498.0,0
44.656,993,0,2,1,51.8,0.0,5.33,0,0,0,0.0,2498.0,0
44.686,994,1,2,1,51.8,23.72,7.5,3,0,3,0.0,2498.0,0
44.741,995,0,2,1,51.8,0.0,5.33,0,0,0,0.0,2498.0,0
44.774,996,1,2,1,51.8,23.53,7.5,2,0,2,0.0,2498.0,0
44.829,997,0,2,1,51.8,0.0,5.33,0,0,0,0.0,2498.0,0
44.859,998,1,2,1,51.8,23.33,7.5,2,0,2,0.0,2498.0,0
44.913,999,0,2,1,51.8,0.0,5.33,0,0,0,0.0,2498.0,0
44.943,1000,1,2,1,51.8,24.12,7.5,1,0,1,0.0,2498.0,0
44.998,1001,0,2,1,51.8,0.0,5.33,0,0,0,0.0,2498.0,0
45.028,1002,1,2,1,51.8,25.02,7.5,1,0,1,0.0,2498.0,0
45.084,1003,0,2,1,51.7,0.0,5.33,0,0,0,0.0,2498.0,0
45.114,1004,1,2,1,51.7,23.83,7.5,2,0,2,0.0,2498.0,0
45.169,1005,0,2,1,51.7,0.0,5.33,0,0,0,0.0,2498.0,0
45.2,1006,1,2,1,51.7,23.56,7.5,5,0,5,0.0,2498.0,0
45.255,1007,0,2,1,51.7,0.0,5.33,0,0,0,0.0,2498.0,0
45.285,1008,1,2,1,51.7,33.66,7.5,4,0,4,0.0,2498.0,0
45.35,1009,0,2,1,51.7,0.0,5.33,0,0,0,0.0,2498.0,0
45.38,1010,1,2,1,51.7,24.01,7.5,5,0,5,0.0,2498.0,0
45.436,1011,0,2,1,51.7,0.0,5.33,0,0,0,0.0,2498.0,0
45.466,1012,1,2,1,51.7,23.61,7.5,6,0,6,0.0,2498.0,0
45.521,1013,0,2,1,51.7,0.0,5.33,0,0,0,0.0,2498.0,0
45.552,1014,1,2,1,51.7,23.6,7.5,5,0,5,0.0,2498.0,0
45.606,1015,0,2,1,51.7,0.0,5.33,0,0,0,0.0,2498.0,0
45.637,1016,1,2,1,51.7,23.75,7.5,5,0,5,0.0,2498.0,0
45.692,1017,0,2,1,51.7,0.0,5.33,0,0,0,0.0,2498.0,0
45.722,1018,1,2,1,51.7,23.43,7.5,5,0,5,0.0,2498.0,0
45.777,1019,0,2,1,51.7,0.0,5.33,0,0,0,0.0,2498.0,0
45.807,1020,1,2,1,51.7,26.08,7.5,3,0,3,0.0,2498.0,0
45.864,1021,0,2,1,51.7,0.0,5.33,0,0,0,0.0,2498.0,0
45.895,1022,1,2,1,51.7,23.76,7.5,1,0,1,0.0,2498.0,0
45.951,1023,0,2,1,51.7,0.0,5.33,0,0,0,0.0,2498.0,0
45.981,1024,1,2,1,51.7,23.76,7.5,3,0,3,0.0,2498.0,0
46.037,1025,0,2,1,51.7,0.0,5.33,0,0,0,0.0,2498.0,0
46.067,1026,1,2,1,52.0,23.39,7.5,2,0,2,0.0,2498.0,0
46.121,1027,0,2,1,52.0,0.0,5.33,0,0,0,0.0,2498.0,0
46.152,1028,1,2,1,52.0,24.09,7.5,3,0,3,0.0,2498.0,0
46.207,1029,0,2,1,52.0,0.0,5.33,0,0,0,0.0,2498.0,0
46.237,1030,1,2,1,52.0,23.81,7.5,3,0,3,0.0,2498.0,0
46.292,1031,0,2,1,52.0,0.0,5.33,0,0,0,0.0,2498.0,0
46.322,1032,1,2,1,52.0,23.47,7.5,4,0,4,0.0,2498.0,0
46.377,1033,0,2,1,52.0,0.0,5.33,0,0,0,0.0,2498.0,0
46.407,1034,1,2,1,52.0,23.76,7.5,2,0,2,0.0,2498.0,0
46.462,1035,0,2,1,52.0,0.0,5.33,0,0,0,0.0,2498.0,0
46.492,1036,1,2,1,52.0,23.93,7.5,1,0,1,0.0,2498.0,0
46.547,1037,0,2,1,52.0,0.0,5.33,0,0,0,0.0,2498.0,0
46.577,1038,1,2,1,52.0,23.72,7.5,1,0,1,0.0,2498.0,0
46.632,1039,0,2,1,52.0,0.0,5.33,0,0,0,0.0,2498.0,0
46.662,1040,1,2,1,52.0,23.46,7.5,2,0,2,0.0,2498.0,0
46.716,1041,0,2,1,52.0,0.0,5.33,0,0,0,0.0,2498.0,0
46.747,1042,1,2,1,52.0,23.46,7.5,3,0,3,0.0,2498.0,0
46.801,1043,0,2,1,52.0,0.0,5.33,0,0,0,0.0,2498.0,0
46.832,1044,1,2,1,52.0,26.47,7.5,4,0,4,0.0,2498.0,0
46.889,1045,0,2,1,52.0,0.0,5.33,0,0,0,0.0,2498.0,0
46.921,1046,1,2,1,52.0,23.49,7.5,3,0,3,0.0,2498.0,0
46.976,1047,0,2,1,52.0,0.0,5.33,0,0,0,0.0,2498.0,0
47.008,1048,1,2,1,52.0,23.73,7.5,2,0,2,0.0,2498.0,0
47.063,1049,0,2,1,52.1,0.0,5.33,0,0,0,0.0,2498.0,0
47.093,1050,1,2,1,52.1,23.97,7.5,2,0,2,0.0,2498.0,0
47.148,1051,0,2,1,52.1,0.0,5.33,0,0,0,0.0,2498.0,0
47.179,1052,1,2,1,52.1,23.3,7.5,2,0,2,0.0,2498.0,0
47.233,1053,0,2,1,52.1,0.0,5.33,0,0,0,0.0,2498.0,0
47.263,1054,1,2,1,52.1,23.62,7.5,1,0,1,0.0,2498.0,0
47.317,1055,0,2,1,52.1,0.0,5.33,0,0,0,0.0,2498.0,0
47.347,1056,1,2,1,52.1,23.5,7.5,3,0,3,0.0,2498.0,0
47.402,1057,0,2,1,52.1,0.0,5.33,0,0,0,0.0,2498.0,0
47.432,1058,1,2,1,52.1,26.62,7.5,3,0,3,0.0,2498.0,0
47.49,1059,0,2,1,52.1,0.0,5.33,0,0,0,0.0,2498.0,0
47.52,1060,1,2,1,52.1,24.18,7.5,4,0,4,0.0,2498.0,0
47.576,1061,0,2,1,52.1,0.0,5.33,0,0,0,0.0,2498.0,0
47.606,1062,1,2,1,52.1,23.87,7.5,3,0,3,0.0,2498.0,0
47.661,1063,0,2,1,52.1,0.0,5.33,0,0,0,0.0,2498.0,0
47.691,1064,1,2,1,52.1,23.38,7.5,2,0,2,0.0,2498.0,0
47.745,1065,0,2,1,52.1,0.0,5.33,0,0,0,0.0,2498.0,0
47.776,1066,1,2,1,52.1,23.79,7.5,4,0,4,0.0,2498.0,0
47.831,1067,0,2,1,52.1,0.0,5.33,0,0,0,0.0,2498.0,0
47.861,1068,1,2,1,52.1,23.8,7.5,3,0,3,0.0,2498.0,0
47.916,1069,0,2,1,52.1,0.0,5.33,0,0,0,0.0,2498.0,0
47.946,1070,1,2,1,52.1,23.71,7.5,4,0,4,0.0,2498.0,0
48.001,1071,0,2,1,52.1,0.0,5.33,0,0,0,0.0,2498.0,0
48.031,1072,1,2,1,52.1,28.01,7.5,3,0,3,0.0,2498.0,0
48.092,1073,0,2,1,52.0,0.0,5.33,0,0,0,0.0,2498.0,0
48.123,1074,1,2,1,52.0,24.35,7.5,5,0,5,0.0,2498.0,0
48.179,1075,0,2,1,52.0,0.0,5.33,0,0,0,0.0,2498.0,0
48.209,1076,1,2,1,52.0,23.81,7.5,4,0,4,0.0,2498.0,0
48.264,1077,0,2,1,52.0,0.0,5.33,0,0,0,0.0,2498.0,0
48.294,1078,1,2,1,52.0,23.54,7.5,2,0,2,0.0,2498.0,0
48.348,1079,0,2,1,52.0,0.0,5.33,0,0,0,0.0,2498.0,0
48.378,1080,1,2,1,52.0,23.76,7.5,4,0,4,0.0,2498.0,0
48.434,1081,0,2,1,52.0,0.0,5.33,0,0,0,0.0,2498.0,0
48.465,1082,1,2,1,52.0,23.65,7.5,4,0,4,0.0,2498.0,0
48.519,1083,0,2,1,52.0,0.0,5.33,0,0,0,0.0,2498.0,0
48.549,1084,1,2,1,52.0,23.53,7.5,4,0,4,0.0,2498.0,0
48.604,1085,0,2,1,52.0,0.0,5.33,0,0,0,0.0,2498.0,0
48.634,1086,1,2,1,52.0,26.72,7.5,2,0,2,0.0,2498.0,0
48.691,1087,0,2,1,52.0,0.0,5.33,0,0,0,0.0,2498.0,0
48.721,1088,1,2,1,52.0,23.74,7.5,6,0,6,0.0,2498.0,0
48.777,1089,0,2,1,52.0,0.0,5.33,0,0,0,0.0,2498.0,0
48.807,1090,1,2,1,52.0,23.51,7.5,5,0,5,0.0,2498.0,0
48.862,1091,0,2,1,52.0,0.0,5.33,0,0,0,0.0,2498.0,0
48.892,1092,1,2,1,52.0,23.53,7.5,7,0,7,0.0,2498.0,0
48.947,1093,0,2,1,52.0,0.0,5.33,0,0,0,0.0,2498.0,0
48.977,1094,1,2,1,52.0,23.77,7.5,8,0,8,0.0,2498.0,0
49.032,1095,0,2,1,52.0,0.0,5.33,0,0,0,0.0,2498.0,0
49.066,1096,1,2,1,52.2,23.48,7.5,9,0,9,0.0,2498.0,0
49.122,1097,0,2,1,52.2,0.0,5.33,0,0,0,0.0,2498.0,0
49.154,1098,1,2,1,52.2,23.83,7.5,6,0,6,0.0,2498.0,0
49.209,1099,0,2,1,52.2,0.0,5.33,0,0,0,0.0,2498.0,0
49.239,1100,1,2,1,52.2,26.16,7.5,6,0,6,0.0,2498.0,0
49.297,1101,0,2,1,52.2,0.0,5.33,0,0,0,0.0,2498.0,0
49.327,1102,1,2,1,52.2,23.35,7.5,7,0,7,0.0,2498.0,0
49.381,1103,0,2,1,52.2,0.0,5.33,0,0,0,0.0,2498.0,0
49.411,1104,1,2,1,52.2,23.67,7.5,4,0,4,0.0,2498.0,0
49.466,1105,0,2,1,52.2,0.0,5.33,0,0,0,0.0,2498.0,0
49.496,1106,1,2,1,52.2,23.97,7.5,4,0,4,0.0,2498.0,0
49.551,1107,0,2,1,52.2,0.0,5.33,0,0,0,0.0,2498.0,0
49.581,1108,1,2,1,52.2,23.38,7.5,4,0,4,0.0,2498.0,0
49.635,1109,0,2,1,52.2,0.0,5.33,0,0,0,0.0,2498.0,0
49.665,1110,1,2,1,52.2,26.2,7.5,2,0,2,0.0,2498.0,0
49.722,1111,0,2,1,52.2,0.0,5.33,0,0,0,0.0,2498.0,0
49.752,1112,1,2,1,52.2,23.28,7.5,2,0,2,0.0,2498.0,0
49.806,1113,0,2,1,52.2,0.0,5.33,0,0,0,0.0,2498.0,0
49.84,1114,1,2,1,52.2,24.7,7.5,3,0,3,0.0,2498.0,0
49.896,1115,0,2,1,52.2,0.0,5.33,0,0,0,0.0,2498.0,0
49.926,1116,1,2,1,52.2,23.61,7.5,1,0,1,0.0,2498.0,0
49.98,1117,0,2,1,52.2,0.0,5.33,0,0,0,0.0,2498.0,0
50.011,1118,1,2,1,52.2,23.91,7.5,1,0,1,0.0,2498.0,0
50.065,1119,0,2,1,51.9,0.0,5.33,0,0,0,0.0,2498.0,0
50.095,1120,1,2,1,51.9,21.93,7.5,0,0,0,0.0,2498.0,0
50.148,1121,0,2,1,51.9,0.0,5.33,0,0,0,0.0,2498.0,0
50.178,1122,1,2,1,51.9,23.7,7.5,1,0,1,0.0,2498.0,0
50.233,1123,0,2,1,51.9,0.0,5.33,0,0,0,0.0,2498.0,0
50.264,1124,1,2,1,51.9,24.19,7.5,0,0,0,0.0,2498.0,0
50.319,1125,0,2,1,51.9,0.0,5.33,0,0,0,0.0,2498.0,0
50.349,1126,1,2,1,51.9,21.69,7.5,0,0,0,0.0,2498.0,0
50.401,1127,0,2,1,51.9,0.0,5.33,0,0,0,0.0,2498.0,0
50.43,1128,1,2,1,51.9,23.69,7.5,2,0,2,0.0,2498.0,0
50.485,1129,0,2,1,51.9,0.0,5.33,0,0,0,0.0,2498.0,0
50.515,1130,1,2,1,51.9,23.77,7.5,2,0,2,0.0,2498.0,0
50.569,1131,0,2,1,51.9,0.0,5.33,0,0,0,0.0,2498.0,0
50.599,1132,1,2,1,51.9,23.42,7.5,3,0,3,0.0,2498.0,0
50.653,1133,0,2,1,51.9,0.0,5.33,0,0,0,0.0,2498.0,0
50.683,1134,1,2,1,51.9,23.59,7.5,4,0,4,0.0,2498.0,0
50.737,1135,0,2,1,51.9,0.0,5.33,0,0,0,0.0,2498.0,0
50.767,1136,1,2,1,51.9,23.66,7.5,3,0,3,0.0,2498.0,0
50.822,1137,0,2,1,51.9,0.0,5.33,0,0,0,0.0,2498.0,0
50.852,1138,1,2,1,51.9,27.39,7.5,3,0,3,0.0,2498.0,0
50.91,1139,0,2,1,51.9,0.0,5.33,0,0,0,0.0,2498.0,0
50.94,1140,1,2,1,51.9,23.68,7.5,3,0,3,0.0,2498.0,0
50.994,1141,0,2,1,51.9,0.0,5.33,0,0,0,0.0,2498.0,0
51.024,1142,1,2,1,51.9,23.65,7.5,3,0,3,0.0,2498.0,0
51.078,1143,0,2,1,52.0,0.0,5.33,0,0,0,0.0,2498.0,0
51.108,1144,1,2,1,52.0,23.66,7.5,3,0,3,0.0,2498.0,0
51.163,1145,0,2,1,52.0,0.0,5.33,0,0,0,0.0,2498.0,0
51.193,1146,1,2,1,52.0,23.63,7.5,1,0,1,0.0,2498.0,0
51.247,1147,0,2,1,52.0,0.0,5.33,0,0,0,0.0,2498.0,0
51.277,1148,1,2,1,52.0,23.63,7.5,3,0,3,0.0,2498.0,0
51.333,1149,0,2,1,52.0,0.0,5.33,0,0,0,0.0,2498.0,0
51.363,1150,1,2,1,52.0,23.46,7.5,3,0,3,0.0,2498.0,0
51.418,1151,0,2,1,52.0,0.0,5.33,0,0,0,0.0,2498.0,0
51.448,1152,1,2,1,52.0,26.28,7.5,2,0,2,0.0,2498.0,0
51.505,1153,0,2,1,52.0,0.0,5.33,0,0,0,0.0,2498.0,0
51.535,1154,1,2,1,52.0,23.71,7.5,2,0,2,0.0,2498.0,0
51.589,1155,0,2,1,52.0,0.0,5.33,0,0,0,0.0,2498.0,0
51.619,1156,1,2,1,52.0,23.41,7.5,2,0,2,0.0,2498.0,0
51.673,1157,0,2,1,52.0,0.0,5.33,0,0,0,0.0,2498.0,0
51.703,1158,1,2,1,52.0,23.66,7.5,2,0,2,0.0,2498.0,0
51.757,1159,0,2,1,52.0,0.0,5.33,0,0,0,0.0,2498.0,0
51.787,1160,1,2,1,52.0,23.52,7.5,3,0,3,0.0,2498.0,0
51.841,1161,0,2,1,52.0,0.0,5.33,0,0,0,0.0,2498.0,0
51.871,1162,1,2,1,52.0,23.5,7.5,2,0,2,0.0,2498.0,0
51.925,1163,0,2,1,52.0,0.0,5.33,0,0,0,0.0,2498.0,0
51.955,1164,1,2,1,52.0,23.9,7.5,2,0,2,0.0,2498.0,0
52.01,1165,0,2,1,52.0,0.0,5.33,0,0,0,0.0,2498.0,0
52.04,1166,1,2,1,52.0,23.74,7.5,3,0,3,0.0,2498.0,0
52.095,1167,0,2,1,51.9,0.0,5.33,0,0,0,0.0,2498.0,0
52.125,1168,1,2,1,51.9,24.17,7.5,3,0,3,0.0,2498.0,0
52.18,1169,0,2,1,51.9,0.0,5.33,0,0,0,0.0,2498.0,0
52.21,1170,1,2,1,51.9,23.87,7.5,2,0,2,0.0,2498.0,0
52.265,1171,0,2,1,51.9,0.0,5.33,0,0,0,0.0,2498.0,0
52.295,1172,1,2,1,51.9,24.02,7.5,4,0,4,0.0,2498.0,0
52.35,1173,0,2,1,51.9,0.0,5.33,0,0,0,0.0,2498.0,0
52.38,1174,1,2,1,51.9,24.19,7.5,4,0,4,0.0,2498.0,0
52.437,1175,0,2,1,51.9,0.0,5.33,0,0,0,0.0,2498.0,0
52.467,1176,1,2,1,51.9,27.92,7.5,3,0,3,0.0,2498.0,0
52.526,1177,0,2,1,51.9,0.0,5.33,0,0,0,0.0,2498.0,0
52.557,1178,1,2,1,51.9,23.97,7.5,2,0,2,0.0,2498.0,0
52.612,1179,0,2,1,51.9,0.0,5.33,0,0,0,0.0,2498.0,0
52.642,1180,1,2,1,51.9,23.37,7.5,1,0,1,0.0,2498.0,0
52.696,1181,0,2,1,51.9,0.0,5.33,0,0,0,0.0,2498.0,0
52.727,1182,1,2,1,51.9,23.84,7.5,4,0,4,0.0,2498.0,0
52.782,1183,0,2,1,51.9,0.0,5.33,0,0,0,0.0,2498.0,0
52.812,1184,1,2,1,51.9,23.93,7.5,1,0,1,0.0,2498.0,0
52.867,1185,0,2,1,51.9,0.0,5.33,0,0,0,0.0,2498.0,0
52.897,1186,1,2,1,51.9,23.5,7.5,2,0,2,0.0,2498.0,0
52.951,1187,0,2,1,51.9,0.0,5.33,0,0,0,0.0,2498.0,0
52.981,1188,1,2,1,51.9,23.85,7.5,3,0,3,0.0,2498.0,0
53.036,1189,0,2,1,51.9,0.0,5.33,0,0,0,0.0,2498.0,0
53.065,1190,1,2,1,52.1,26.2,7.5,1,0,1,0.0,2498.0,0
53.123,1191,0,2,1,52.1,0.0,5.33,0,0,0,0.0,2498.0,0
53.153,1192,1,2,1,52.1,23.49,7.5,2,0,2,0.0,2498.0,0
53.207,1193,0,2,1,52.1,0.0,5.33,0,0,0,0.0,2498.0,0
53.237,1194,1,2,1,52.1,23.88,7.5,1,0,1,0.0,2498.0,0
53.292,1195,0,2,1,52.1,0.0,5.33,0,0,0,0.0,2498.0,0
53.323,1196,1,2,1,52.1,23.7,7.5,2,0,2,0.0,2498.0,0
53.377,1197,0,2,1,52.1,0.0,5.33,0,0,0,0.0,2498.0,0
53.407,1198,1,2,1,52.1,23.42,7.5,1,0,1,0.0,2498.0,0
53.461,1199,0,2,1,52.1,0.0,5.33,0,0,0,0.0,2498.0,0
53.491,1200,1,2,1,52.1,24.14,7.5,3,0,3,0.0,2498.0,0
53.546,1201,0,2,1,52.1,0.0,5.33,0,0,0,0.0,2498.0,0
53.578,1202,1,2,1,52.1,23.75,7.5,2,0,2,0.0,2498.0,0
53.633,1203,0,2,1,52.1,0.0,5.33,0,0,0,0.0,2498.0,0
53.663,1204,1,2,1,52.1,21.51,7.5,0,0,0,0.0,2498.0,0
53.715,1205,0,2,1,52.1,0.0,5.33,0,0,0,0.0,2498.0,0
53.745,1206,1,2,1,52.1,23.57,7.5,4,0,4,0.0,2498.0,0
53.799,1207,0,2,1,52.1,0.0,5.33,0,0,0,0.0,2498.0,0
53.829,1208,1,2,1,52.1,21.95,7.5,0,0,0,0.0,2498.0,0
53.881,1209,0,2,1,52.1,0.0,5.33,0,0,0,0.0,2498.0,0
53.911,1210,1,2,1,52.1,21.53,7.5,0,0,0,0.0,2498.0,0
53.963,1211,0,2,1,52.1,0.0,5.33,0,0,0,0.0,2498.0,0
53.993,1212,1,2,1,52.1,23.63,7.5,3,0,3,0.0,2498.0,0
54.047,1213,0,2,1,52.1,0.0,5.33,0,0,0,0.0,2498.0,0
54.077,1214,1,2,1,51.9,28.43,7.5,1,0,1,0.0,2498.0,0
54.136,1215,0,2,1,51.9,0.0,5.33,0,0,0,0.0,2498.0,0
54.166,1216,1,2,1,51.9,23.36,7.5,3,0,3,0.0,2498.0,0
54.22,1217,0,2,1,51.9,0.0,5.33,0,0,0,0.0,2498.0,0
54.25,1218,1,2,1,51.9,23.75,7.5,3,0,3,0.0,2498.0,0
54.305,1219,0,2,1,51.9,0.0,5.33,0,0,0,0.0,2498.0,0
54.335,1220,1,2,1,51.9,23.64,7.5,1,0,1,0.0,2498.0,0
54.388,1221,0,2,1,51.9,0.0,5.33,0,0,0,0.0,2498.0,0
54.418,1222,1,2,1,51.9,23.43,7.5,1,0,1,0.0,2498.0,0
54.472,1223,0,2,1,51.9,0.0,5.33,0,0,0,0.0,2498.0,0
54.502,1224,1,2,1,51.9,21.89,7.5,0,0,0,0.0,2498.0,0
54.554,1225,0,2,1,51.9,0.0,5.33,0,0,0,0.0,2498.0,0
54.586,1226,1,2,1,51.9,23.57,7.5,1,0,1,0.0,2498.0,0
54.64,1227,0,2,1,51.9,0.0,5.33,0,0,0,0.0,2498.0,0
54.67,1228,1,2,1,51.9,26.45,7.5,1,0,1,0.0,2498.0,0
54.727,1229,0,2,1,51.9,0.0,5.33,0,0,0,0.0,2498.0,0
54.757,1230,1,2,1,51.9,23.51,7.5,1,0,1,0.0,2498.0,0
54.811,1231,0,2,1,51.9,0.0,5.33,0,0,0,0.0,2498.0,0
54.841,1232,1,2,1,51.9,23.6,7.5,1,0,1,0.0,2498.0,0
54.895,1233,0,2,1,51.9,0.0,5.33,0,0,0,0.0,2498.0,0
54.925,1234,1,2,1,51.9,23.28,7.5,1,0,1,0.0,2498.0,0
54.979,1235,0,2,1,51.9,0.0,5.33,0,0,0,0.0,2498.0,0
55.009,1236,1,2,1,51.9,23.45,7.5,1,0,1,0.0,2498.0,0
55.063,1237,0,2,1,52.2,0.0,5.33,0,0,0,0.0,2498.0,0
55.092,1238,1,2,1,52.2,25.42,7.5,1,0,1,0.0,2498.0,0
55.148,1239,0,2,1,52.2,0.0,5.33,0,0,0,0.0,2498.0,0
55.179,1240,1,2,1,52.2,23.36,7.5,1,0,1,0.0,2498.0,0
55.232,1241,0,2,1,52.2,0.0,5.33,0,0,0,0.0,2498.0,0
55.262,1242,1,2,1,52.2,23.61,7.5,1,1,0,3.0,3.0,0
55.316,1243,0,2,1,52.2,0.0,5.33,0,0,0,0.0,3.0,0
55.347,1244,1,2,1,52.2,31.06,7.5,0,0,0,0.0,3.0,0
55.408,1245,0,2,1,52.2,0.0,5.33,0,0,0,0.0,3.0,0
55.438,1246,1,2,1,52.2,23.26,7.5,1,0,1,0.0,3.0,0
55.491,1247,0,2,1,52.2,0.0,5.33,0,0,0,0.0,3.0,0
55.521,1248,1,2,1,52.2,23.57,7.5,1,0,1,0.0,3.0,0
55.575,1249,0,2,1,52.2,0.0,5.33,0,0,0,0.0,3.0,0
55.605,1250,1,2,1,52.2,23.7,7.5,1,0,1,0.0,3.0,0
55.661,1251,0,2,1,52.2,0.0,5.33,0,0,0,0.0,3.0,0
55.691,1252,1,2,1,52.2,27.76,7.5,1,0,1,0.0,3.0,0
55.749,1253,0,2,1,52.2,0.0,5.33,0,0,0,0.0,3.0,0
55.779,1254,1,2,1,52.2,23.7,7.5,3,0,3,0.0,3.0,0
55.834,1255,0,2,1,52.2,0.0,5.33,0,0,0,0.0,3.0,0
55.864,1256,1,2,1,52.2,21.91,7.5,0,0,0,0.0,3.0,0
55.916,1257,0,2,1,52.2,0.0,5.33,0,0,0,0.0,3.0,0
55.946,1258,1,2,1,52.2,21.67,7.5,0,0,0,80.0,83.0,1
55.998,1259,0,2,1,52.2,0.0,5.33,0,0,0,0.0,83.0,0
56.028,1260,1,2,1,52.2,23.64,7.5,1,0,1,0.0,83.0,0
56.082,1261,0,2,1,52.1,0.0,5.33,0,0,0,0.0,83.0,0
56.112,1262,1,2,1,52.1,22.07,7.5,0,0,0,0.0,83.0,0
56.164,1263,0,2,1,52.1,0.0,5.33,0,0,0,0.0,83.0,0
56.194,1264,1,2,1,52.1,21.55,7.5,0,0,0,0.0,83.0,0
56.246,1265,0,2,1,52.1,0.0,5.33,0,0,0,0.0,83.0,0
56.276,1266,1,2,1,52.1,23.49,7.5,2,0,2,0.0,83.0,0
56.33,1267,0,2,1,52.1,0.0,5.33,0,0,0,0.0,83.0,0
56.36,1268,1,2,1,52.1,21.82,7.5,0,0,0,0.0,83.0,0
56.412,1269,0,2,1,52.1,0.0,5.33,0,0,0,0.0,83.0,0
56.441,1270,1,2,1,52.1,21.6,7.5,0,0,0,0.0,83.0,0
56.493,1271,0,2,1,52.1,0.0,5.33,0,0,0,0.0,83.0,0
56.523,1272,1,2,1,52.1,21.79,7.5,0,0,0,0.0,83.0,0
56.574,1273,0,2,1,52.1,0.0,5.33,0,0,0,0.0,83.0,0
56.604,1274,1,2,1,52.1,23.58,7.5,1,0,1,0.0,83.0,0
56.659,1275,0,2,1,52.1,0.0,5.33,0,0,0,0.0,83.0,0
56.689,1276,1,2,1,52.1,25.78,7.5,0,0,0,0.0,83.0,0
56.745,1277,0,2,1,52.1,0.0,5.33,0,0,0,0.0,83.0,0
56.775,1278,1,2,1,52.1,23.59,7.5,1,0,1,0.0,83.0,0
56.829,1279,0,2,1,52.1,0.0,5.33,0,0,0,0.0,83.0,0
56.859,1280,1,2,1,52.1,23.74,7.5,1,0,1,0.0,83.0,0
56.914,1281,0,2,1,52.1,0.0,5.33,0,0,0,0.0,83.0,0
56.948,1282,1,2,1,52.1,23.43,7.5,1,1,0,3.0,86.0,0
57.002,1283,0,2,1,52.1,0.0,5.33,0,0,0,0.0,86.0,0
57.032,1284,1,2,1,52.1,23.73,7.5,1,0,1,0.0,86.0,0
57.086,1285,0,2,1,52.2,0.0,5.33,0,0,0,0.0,86.0,0
57.116,1286,1,2,1,52.2,23.97,7.5,2,0,2,0.0,86.0,0
57.171,1287,0,2,1,52.2,0.0,5.33,0,0,0,0.0,86.0,0
57.201,1288,1,2,1,52.2,23.48,7.5,1,0,1,0.0,86.0,0
57.254,1289,0,2,1,52.2,0.0,5.33,0,0,0,0.0,86.0,0
57.284,1290,1,2,1,52.2,23.81,7.5,1,0,1,0.0,86.0,0
57.339,1291,0,2,1,52.2,0.0,5.33,0,0,0,0.0,86.0,0
57.368,1292,1,2,1,52.2,21.54,7.5,0,0,0,0.0,86.0,0
57.42,1293,0,2,1,52.2,0.0,5.33,0,0,0,0.0,86.0,0
57.45,1294,1,2,1,52.2,23.43,7.5,1,0,1,0.0,86.0,0
57.504,1295,0,2,1,52.2,0.0,5.33,0,0,0,0.0,86.0,0
57.534,1296,1,2,1,52.2,21.8,7.5,0,0,0,0.0,86.0,0
57.586,1297,0,2,1,52.2,0.0,5.33,0,0,0,0.0,86.0,0
57.615,1298,1,2,1,52.2,23.45,7.5,1,0,1,0.0,86.0,0
57.669,1299,0,2,1,52.2,0.0,5.33,0,0,0,0.0,86.0,0
57.699,1300,1,2,1,52.2,25.85,7.5,2,0,2,0.0,86.0,0
57.755,1301,0,2,1,52.2,0.0,5.33,0,0,0,0.0,86.0,0
57.785,1302,1,2,1,52.2,23.69,7.5,2,0,2,0.0,86.0,0
57.84,1303,0,2,1,52.2,0.0,5.33,0,0,0,0.0,86.0,0
57.87,1304,1,2,1,52.2,23.36,7.5,3,0,3,0.0,86.0,0
57.924,1305,0,2,1,52.2,0.0,5.33,0,0,0,0.0,86.0,0
57.954,1306,1,2,1,52.2,23.31,7.5,1,0,1,0.0,86.0,0
58.008,1307,0,2,1,52.2,0.0,5.33,0,0,0,0.0,86.0,0
58.038,1308,1,2,1,52.2,24.06,7.5,1,0,1,0.0,86.0,0
58.092,1309,0,2,1,52.3,0.0,5.33,0,0,0,0.0,86.0,0
58.122,1310,1,2,1,52.3,25.37,7.5,2,0,2,0.0,86.0,0
58.178,1311,0,2,1,52.3,0.0,5.33,0,0,0,0.0,86.0,0
58.208,1312,1,2,1,52.3,21.49,7.5,0,0,0,0.0,86.0,0
58.259,1313,0,2,1,52.3,0.0,5.33,0,0,0,0.0,86.0,0
58.289,1314,1,2,1,52.3,23.32,7.5,3,0,3,0.0,86.0,0
58.382,1315,0,2,1,52.3,0.0,5.33,0,0,0,0.0,86.0,0
58.412,1316,1,2,1,52.3,24.04,7.5,2,1,1,3.0,89.0,0
58.467,1317,0,2,1,52.3,0.0,5.33,0,0,0,0.0,89.0,0
58.497,1318,1,2,1,52.3,26.21,7.5,2,1,1,83.0,172.0,1
58.554,1319,0,2,1,52.3,0.0,5.33,0,0,0,0.0,172.0,0
58.584,1320,1,2,1,52.3,23.49,7.5,1,1,0,3.0,175.0,0
58.638,1321,0,2,1,52.3,0.0,5.33,0,0,0,0.0,175.0,0
58.668,1322,1,2,1,52.3,23.76,7.5,3,1,2,3.0,178.0,0
58.723,1323,0,2,1,52.3,0.0,5.33,0,0,0,0.0,178.0,0
58.753,1324,1,2,1,52.3,23.66,7.5,3,1,2,3.0,181.0,0
58.807,1325,0,2,1,52.3,0.0,5.33,0,0,0,0.0,181.0,0
58.837,1326,1,2,1,52.3,24.47,7.5,2,0,2,0.0,181.0,0
58.892,1327,0,2,1,52.3,0.0,5.33,0,0,0,0.0,181.0,0
58.922,1328,1,2,1,52.3,25.83,7.5,2,0,2,0.0,181.0,0
58.979,1329,0,2,1,52.3,0.0,5.33,0,0,0,0.0,181.0,0
59.009,1330,1,2,1,52.3,23.69,7.5,3,1,2,3.0,184.0,0
59.063,1331,0,2,1,52.3,0.0,5.33,0,0,0,0.0,184.0,0
59.093,1332,1,2,1,52.0,23.49,7.5,1,1,0,3.0,187.0,0
59.147,1333,0,2,1,52.0,0.0,5.33,0,0,0,0.0,187.0,0
59.178,1334,1,2,1,52.0,23.75,7.5,3,1,2,3.0,190.0,0
59.232,1335,0,2,1,52.0,0.0,5.33,0,0,0,0.0,190.0,0
59.262,1336,1,2,1,52.0,23.74,7.5,3,0,3,0.0,190.0,0
59.317,1337,0,2,1,52.0,0.0,5.33,0,0,0,0.0,190.0,0
59.347,1338,1,2,1,52.0,23.45,7.5,1,0,1,0.0,190.0,0
59.4,1339,0,2,1,52.0,0.0,5.33,0,0,0,0.0,190.0,0
59.43,1340,1,2,1,52.0,23.53,7.5,2,0,2,0.0,190.0,0
59.485,1341,0,2,1,52.0,0.0,5.33,0,0,0,0.0,190.0,0
59.515,1342,1,2,1,52.0,28.16,7.5,1,0,1,0.0,190.0,0
59.573,1343,0,2,1,52.0,0.0,5.33,0,0,0,0.0,190.0,0
59.603,1344,1,2,1,52.0,23.37,7.5,2,0,2,0.0,190.0,0
59.657,1345,0,2,1,52.0,0.0,5.33,0,0,0,0.0,190.0,0
59.687,1346,1,2,1,52.0,23.65,7.5,3,0,3,0.0,190.0,0
59.742,1347,0,2,1,52.0,0.0,5.33,0,0,0,0.0,190.0,0
59.772,1348,1,2,1,52.0,23.75,7.5,1,0,1,0.0,190.0,0
59.826,1349,0,2,1,52.0,0.0,5.33,0,0,0,0.0,190.0,0
59.856,1350,1,2,1,52.0,23.52,7.5,2,0,2,0.0,190.0,0
59.91,1351,0,2,1,52.0,0.0,5.33,0,0,0,0.0,190.0,0
59.94,1352,1,2,1,52.0,23.76,7.5,1,0,1,0.0,190.0,0
59.994,1353,0,2,1,52.0,0.0,5.33,0,0,0,0.0,190.0,0
60.024,1354,1,2,1,52.0,23.71,7.5,1,0,1,0.0,190.0,0
60.078,1355,0,2,1,52.2,0.0,5.33,0,0,0,0.0,190.0,0
60.108,1356,1,2,1,52.2,27.17,7.5,1,0,1,0.0,190.0,0
60.166,1357,0,2,1,52.2,0.0,5.33,0,0,0,0.0,190.0,0
60.196,1358,1,2,1,52.2,23.74,7.5,1,0,1,0.0,190.0,0
60.25,1359,0,2,1,52.2,0.0,5.33,0,0,0,0.0,190.0,0
60.28,1360,1,2,1,52.2,23.69,7.5,1,0,1,0.0,190.0,0
60.334,1361,0,2,1,52.2,0.0,5.33,0,0,0,0.0,190.0,0
60.364,1362,1,2,1,52.2,32.87,7.5,1,0,1,0.0,190.0,0
60.428,1363,0,2,1,52.2,0.0,5.33,0,0,0,0.0,190.0,0
60.458,1364,1,2,1,52.2,23.76,7.5,1,0,1,0.0,190.0,0
60.512,1365,0,2,1,52.2,0.0,5.33,0,0,0,0.0,190.0,0
60.542,1366,1,2,1,52.2,23.75,7.5,1,0,1,0.0,190.0,0
60.596,1367,0,2,1,52.2,0.0,5.33,0,0,0,0.0,190.0,0
60.626,1368,1,2,1,52.2,23.36,7.5,2,0,2,0.0,190.0,0
60.68,1369,0,2,1,52.2,0.0,5.33,0,0,0,0.0,190.0,0
60.71,1370,1,2,1,52.2,25.65,7.5,2,0,2,0.0,190.0,0
60.766,1371,0,2,1,52.2,0.0,5.33,0,0,0,0.0,190.0,0
60.796,1372,1,2,1,52.2,23.66,7.5,1,0,1,0.0,190.0,0
60.85,1373,0,2,1,52.2,0.0,5.33,0,0,0,0.0,190.0,0
60.88,1374,1,2,1,52.2,23.4,7.5,1,0,1,0.0,190.0,0
60.934,1375,0,2,1,52.2,0.0,5.33,0,0,0,0.0,190.0,0
60.964,1376,1,2,1,52.2,23.69,7.5,1,0,1,0.0,190.0,0
61.018,1377,0,2,1,52.2,0.0,5.33,0,0,0,0.0,190.0,0
61.048,1378,1,2,1,52.2,21.9,7.5,0,0,0,80.0,270.0,1
61.1,1379,0,2,1,52.1,0.0,5.33,0,0,0,0.0,270.0,0
61.13,1380,1,2,1,52.1,21.92,7.5,0,0,0,0.0,270.0,0
61.182,1381,0,2,1,52.1,0.0,5.33,0,0,0,0.0,270.0,0
61.212,1382,1,2,1,52.1,23.7,7.5,1,0,1,0.0,270.0,0
61.266,1383,0,2,1,52.1,0.0,5.33,0,0,0,0.0,270.0,0
61.296,1384,1,2,1,52.1,22.03,7.5,0,0,0,0.0,270.0,0
61.348,1385,0,2,1,52.1,0.0,5.33,0,0,0,0.0,270.0,0
61.378,1386,1,2,1,52.1,23.25,7.5,1,0,1,0.0,270.0,0
61.432,1387,0,2,1,52.1,0.0,5.33,0,0,0,0.0,270.0,0
61.462,1388,1,2,1,52.1,23.68,7.5,3,0,3,0.0,270.0,0
61.516,1389,0,2,1,52.1,0.0,5.33,0,0,0,0.0,270.0,0
61.546,1390,1,2,1,52.1,21.93,7.5,0,0,0,0.0,270.0,0
61.599,1391,0,2,1,52.1,0.0,5.33,0,0,0,0.0,270.0,0
61.629,1392,1,2,1,52.1,23.54,7.5,3,0,3,0.0,270.0,0
61.683,1393,0,2,1,52.1,0.0,5.33,0,0,0,0.0,270.0,0
61.713,1394,1,2,1,52.1,23.79,7.5,1,0,1,0.0,270.0,0
61.768,1395,0,2,1,52.1,0.0,5.33,0,0,0,0.0,270.0,0
61.798,1396,1,2,1,52.1,23.69,7.5,2,0,2,0.0,270.0,0
61.852,1397,0,2,1,52.1,0.0,5.33,0,0,0,0.0,270.0,0
61.882,1398,1,2,1,52.1,23.29,7.5,1,0,1,0.0,270.0,0
61.937,1399,0,2,1,52.1,0.0,5.33,0,0,0,0.0,270.0,0
61.967,1400,1,2,1,52.1,23.61,7.5,3,0,3,0.0,270.0,0
62.021,1401,0,2,1,52.1,0.0,5.33,0,0,0,0.0,270.0,0
62.051,1402,1,2,1,52.1,23.78,7.5,3,0,3,0.0,270.0,0
62.107,1403,0,2,1,52.2,0.0,5.33,0,0,0,0.0,270.0,0
62.137,1404,1,2,1,52.2,27.06,7.5,3,0,3,0.0,270.0,0
62.195,1405,0,2,1,52.2,0.0,5.33,0,0,0,0.0,270.0,0
62.225,1406,1,2,1,52.2,24.57,7.5,2,0,2,0.0,270.0,0
62.28,1407,0,2,1,52.2,0.0,5.33,0,0,0,0.0,270.0,0
62.31,1408,1,2,1,52.2,23.93,7.5,4,0,4,0.0,270.0,0
62.366,1409,0,2,1,52.2,0.0,5.33,0,0,0,0.0,270.0,0
62.396,1410,1,2,1,52.2,23.36,7.5,4,0,4,0.0,270.0,0
62.45,1411,0,2,1,52.2,0.0,5.33,0,0,0,0.0,270.0,0
62.48,1412,1,2,1,52.2,23.85,7.5,3,0,3,0.0,270.0,0
62.535,1413,0,2,1,52.2,0.0,5.33,0,0,0,0.0,270.0,0
62.565,1414,1,2,1,52.2,23.95,7.5,4,0,4,0.0,270.0,0
62.62,1415,0,2,1,52.2,0.0,5.33,0,0,0,0.0,270.0,0
62.65,1416,1,2,1,52.2,23.53,7.5,3,0,3,0.0,270.0,0
62.704,1417,0,2,1,52.2,0.0,5.33,0,0,0,0.0,270.0,0
62.734,1418,1,2,1,52.2,26.16,7.5,4,0,4,0.0,270.0,0
62.792,1419,0,2,1,52.2,0.0,5.33,0,0,0,0.0,270.0,0
62.822,1420,1,2,1,52.2,23.87,7.5,4,0,4,0.0,270.0,0
62.877,1421,0,2,1,52.2,0.0,5.33,0,0,0,0.0,270.0,0
62.907,1422,1,2,1,52.2,23.36,7.5,4,1,3,3.0,273.0,0
62.961,1423,0,2,1,52.2,0.0,5.33,0,0,0,0.0,273.0,0
62.992,1424,1,2,1,52.2,23.73,7.5,4,0,4,0.0,273.0,0
63.047,1425,0,2,1,52.2,0.0,5.33,0,0,0,0.0,273.0,0
63.077,1426,1,2,1,52.2,23.92,7.5,6,0,6,0.0,273.0,0
63.133,1427,0,2,1,52.2,0.0,5.33,0,0,0,0.0,273.0,0
63.163,1428,1,2,1,52.2,23.91,7.5,3,0,3,0.0,273.0,0
63.218,1429,0,2,1,52.2,0.0,5.33,0,0,0,0.0,273.0,0
63.248,1430,1,2,1,52.2,23.98,7.5,5,1,4,3.0,276.0,0
63.303,1431,0,2,1,52.2,0.0,5.33,0,0,0,0.0,276.0,0
63.334,1432,1,2,1,52.2,26.4,7.5,6,1,5,3.0,279.0,0
63.392,1433,0,2,1,52.2,0.0,5.33,0,0,0,0.0,279.0,0
63.422,1434,1,2,1,52.2,23.69,7.5,4,1,3,3.0,282.0,0
63.477,1435,0,2,1,52.2,0.0,5.33,0,0,0,0.0,282.0,0
63.507,1436,1,2,1,52.2,23.99,7.5,6,0,6,0.0,282.0,0
63.563,1437,0,2,1,52.2,0.0,5.33,0,0,0,0.0,282.0,0
63.593,1438,1,2,1,52.2,23.99,7.5,6,0,6,80.0,362.0,1
63.65,1439,0,2,1,52.2,0.0,5.33,0,0,0,0.0,362.0,0
63.682,1440,1,2,1,52.2,23.65,7.5,5,0,5,0.0,362.0,0
63.737,1441,0,2,1,52.2,0.0,5.33,0,0,0,0.0,362.0,0
63.767,1442,1,2,1,52.2,24.09,7.5,4,0,4,0.0,362.0,0
63.822,1443,0,2,1,52.2,0.0,5.33,0,0,0,0.0,362.0,0
63.852,1444,1,2,1,52.2,24.09,7.5,4,0,4,0.0,362.0,0
63.907,1445,0,2,1,52.2,0.0,5.33,0,0,0,0.0,362.0,0
63.937,1446,1,2,1,52.2,26.21,7.5,4,1,3,3.0,365.0,0
63.995,1447,0,2,1,52.2,0.0,5.33,0,0,0,0.0,365.0,0
64.025,1448,1,2,1,52.2,24.11,7.5,4,0,4,0.0,365.0,0
64.08,1449,0,2,1,52.2,0.0,5.33,0,0,0,0.0,365.0,0
64.11,1450,1,2,1,52.2,24.2,7.5,4,0,4,0.0,365.0,0
64.166,1451,0,2,1,52.2,0.0,5.33,0,0,0,0.0,365.0,0
64.196,1452,1,2,1,52.2,23.43,7.5,4,0,4,0.0,365.0,0
64.25,1453,0,2,1,52.2,0.0,5.33,0,0,0,0.0,365.0,0
64.28,1454,1,2,1,52.2,23.78,7.5,5,0,5,0.0,365.0,0
64.335,1455,0,2,1,52.2,0.0,5.33,0,0,0,0.0,365.0,0
64.365,1456,1,2,1,52.2,23.45,7.5,4,0,4,0.0,365.0,0
64.42,1457,0,2,1,52.2,0.0,5.33,0,0,0,0.0,365.0,0
64.45,1458,1,2,1,52.2,24.41,7.5,6,0,6,0.0,365.0,0
64.505,1459,0,2,1,52.2,0.0,5.33,0,0,0,0.0,365.0,0
64.535,1460,1,2,1,52.2,23.55,7.5,5,0,5,0.0,365.0,0
64.59,1461,0,2,1,52.2,0.0,5.33,0,0,0,0.0,365.0,0
64.62,1462,1,2,1,52.2,23.55,7.5,7,1,6,3.0,368.0,0
64.675,1463,0,2,1,52.2,0.0,5.33,0,0,0,0.0,368.0,0
64.705,1464,1,2,1,52.2,23.4,7.5,5,1,4,3.0,371.0,0
64.76,1465,0,2,1,52.2,0.0,5.33,0,0,0,0.0,371.0,0
64.789,1466,1,2,1,52.2,23.71,7.5,5,0,5,0.0,371.0,0
64.844,1467,0,2,1,52.2,0.0,5.33,0,0,0,0.0,371.0,0
64.874,1468,1,2,1,52.2,23.41,7.5,6,1,5,3.0,374.0,0
64.929,1469,0,2,1,52.2,0.0,5.33,0,0,0,0.0,374.0,0
64.959,1470,1,2,1,52.2,25.38,7.5,4,1,3,3.0,377.0,0
65.015,1471,0,2,1,52.2,0.0,5.33,0,0,0,0.0,377.0,0
65.045,1472,1,2,1,52.2,23.8,7.5,4,0,4,0.0,377.0,0
65.1,1473,0,2,1,52.1,0.0,5.33,0,0,0,0.0,377.0,0
65.131,1474,1,2,1,52.1,24.01,7.5,7,0,7,0.0,377.0,0
65.186,1475,0,2,1,52.1,0.0,5.33,0,0,0,0.0,377.0,0
65.216,1476,1,2,1,52.1,23.61,7.5,6,1,5,3.0,380.0,0
65.271,1477,0,2,1,52.1,0.0,5.33,0,0,0,0.0,380.0,0
65.301,1478,1,2,1,52.1,23.74,7.5,4,0,4,0.0,380.0,0
65.356,1479,0,2,1,52.1,0.0,5.33,0,0,0,0.0,380.0,0
65.386,1480,1,2,1,52.1,32.9,7.5,6,2,4,6.0,386.0,0
65.45,1481,0,2,1,52.1,0.0,5.33,0,0,0,0.0,386.0,0
65.48,1482,1,2,1,52.1,23.42,7.5,6,0,6,0.0,386.0,0
65.535,1483,0,2,1,52.1,0.0,5.33,0,0,0,0.0,386.0,0
65.565,1484,1,2,1,52.1,23.71,7.5,6,2,4,6.0,392.0,0
65.62,1485,0,2,1,52.1,0.0,5.33,0,0,0,0.0,392.0,0
65.65,1486,1,2,1,52.1,23.45,7.5,5,2,3,6.0,398.0,0
65.704,1487,0,2,1,52.1,0.0,5.33,0,0,0,0.0,398.0,0
65.734,1488,1,2,1,52.1,23.3,7.5,8,0,8,0.0,398.0,0
65.789,1489,0,2,1,52.1,0.0,5.33,0,0,0,0.0,398.0,0
65.819,1490,1,2,1,52.1,23.65,7.5,8,2,6,6.0,404.0,0
65.874,1491,0,2,1,52.1,0.0,5.33,0,0,0,0.0,404.0,0
65.904,1492,1,2,1,52.1,23.39,7.5,8,2,6,6.0,410.0,0
65.959,1493,0,2,1,52.1,0.0,5.33,0,0,0,0.0,410.0,0
65.989,1494,1,2,1,52.1,23.36,7.5,6,2,4,6.0,416.0,0
66.044,1495,0,2,1,52.1,0.0,5.33,0,0,0,0.0,416.0,0
66.074,1496,1,2,1,52.2,23.69,7.5,4,3,1,9.0,425.0,0
66.129,1497,0,2,1,52.2,0.0,5.33,0,0,0,0.0,425.0,0
66.16,1498,1,2,1,52.2,26.51,7.5,7,2,5,86.0,511.0,1
66.218,1499,0,2,1,52.2,0.0,5.33,0,0,0,0.0,511.0,0
66.248,1500,1,2,1,52.2,23.41,7.5,7,2,5,6.0,517.0,0
66.303,1501,0,2,1,52.2,0.0,5.33,0,0,0,0.0,517.0,0
66.333,1502,1,2,1,52.2,23.76,7.5,6,2,4,6.0,523.0,0
66.388,1503,0,2,1,52.2,0.0,5.33,0,0,0,0.0,523.0,0
66.418,1504,1,2,1,52.2,23.43,7.5,5,3,2,9.0,532.0,0
66.473,1505,0,2,1,52.2,0.0,5.33,0,0,0,0.0,532.0,0
66.503,1506,1,2,1,52.2,23.46,7.5,6,3,3,9.0,541.0,0
66.558,1507,0,2,1,52.2,0.0,5.33,0,0,0,0.0,541.0,0
66.588,1508,1,2,1,52.2,23.75,7.5,5,2,3,6.0,547.0,0
66.643,1509,0,2,1,52.2,0.0,5.33,0,0,0,0.0,547.0,0
66.672,1510,1,2,1,52.2,23.42,7.5,6,2,4,6.0,553.0,0
66.727,1511,0,2,1,52.2,0.0,5.33,0,0,0,0.0,553.0,0
66.757,1512,1,2,1,52.2,26.35,7.5,5,2,3,6.0,559.0,0
66.815,1513,0,2,1,52.2,0.0,5.33,0,0,0,0.0,559.0,0
66.845,1514,1,2,1,52.2,23.7,7.5,6,2,4,6.0,565.0,0
66.9,1515,0,2,1,52.2,0.0,5.33,0,0,0,0.0,565.0,0
66.93,1516,1,2,1,52.2,23.38,7.5,7,4,3,12.0,577.0,0
66.984,1517,0,2,1,52.2,0.0,5.33,0,0,0,0.0,577.0,0
67.014,1518,1,2,1,52.2,23.44,7.5,6,4,2,12.0,589.0,0
67.069,1519,0,2,1,52.2,0.0,5.33,0,0,0,0.0,589.0,0
67.099,1520,1,2,1,52.2,23.88,7.5,6,1,5,3.0,592.0,0
67.155,1521,0,2,1,52.2,0.0,5.33,0,0,0,0.0,592.0,0
67.185,1522,1,2,1,52.2,23.32,7.5,5,2,3,6.0,598.0,0
67.239,1523,0,2,1,52.2,0.0,5.33,0,0,0,0.0,598.0,0
67.269,1524,1,2,1,52.2,23.52,7.5,4,2,2,6.0,604.0,0
67.324,1525,0,2,1,52.2,0.0,5.33,0,0,0,0.0,604.0,0
67.354,1526,1,2,1,52.2,23.95,7.5,7,2,5,6.0,610.0,0
67.409,1527,0,2,1,52.2,0.0,5.33,0,0,0,0.0,610.0,0
67.439,1528,1,2,1,52.2,23.36,7.5,4,1,3,3.0,613.0,0
67.494,1529,0,2,1,52.2,0.0,5.33,0,0,0,0.0,613.0,0
67.524,1530,1,2,1,52.2,23.43,7.5,6,2,4,6.0,619.0,0
67.578,1531,0,2,1,52.2,0.0,5.33,0,0,0,0.0,619.0,0
67.608,1532,1,2,1,52.2,23.73,7.5,4,2,2,6.0,625.0,0
67.663,1533,0,2,1,52.2,0.0,5.33,0,0,0,0.0,625.0,0
67.693,1534,1,2,1,52.2,23.45,7.5,3,2,1,6.0,631.0,0
67.747,1535,0,2,1,52.2,0.0,5.33,0,0,0,0.0,631.0,0
67.777,1536,1,2,1,52.2,25.4,7.5,5,1,4,3.0,634.0,0
67.834,1537,0,2,1,52.2,0.0,5.33,0,0,0,0.0,634.0,0
67.863,1538,1,2,1,52.2,23.85,7.5,3,0,3,0.0,634.0,0
67.918,1539,0,2,1,52.2,0.0,5.33,0,0,0,0.0,634.0,0
67.948,1540,1,2,1,52.2,23.43,7.5,4,2,2,6.0,640.0,0
68.002,1541,0,2,1,52.2,0.0,5.33,0,0,0,0.0,640.0,0
68.032,1542,1,2,1,52.2,23.44,7.5,3,0,3,0.0,640.0,0
68.087,1543,0,2,1,52.3,0.0,5.33,0,0,0,0.0,640.0,0
68.116,1544,1,2,1,52.3,23.9,7.5,4,1,3,3.0,643.0,0
68.172,1545,0,2,1,52.3,0.0,5.33,0,0,0,0.0,643.0,0
68.201,1546,1,2,1,52.3,23.34,7.5,4,1,3,3.0,646.0,0
68.256,1547,0,2,1,52.3,0.0,5.33,0,0,0,0.0,646.0,0
68.286,1548,1,2,1,52.3,23.41,7.5,5,2,3,6.0,652.0,0
68.34,1549,0,2,1,52.3,0.0,5.33,0,0,0,0.0,652.0,0
68.37,1550,1,2,1,52.3,28.12,7.5,5,1,4,3.0,655.0,0
68.43,1551,0,2,1,52.3,0.0,5.33,0,0,0,0.0,655.0,0
68.459,1552,1,2,1,52.3,23.42,7.5,7,0,7,0.0,655.0,0
68.514,1553,0,2,1,52.3,0.0,5.33,0,0,0,0.0,655.0,0
68.544,1554,1,2,1,52.3,23.34,7.5,4,1,3,3.0,658.0,0
68.599,1555,0,2,1,52.3,0.0,5.33,0,0,0,0.0,658.0,0
68.628,1556,1,2,1,52.3,23.47,7.5,5,0,5,0.0,658.0,0
68.683,1557,0,2,1,52.3,0.0,5.33,0,0,0,0.0,658.0,0
68.713,1558,1,2,1,52.3,23.48,7.5,3,0,3,80.0,738.0,1
68.767,1559,0,2,1,52.3,0.0,5.33,0,0,0,0.0,738.0,0
68.797,1560,1,2,1,52.3,23.5,7.5,4,0,4,0.0,738.0,0
68.852,1561,0,2,1,52.3,0.0,5.33,0,0,0,0.0,738.0,0
68.882,1562,1,2,1,52.3,23.7,7.5,3,0,3,0.0,738.0,0
68.936,1563,0,2,1,52.3,0.0,5.33,0,0,0,0.0,738.0,0
68.966,1564,1,2,1,52.3,26.98,7.5,4,0,4,0.0,738.0,0
69.024,1565,0,2,1,52.3,0.0,5.33,0,0,0,0.0,738.0,0
69.054,1566,1,2,1,52.3,24.15,7.5,4,0,4,0.0,738.0,0
69.109,1567,0,2,1,52.2,0.0,5.33,0,0,0,0.0,738.0,0
69.139,1568,1,2,1,52.2,24.08,7.5,5,0,5,0.0,738.0,0
69.194,1569,0,2,1,52.2,0.0,5.33,0,0,0,0.0,738.0,0
69.224,1570,1,2,1,52.2,23.42,7.5,4,0,4,0.0,738.0,0
69.279,1571,0,2,1,52.2,0.0,5.33,0,0,0,0.0,738.0,0
69.308,1572,1,2,1,52.2,23.55,7.5,5,1,4,3.0,741.0,0
69.363,1573,0,2,1,52.2,0.0,5.33,0,0,0,0.0,741.0,0
69.393,1574,1,2,1,52.2,25.36,7.5,2,0,2,0.0,741.0,0
69.449,1575,0,2,1,52.2,0.0,5.33,0,0,0,0.0,741.0,0
69.479,1576,1,2,1,52.2,24.02,7.5,2,0,2,0.0,741.0,0
69.534,1577,0,2,1,52.2,0.0,5.33,0,0,0,0.0,741.0,0
69.564,1578,1,2,1,52.2,23.5,7.5,2,1,1,3.0,744.0,0
69.618,1579,0,2,1,52.2,0.0,5.33,0,0,0,0.0,744.0,0
69.648,1580,1,2,1,52.2,23.46,7.5,1,1,0,3.0,747.0,0
69.701,1581,0,2,1,52.2,0.0,5.33,0,0,0,0.0,747.0,0
69.731,1582,1,2,1,52.2,23.3,7.5,1,1,0,3.0,750.0,0
69.785,1583,0,2,1,52.2,0.0,5.33,0,0,0,0.0,750.0,0
69.815,1584,1,2,1,52.2,23.25,7.5,2,1,1,3.0,753.0,0
69.869,1585,0,2,1,52.2,0.0,5.33,0,0,0,0.0,753.0,0
69.899,1586,1,2,1,52.2,23.32,7.5,1,1,0,3.0,756.0,0
69.952,1587,0,2,1,52.2,0.0,5.33,0,0,0,0.0,756.0,0
69.982,1588,1,2,1,52.2,27.95,7.5,1,0,1,0.0,756.0,0
70.041,1589,0,2,1,52.2,0.0,5.33,0,0,0,0.0,756.0,0
70.07,1590,1,2,1,52.2,23.47,7.5,6,2,4,6.0,762.0,0
70.126,1591,0,2,1,52.2,0.0,5.33,0,0,0,0.0,762.0,0
70.156,1592,1,2,1,52.2,23.75,7.5,6,2,4,6.0,768.0,0
70.211,1593,0,2,1,52.2,0.0,5.33,0,0,0,0.0,768.0,0
70.241,1594,1,2,1,52.2,23.42,7.5,6,2,4,6.0,774.0,0
70.295,1595,0,2,1,52.2,0.0,5.33,0,0,0,0.0,774.0,0
70.325,1596,1,2,1,52.2,23.45,7.5,5,2,3,6.0,780.0,0
70.38,1597,0,2,1,52.2,0.0,5.33,0,0,0,0.0,780.0,0
70.41,1598,1,2,1,52.2,30.25,7.5,3,2,1,6.0,786.0,0
70.471,1599,0,2,1,52.2,0.0,5.33,0,0,0,0.0,786.0,0
70.501,1600,1,2,1,52.2,24.07,7.5,3,3,0,9.0,795.0,0
70.556,1601,0,2,1,52.2,0.0,5.33,0,0,0,0.0,795.0,0
70.586,1602,1,2,1,52.2,23.38,7.5,3,2,1,6.0,801.0,0
70.64,1603,0,2,1,52.2,0.0,5.33,0,0,0,0.0,801.0,0
70.67,1604,1,2,1,52.2,23.4,7.5,4,1,3,3.0,804.0,0
70.725,1605,0,2,1,52.2,0.0,5.33,0,0,0,0.0,804.0,0
70.755,1606,1,2,1,52.2,23.43,7.5,3,1,2,3.0,807.0,0
70.809,1607,0,2,1,52.2,0.0,5.33,0,0,0,0.0,807.0,0
70.839,1608,1,2,1,52.2,23.48,7.5,4,1,3,3.0,810.0,0
70.894,1609,0,2,1,52.2,0.0,5.33,0,0,0,0.0,810.0,0
70.924,1610,1,2,1,52.2,23.53,7.5,4,1,3,3.0,813.0,0
70.978,1611,0,2,1,52.2,0.0,5.33,0,0,0,0.0,813.0,0
71.009,1612,1,2,1,52.2,23.42,7.5,5,1,4,3.0,816.0,0
71.064,1613,0,2,1,52.2,0.0,5.33,0,0,0,0.0,816.0,0
71.093,1614,1,2,1,52.2,23.63,7.5,4,1,3,3.0,819.0,0
71.149,1615,0,2,1,52.2,0.0,5.33,0,0,0,0.0,819.0,0
71.179,1616,1,2,1,52.2,23.51,7.5,3,1,2,3.0,822.0,0
71.234,1617,0,2,1,52.2,0.0,5.33,0,0,0,0.0,822.0,0
71.264,1618,1,2,1,52.2,23.5,7.5,5,1,4,83.0,905.0,1
71.32,1619,0,2,1,52.2,0.0,5.33,0,0,0,0.0,905.0,0
71.353,1620,1,2,1,52.2,23.56,7.5,4,1,3,3.0,908.0,0
71.407,1621,0,2,1,52.2,0.0,5.33,0,0,0,0.0,908.0,0
71.437,1622,1,2,1,52.2,23.51,7.5,3,1,2,3.0,911.0,0
71.491,1623,0,2,1,52.2,0.0,5.33,0,0,0,0.0,911.0,0
71.521,1624,1,2,1,52.2,23.47,7.5,4,1,3,3.0,914.0,0
71.576,1625,0,2,1,52.2,0.0,5.33,0,0,0,0.0,914.0,0
71.606,1626,1,2,1,52.2,23.78,7.5,2,1,1,3.0,917.0,0
71.66,1627,0,2,1,52.2,0.0,5.33,0,0,0,0.0,917.0,0
71.69,1628,1,2,1,52.2,23.39,7.5,2,1,1,3.0,920.0,0
71.744,1629,0,2,1,52.2,0.0,5.33,0,0,0,0.0,920.0,0
71.774,1630,1,2,1,52.2,23.38,7.5,3,1,2,3.0,923.0,0
71.829,1631,0,2,1,52.2,0.0,5.33,0,0,0,0.0,923.0,0
71.859,1632,1,2,1,52.2,23.55,7.5,3,1,2,3.0,926.0,0
71.913,1633,0,2,1,52.2,0.0,5.33,0,0,0,0.0,926.0,0
71.943,1634,1,2,1,52.2,23.48,7.5,2,1,1,3.0,929.0,0
71.997,1635,0,2,1,52.2,0.0,5.33,0,0,0,0.0,929.0,0
72.027,1636,1,2,1,52.2,23.48,7.5,2,1,1,3.0,932.0,0
72.082,1637,0,2,1,52.4,0.0,5.33,0,0,0,0.0,932.0,0
72.112,1638,1,2,1,52.4,24.3,7.5,2,1,1,3.0,935.0,0
72.167,1639,0,2,1,52.4,0.0,5.33,0,0,0,0.0,935.0,0
72.197,1640,1,2,1,52.4,25.84,7.5,4,1,3,3.0,938.0,0
72.255,1641,0,2,1,52.4,0.0,5.33,0,0,0,0.0,938.0,0
72.284,1642,1,2,1,52.4,23.35,7.5,3,2,1,6.0,944.0,0
72.339,1643,0,2,1,52.4,0.0,5.33,0,0,0,0.0,944.0,0
72.369,1644,1,2,1,52.4,23.48,7.5,3,2,1,6.0,950.0,0
72.424,1645,0,2,1,52.4,0.0,5.33,0,0,0,0.0,950.0,0
72.454,1646,1,2,1,52.4,23.47,7.5,2,2,0,6.0,956.0,0
72.508,1647,0,2,1,52.4,0.0,5.33,0,0,0,0.0,956.0,0
72.538,1648,1,2,1,52.4,23.44,7.5,3,2,1,6.0,962.0,0
72.592,1649,0,2,1,52.4,0.0,5.33,0,0,0,0.0,962.0,0
72.622,1650,1,2,1,52.4,23.88,7.5,3,1,2,3.0,965.0,0
72.677,1651,0,2,1,52.4,0.0,5.33,0,0,0,0.0,965.0,0
72.707,1652,1,2,1,52.4,23.38,7.5,4,2,2,6.0,971.0,0
72.761,1653,0,2,1,52.4,0.0,5.33,0,0,0,0.0,971.0,0
72.791,1654,1,2,1,52.4,25.9,7.5,3,2,1,6.0,977.0,0
72.848,1655,0,2,1,52.4,0.0,5.33,0,0,0,0.0,977.0,0
72.878,1656,1,2,1,52.4,23.45,7.5,2,1,1,3.0,980.0,0
72.932,1657,0,2,1,52.4,0.0,5.33,0,0,0,0.0,980.0,0
72.962,1658,1,2,1,52.4,23.59,7.5,3,2,1,6.0,986.0,0
73.017,1659,0,2,1,52.4,0.0,5.33,0,0,0,0.0,986.0,0
73.047,1660,1,2,1,52.4,23.72,7.5,2,2,0,6.0,992.0,0
73.101,1661,0,2,1,52.3,0.0,5.33,0,0,0,0.0,992.0,0
73.132,1662,1,2,1,52.3,24.67,7.5,2,2,0,6.0,998.0,0
73.187,1663,0,2,1,52.3,0.0,5.33,0,0,0,0.0,998.0,0
73.217,1664,1,2,1,52.3,25.53,7.5,3,2,1,6.0,1004.0,0
73.274,1665,0,2,1,52.3,0.0,5.33,0,0,0,0.0,1004.0,0
73.304,1666,1,2,1,52.3,23.73,7.5,3,2,1,6.0,1010.0,0
73.359,1667,0,2,1,52.3,0.0,5.33,0,0,0,0.0,1010.0,0
73.389,1668,1,2,1,52.3,23.58,7.5,3,2,1,6.0,1016.0,0
73.444,1669,0,2,1,52.3,0.0,5.33,0,0,0,0.0,1016.0,0
73.474,1670,1,2,1,52.3,23.3,7.5,3,2,1,6.0,1022.0,0
73.528,1671,0,2,1,52.3,0.0,5.33,0,0,0,0.0,1022.0,0
73.558,1672,1,2,1,52.3,23.56,7.5,3,2,1,6.0,1028.0,0
73.613,1673,0,2,1,52.3,0.0,5.33,0,0,0,0.0,1028.0,0
73.642,1674,1,2,1,52.3,23.33,7.5,2,2,0,6.0,1034.0,0
73.696,1675,0,2,1,52.3,0.0,5.33,0,0,0,0.0,1034.0,0
73.726,1676,1,2,1,52.3,23.25,7.5,2,2,0,6.0,1040.0,0
73.78,1677,0,2,1,52.3,0.0,5.33,0,0,0,0.0,1040.0,0
73.81,1678,1,2,1,52.3,28.52,7.5,2,1,1,83.0,1123.0,1
73.869,1679,0,2,1,52.3,0.0,5.33,0,0,0,0.0,1123.0,0
73.899,1680,1,2,1,52.3,23.36,7.5,2,1,1,3.0,1126.0,0
73.953,1681,0,2,1,52.3,0.0,5.33,0,0,0,0.0,1126.0,0
73.983,1682,1,2,1,52.3,23.42,7.5,2,1,1,3.0,1129.0,0
74.037,1683,0,2,1,52.3,0.0,5.33,0,0,0,0.0,1129.0,0
74.066,1684,1,2,1,52.3,23.64,7.5,2,1,1,3.0,1132.0,0
74.121,1685,0,2,1,52.5,0.0,5.33,0,0,0,0.0,1132.0,0
74.151,1686,1,2,1,52.5,23.81,7.5,2,1,1,3.0,1135.0,0
74.205,1687,0,2,1,52.5,0.0,5.33,0,0,0,0.0,1135.0,0
74.235,1688,1,2,1,52.5,23.51,7.5,2,1,1,3.0,1138.0,0
74.289,1689,0,2,1,52.5,0.0,5.33,0,0,0,0.0,1138.0,0
74.319,1690,1,2,1,52.5,23.75,7.5,2,1,1,3.0,1141.0,0
74.373,1691,0,2,1,52.5,0.0,5.33,0,0,0,0.0,1141.0,0
74.403,1692,1,2,1,52.5,26.18,7.5,2,1,1,3.0,1144.0,0
74.46,1693,0,2,1,52.5,0.0,5.33,0,0,0,0.0,1144.0,0
74.49,1694,1,2,1,52.5,23.88,7.5,3,1,2,3.0,1147.0,0
74.544,1695,0,2,1,52.5,0.0,5.33,0,0,0,0.0,1147.0,0
74.574,1696,1,2,1,52.5,23.68,7.5,2,1,1,3.0,1150.0,0
74.628,1697,0,2,1,52.5,0.0,5.33,0,0,0,0.0,1150.0,0
74.658,1698,1,2,1,52.5,23.41,7.5,2,2,0,6.0,1156.0,0
74.712,1699,0,2,1,52.5,0.0,5.33,0,0,0,0.0,1156.0,0
74.742,1700,1,2,1,52.5,23.39,7.5,3,2,1,6.0,1162.0,0
74.796,1701,0,2,1,52.5,0.0,5.33,0,0,0,0.0,1162.0,0
74.826,1702,1,2,1,52.5,25.67,7.5,2,2,0,6.0,1168.0,0
74.883,1703,0,2,1,52.5,0.0,5.33,0,0,0,0.0,1168.0,0
74.912,1704,1,2,1,52.5,23.47,7.5,2,2,0,6.0,1174.0,0
74.966,1705,0,2,1,52.5,0.0,5.33,0,0,0,0.0,1174.0,0
74.996,1706,1,2,1,52.5,23.85,7.5,2,2,0,6.0,1180.0,0
75.051,1707,0,2,1,52.5,0.0,5.33,0,0,0,0.0,1180.0,0
75.081,1708,1,2,1,52.4,23.72,7.5,2,2,0,6.0,1186.0,0
75.135,1709,0,2,1,52.4,0.0,5.33,0,0,0,0.0,1186.0,0
75.165,1710,1,2,1,52.4,23.38,7.5,2,2,0,6.0,1192.0,0
75.219,1711,0,2,1,52.4,0.0,5.33,0,0,0,0.0,1192.0,0
75.249,1712,1,2,1,52.4,23.4,7.5,2,2,0,6.0,1198.0,0
75.303,1713,0,2,1,52.4,0.0,5.33,0,0,0,0.0,1198.0,0
75.333,1714,1,2,1,52.4,23.78,7.5,2,1,1,3.0,1201.0,0
75.387,1715,0,2,1,52.4,0.0,5.33,0,0,0,0.0,1201.0,0
75.417,1716,1,2,1,52.4,30.47,7.5,2,1,1,3.0,1204.0,0
75.478,1717,0,2,1,52.4,0.0,5.33,0,0,0,0.0,1204.0,0
75.508,1718,1,2,1,52.4,23.69,7.5,2,1,1,3.0,1207.0,0
75.562,1719,0,2,1,52.4,0.0,5.33,0,0,0,0.0,1207.0,0
75.592,1720,1,2,1,52.4,23.7,7.5,2,1,1,3.0,1210.0,0
75.646,1721,0,2,1,52.4,0.0,5.33,0,0,0,0.0,1210.0,0
75.676,1722,1,2,1,52.4,23.33,7.5,2,1,1,3.0,1213.0,0
75.73,1723,0,2,1,52.4,0.0,5.33,0,0,0,0.0,1213.0,0
75.76,1724,1,2,1,52.4,23.31,7.5,3,1,2,3.0,1216.0,0
75.814,1725,0,2,1,52.4,0.0,5.33,0,0,0,0.0,1216.0,0
75.844,1726,1,2,1,52.4,23.75,7.5,2,1,1,3.0,1219.0,0
75.898,1727,0,2,1,52.4,0.0,5.33,0,0,0,0.0,1219.0,0
75.928,1728,1,2,1,52.4,23.4,7.5,3,1,2,3.0,1222.0,0
75.982,1729,0,2,1,52.4,0.0,5.33,0,0,0,0.0,1222.0,0
76.012,1730,1,2,1,52.4,25.5,7.5,1,1,0,3.0,1225.0,0
76.068,1731,0,2,1,52.4,0.0,5.33,0,0,0,0.0,1225.0,0
76.098,1732,1,2,1,52.4,23.76,7.5,2,1,1,3.0,1228.0,0
76.152,1733,0,2,1,52.4,0.0,5.33,0,0,0,0.0,1228.0,0
76.183,1734,1,2,1,52.4,23.31,7.5,2,1,1,3.0,1231.0,0
76.236,1735,0,2,1,52.4,0.0,5.33,0,0,0,0.0,1231.0,0
76.266,1736,1,2,1,52.4,23.44,7.5,2,0,2,0.0,1231.0,0
76.32,1737,0,2,1,52.4,0.0,5.33,0,0,0,0.0,1231.0,0
76.35,1738,1,2,1,52.4,23.74,7.5,1,1,0,83.0,1314.0,1
76.404,1739,0,2,1,52.4,0.0,5.33,0,0,0,0.0,1314.0,0
76.434,1740,1,2,1,52.4,23.52,7.5,2,0,2,0.0,1314.0,0
76.488,1741,0,2,1,52.4,0.0,5.33,0,0,0,0.0,1314.0,0
76.518,1742,1,2,1,52.4,23.79,7.5,1,1,0,3.0,1317.0,0
76.572,1743,0,2,1,52.4,0.0,5.33,0,0,0,0.0,1317.0,0
76.602,1744,1,2,1,52.4,23.71,7.5,1,1,0,3.0,1320.0,0
76.656,1745,0,2,1,52.4,0.0,5.33,0,0,0,0.0,1320.0,0
76.686,1746,1,2,1,52.4,23.31,7.5,1,1,0,3.0,1323.0,0
76.74,1747,0,2,1,52.4,0.0,5.33,0,0,0,0.0,1323.0,0
76.77,1748,1,2,1,52.4,23.47,7.5,1,1,0,3.0,1326.0,0
76.824,1749,0,2,1,52.4,0.0,5.33,0,0,0,0.0,1326.0,0
76.854,1750,1,2,1,52.4,23.76,7.5,1,1,0,3.0,1329.0,0
76.908,1751,0,2,1,52.4,0.0,5.33,0,0,0,0.0,1329.0,0
76.938,1752,1,2,1,52.4,23.4,7.5,1,1,0,3.0,1332.0,0
76.991,1753,0,2,1,52.4,0.0,5.33,0,0,0,0.0,1332.0,0
77.021,1754,1,2,1,52.4,26.89,7.5,1,1,0,3.0,1335.0,0
77.078,1755,0,2,1,52.4,0.0,5.33,0,0,0,0.0,1335.0,0
77.108,1756,1,2,1,52.4,23.99,7.5,1,1,0,3.0,1338.0,0
77.163,1757,0,2,1,52.4,0.0,5.33,0,0,0,0.0,1338.0,0
77.193,1758,1,2,1,52.4,23.36,7.5,1,1,0,3.0,1341.0,0
77.247,1759,0,2,1,52.4,0.0,5.33,0,0,0,0.0,1341.0,0
77.277,1760,1,2,1,52.4,23.23,7.5,1,1,0,3.0,1344.0,0
77.33,1761,0,2,1,52.4,0.0,5.33,0,0,0,0.0,1344.0,0
77.36,1762,1,2,1,52.4,23.79,7.5,2,1,1,3.0,1347.0,0
77.414,1763,0,2,1,52.4,0.0,5.33,0,0,0,0.0,1347.0,0
77.444,1764,1,2,1,52.4,23.35,7.5,1,1,0,3.0,1350.0,0
77.498,1765,0,2,1,52.4,0.0,5.33,0,0,0,0.0,1350.0,0
77.528,1766,1,2,1,52.4,23.38,7.5,2,1,1,3.0,1353.0,0
77.582,1767,0,2,1,52.4,0.0,5.33,0,0,0,0.0,1353.0,0
77.612,1768,1,2,1,52.4,23.65,7.5,3,1,2,3.0,1356.0,0
77.666,1769,0,2,1,52.4,0.0,5.33,0,0,0,0.0,1356.0,0
77.696,1770,1,2,1,52.4,23.3,7.5,2,1,1,3.0,1359.0,0
77.75,1771,0,2,1,52.4,0.0,5.33,0,0,0,0.0,1359.0,0
77.78,1772,1,2,1,52.4,23.52,7.5,1,1,0,3.0,1362.0,0
77.833,1773,0,2,1,52.4,0.0,5.33,0,0,0,0.0,1362.0,0
77.863,1774,1,2,1,52.4,23.71,7.5,2,1,1,3.0,1365.0,0
77.917,1775,0,2,1,52.4,0.0,5.33,0,0,0,0.0,1365.0,0
77.947,1776,1,2,1,52.4,23.29,7.5,2,1,1,3.0,1368.0,0
78.001,1777,0,2,1,52.4,0.0,5.33,0,0,0,0.0,1368.0,0
78.031,1778,1,2,1,52.4,25.79,7.5,3,1,2,3.0,1371.0,0
78.088,1779,0,2,1,52.5,0.0,5.33,0,0,0,0.0,1371.0,0
78.117,1780,1,2,1,52.5,23.96,7.5,2,2,0,6.0,1377.0,0
78.172,1781,0,2,1,52.5,0.0,5.33,0,0,0,0.0,1377.0,0
78.202,1782,1,2,1,52.5,23.41,7.5,2,2,0,6.0,1383.0,0
78.256,1783,0,2,1,52.5,0.0,5.33,0,0,0,0.0,1383.0,0
78.286,1784,1,2,1,52.5,23.29,7.5,2,2,0,6.0,1389.0,0
78.34,1785,0,2,1,52.5,0.0,5.33,0,0,0,0.0,1389.0,0
78.37,1786,1,2,1,52.5,23.39,7.5,2,1,1,3.0,1392.0,0
78.424,1787,0,2,1,52.5,0.0,5.33,0,0,0,0.0,1392.0,0
78.454,1788,1,2,1,52.5,23.51,7.5,2,1,1,3.0,1395.0,0
78.508,1789,0,2,1,52.5,0.0,5.33,0,0,0,0.0,1395.0,0
78.538,1790,1,2,1,52.5,23.3,7.5,2,1,1,3.0,1398.0,0
78.592,1791,0,2,1,52.5,0.0,5.33,0,0,0,0.0,1398.0,0
78.621,1792,1,2,1,52.5,23.3,7.5,2,2,0,6.0,1404.0,0
78.675,1793,0,2,1,52.5,0.0,5.33,0,0,0,0.0,1404.0,0
78.705,1794,1,2,1,52.5,23.36,7.5,2,2,0,6.0,1410.0,0
78.759,1795,0,2,1,52.5,0.0,5.33,0,0,0,0.0,1410.0,0
78.789,1796,1,2,1,52.5,23.46,7.5,2,1,1,3.0,1413.0,0
78.843,1797,0,2,1,52.5,0.0,5.33,0,0,0,0.0,1413.0,0
78.873,1798,1,2,1,52.5,23.37,7.5,2,2,0,86.0,1499.0,1
78.927,1799,0,2,1,52.5,0.0,5.33,0,0,0,0.0,1499.0,0
78.957,1800,1,2,1,52.5,23.45,7.5,2,1,1,3.0,1502.0,0
79.011,1801,0,2,1,52.5,0.0,5.33,0,0,0,0.0,1502.0,0
79.04,1802,1,2,1,52.5,23.54,7.5,2,1,1,3.0,1505.0,0
79.095,1803,0,2,1,52.2,0.0,5.33,0,0,0,0.0,1505.0,0
79.125,1804,1,2,1,52.2,23.89,7.5,3,1,2,3.0,1508.0,0
79.18,1805,0,2,1,52.2,0.0,5.33,0,0,0,0.0,1508.0,0
79.209,1806,1,2,1,52.2,23.49,7.5,2,1,1,3.0,1511.0,0
79.263,1807,0,2,1,52.2,0.0,5.33,0,0,0,0.0,1511.0,0
79.293,1808,1,2,1,52.2,23.29,7.5,2,1,1,3.0,1514.0,0
79.347,1809,0,2,1,52.2,0.0,5.33,0,0,0,0.0,1514.0,0
79.377,1810,1,2,1,52.2,23.53,7.5,2,1,1,3.0,1517.0,0
79.431,1811,0,2,1,52.2,0.0,5.33,0,0,0,0.0,1517.0,0
79.461,1812,1,2,1,52.2,24.02,7.5,2,1,1,3.0,1520.0,0
79.516,1813,0,2,1,52.2,0.0,5.33,0,0,0,0.0,1520.0,0
79.546,1814,1,2,1,52.2,23.3,7.5,2,1,1,3.0,1523.0,0
79.6,1815,0,2,1,52.2,0.0,5.33,0,0,0,0.0,1523.0,0
79.63,1816,1,2,1,52.2,23.44,7.5,2,1,1,3.0,1526.0,0
79.683,1817,0,2,1,52.2,0.0,5.33,0,0,0,0.0,1526.0,0
79.713,1818,1,2,1,52.2,23.28,7.5,2,1,1,3.0,1529.0,0
79.767,1819,0,2,1,52.2,0.0,5.33,0,0,0,0.0,1529.0,0
79.797,1820,1,2,1,52.2,23.36,7.5,2,2,0,6.0,1535.0,0
79.851,1821,0,2,1,52.2,0.0,5.33,0,0,0,0.0,1535.0,0
79.881,1822,1,2,1,52.2,23.43,7.5,3,1,2,3.0,1538.0,0
79.935,1823,0,2,1,52.2,0.0,5.33,0,0,0,0.0,1538.0,0
79.965,1824,1,2,1,52.2,24.16,7.5,3,2,1,6.0,1544.0,0
80.02,1825,0,2,1,52.2,0.0,5.33,0,0,0,0.0,1544.0,0
80.05,1826,1,2,1,52.2,28.51,7.5,3,2,1,6.0,1550.0,0
80.109,1827,0,2,1,52.3,0.0,5.33,0,0,0,0.0,1550.0,0
80.139,1828,1,2,1,52.3,24.16,7.5,3,2,1,6.0,1556.0,0
80.194,1829,0,2,1,52.3,0.0,5.33,0,0,0,0.0,1556.0,0
80.224,1830,1,2,1,52.3,23.59,7.5,4,2,2,6.0,1562.0,0
80.28,1831,0,2,1,52.3,0.0,5.33,0,0,0,0.0,1562.0,0
80.31,1832,1,2,1,52.3,23.47,7.5,3,1,2,3.0,1565.0,0
80.365,1833,0,2,1,52.3,0.0,5.33,0,0,0,0.0,1565.0,0
80.395,1834,1,2,1,52.3,23.54,7.5,3,1,2,3.0,1568.0,0
80.451,1835,0,2,1,52.3,0.0,5.33,0,0,0,0.0,1568.0,0
80.483,1836,1,2,1,52.3,23.91,7.5,3,2,1,6.0,1574.0,0
80.538,1837,0,2,1,52.3,0.0,5.33,0,0,0,0.0,1574.0,0
80.568,1838,1,2,1,52.3,23.47,7.5,4,2,2,6.0,1580.0,0
80.623,1839,0,2,1,52.3,0.0,5.33,0,0,0,0.0,1580.0,0
80.652,1840,1,2,1,52.3,28.31,7.5,8,1,7,3.0,1583.0,0
80.713,1841,0,2,1,52.3,0.0,5.33,0,0,0,0.0,1583.0,0
80.743,1842,1,2,1,52.3,23.57,7.5,5,1,4,3.0,1586.0,0
80.797,1843,0,2,1,52.3,0.0,5.33,0,0,0,0.0,1586.0,0
80.827,1844,1,2,1,52.3,23.89,7.5,5,1,4,3.0,1589.0,0
80.883,1845,0,2,1,52.3,0.0,5.33,0,0,0,0.0,1589.0,0
80.913,1846,1,2,1,52.3,23.57,7.5,6,2,4,6.0,1595.0,0
80.969,1847,0,2,1,52.3,0.0,5.33,0,0,0,0.0,1595.0,0
80.998,1848,1,2,1,52.3,23.5,7.5,6,2,4,6.0,1601.0,0
81.054,1849,0,2,1,52.3,0.0,5.33,0,0,0,0.0,1601.0,0
81.084,1850,1,2,1,52.3,23.63,7.5,4,1,3,3.0,1604.0,0
81.14,1851,0,2,1,52.5,0.0,5.33,0,0,0,0.0,1604.0,0
81.17,1852,1,2,1,52.5,23.67,7.5,8,2,6,6.0,1610.0,0
81.225,1853,0,2,1,52.5,0.0,5.33,0,0,0,0.0,1610.0,0
81.255,1854,1,2,1,52.5,26.21,7.5,5,2,3,6.0,1616.0,0
81.313,1855,0,2,1,52.5,0.0,5.33,0,0,0,0.0,1616.0,0
81.343,1856,1,2,1,52.5,24.21,7.5,7,2,5,6.0,1622.0,0
81.399,1857,0,2,1,52.5,0.0,5.33,0,0,0,0.0,1622.0,0
81.429,1858,1,2,1,52.5,23.86,7.5,5,2,3,86.0,1708.0,1
81.485,1859,0,2,1,52.5,0.0,5.33,0,0,0,0.0,1708.0,0
81.518,1860,1,2,1,52.5,24.1,7.5,7,1,6,3.0,1711.0,0
81.574,1861,0,2,1,52.5,0.0,5.33,0,0,0,0.0,1711.0,0
81.604,1862,1,2,1,52.5,23.65,7.5,3,1,2,3.0,1714.0,0
81.659,1863,0,2,1,52.5,0.0,5.33,0,0,0,0.0,1714.0,0
81.689,1864,1,2,1,52.5,23.6,7.5,8,1,7,3.0,1717.0,0
81.744,1865,0,2,1,52.5,0.0,5.33,0,0,0,0.0,1717.0,0
81.774,1866,1,2,1,52.5,23.64,7.5,6,2,4,6.0,1723.0,0
81.829,1867,0,2,1,52.5,0.0,5.33,0,0,0,0.0,1723.0,0
81.859,1868,1,2,1,52.5,27.95,7.5,7,1,6,3.0,1726.0,0
81.919,1869,0,2,1,52.5,0.0,5.33,0,0,0,0.0,1726.0,0
81.949,1870,1,2,1,52.5,23.71,7.5,9,1,8,3.0,1729.0,0
82.004,1871,0,2,1,52.5,0.0,5.33,0,0,0,0.0,1729.0,0
82.034,1872,1,2,1,52.5,23.82,7.5,6,2,4,6.0,1735.0,0
82.09,1873,0,2,1,52.4,0.0,5.33,0,0,0,0.0,1735.0,0
82.12,1874,1,2,1,52.4,24.03,7.5,6,1,5,3.0,1738.0,0
82.176,1875,0,2,1,52.4,0.0,5.33,0,0,0,0.0,1738.0,0
82.206,1876,1,2,1,52.4,23.55,7.5,7,1,6,3.0,1741.0,0
82.262,1877,0,2,1,52.4,0.0,5.33,0,0,0,0.0,1741.0,0
82.292,1878,1,2,1,52.4,23.44,7.5,7,1,6,3.0,1744.0,0
82.348,1879,0,2,1,52.4,0.0,5.33,0,0,0,0.0,1744.0,0
82.378,1880,1,2,1,52.4,23.54,7.5,7,1,6,3.0,1747.0,0
82.433,1881,0,2,1,52.4,0.0,5.33,0,0,0,0.0,1747.0,0
82.463,1882,1,2,1,52.4,28.28,7.5,7,1,6,3.0,1750.0,0
82.524,1883,0,2,1,52.4,0.0,5.33,0,0,0,0.0,1750.0,0
82.554,1884,1,2,1,52.4,23.63,7.5,6,1,5,3.0,1753.0,0
82.609,1885,0,2,1,52.4,0.0,5.33,0,0,0,0.0,1753.0,0
82.639,1886,1,2,1,52.4,23.57,7.5,5,1,4,3.0,1756.0,0
82.695,1887,0,2,1,52.4,0.0,5.33,0,0,0,0.0,1756.0,0
82.725,1888,1,2,1,52.4,23.52,7.5,5,1,4,3.0,1759.0,0
82.78,1889,0,2,1,52.4,0.0,5.33,0,0,0,0.0,1759.0,0
82.81,1890,1,2,1,52.4,23.64,7.5,7,1,6,3.0,1762.0,0
82.865,1891,0,2,1,52.4,0.0,5.33,0,0,0,0.0,1762.0,0
82.897,1892,1,2,1,52.4,23.59,7.5,6,1,5,3.0,1765.0,0
82.952,1893,0,2,1,52.4,0.0,5.33,0,0,0,0.0,1765.0,0
82.982,1894,1,2,1,52.4,23.39,7.5,5,1,4,3.0,1768.0,0
83.036,1895,0,2,1,52.4,0.0,5.33,0,0,0,0.0,1768.0,0
83.066,1896,1,2,1,52.4,26.37,7.5,4,1,3,3.0,1771.0,0
83.125,1897,0,2,1,52.6,0.0,5.33,0,0,0,0.0,1771.0,0
83.156,1898,1,2,1,52.6,23.82,7.5,4,2,2,6.0,1777.0,0
83.21,1899,0,2,1,52.6,0.0,5.33,0,0,0,0.0,1777.0,0
83.241,1900,1,2,1,52.6,23.52,7.5,5,1,4,3.0,1780.0,0
83.296,1901,0,2,1,52.6,0.0,5.33,0,0,0,0.0,1780.0,0
83.326,1902,1,2,1,52.6,23.77,7.5,6,1,5,3.0,1783.0,0
83.382,1903,0,2,1,52.6,0.0,5.33,0,0,0,0.0,1783.0,0
83.412,1904,1,2,1,52.6,23.6,7.5,6,2,4,6.0,1789.0,0
83.467,1905,0,2,1,52.6,0.0,5.33,0,0,0,0.0,1789.0,0
83.498,1906,1,2,1,52.6,23.49,7.5,6,2,4,6.0,1795.0,0
83.553,1907,0,2,1,52.6,0.0,5.33,0,0,0,0.0,1795.0,0
83.583,1908,1,2,1,52.6,23.77,7.5,5,2,3,6.0,1801.0,0
83.638,1909,0,2,1,52.6,0.0,5.33,0,0,0,0.0,1801.0,0
83.669,1910,1,2,1,52.6,26.34,7.5,4,2,2,6.0,1807.0,0
83.726,1911,0,2,1,52.6,0.0,5.33,0,0,0,0.0,1807.0,0
83.756,1912,1,2,1,52.6,23.53,7.5,3,2,1,6.0,1813.0,0
83.811,1913,0,2,1,52.6,0.0,5.33,0,0,0,0.0,1813.0,0
83.842,1914,1,2,1,52.6,23.57,7.5,4,1,3,3.0,1816.0,0
83.896,1915,0,2,1,52.6,0.0,5.33,0,0,0,0.0,1816.0,0
83.927,1916,1,2,1,52.6,24.15,7.5,4,1,3,3.0,1819.0,0
83.982,1917,0,2,1,52.6,0.0,5.33,0,0,0,0.0,1819.0,0
84.012,1918,1,2,1,52.6,23.52,7.5,4,2,2,86.0,1905.0,1
84.068,1919,0,2,1,52.6,0.0,5.33,0,0,0,0.0,1905.0,0
84.1,1920,1,2,1,52.7,23.92,7.5,4,2,2,6.0,1911.0,0
84.156,1921,0,2,1,52.7,0.0,5.33,0,0,0,0.0,1911.0,0
84.186,1922,1,2,1,52.7,23.45,7.5,4,1,3,3.0,1914.0,0
84.24,1923,0,2,1,52.7,0.0,5.33,0,0,0,0.0,1914.0,0
84.271,1924,1,2,1,52.7,25.76,7.5,5,1,4,3.0,1917.0,0
84.328,1925,0,2,1,52.7,0.0,5.33,0,0,0,0.0,1917.0,0
84.359,1926,1,2,1,52.7,23.53,7.5,5,1,4,3.0,1920.0,0
84.413,1927,0,2,1,52.7,0.0,5.33,0,0,0,0.0,1920.0,0
84.443,1928,1,2,1,52.7,24.11,7.5,3,1,2,3.0,1923.0,0
84.499,1929,0,2,1,52.7,0.0,5.33,0,0,0,0.0,1923.0,0
84.529,1930,1,2,1,52.7,23.68,7.5,2,1,1,3.0,1926.0,0
84.584,1931,0,2,1,52.7,0.0,5.33,0,0,0,0.0,1926.0,0
84.614,1932,1,2,1,52.7,23.35,7.5,4,1,3,3.0,1929.0,0
84.669,1933,0,2,1,52.7,0.0,5.33,0,0,0,0.0,1929.0,0
84.699,1934,1,2,1,52.7,23.42,7.5,1,1,0,3.0,1932.0,0
84.753,1935,0,2,1,52.7,0.0,5.33,0,0,0,0.0,1932.0,0
84.783,1936,1,2,1,52.7,23.55,7.5,1,1,0,3.0,1935.0,0
84.837,1937,0,2,1,52.7,0.0,5.33,0,0,0,0.0,1935.0,0
84.868,1938,1,2,1,52.7,23.41,7.5,2,1,1,3.0,1938.0,0
84.922,1939,0,2,1,52.7,0.0,5.33,0,0,0,0.0,1938.0,0
84.952,1940,1,2,1,52.7,23.73,7.5,2,1,1,3.0,1941.0,0
85.007,1941,0,2,1,52.7,0.0,5.33,0,0,0,0.0,1941.0,0
85.037,1942,1,2,1,52.7,23.61,7.5,2,1,1,3.0,1944.0,0
85.091,1943,0,2,1,52.7,0.0,5.33,0,0,0,0.0,1944.0,0
85.122,1944,1,2,1,52.4,24.03,7.5,2,0,2,0.0,1944.0,0
85.177,1945,0,2,1,52.4,0.0,5.33,0,0,0,0.0,1944.0,0
85.207,1946,1,2,1,52.4,23.52,7.5,2,1,1,3.0,1947.0,0
85.261,1947,0,2,1,52.4,0.0,5.33,0,0,0,0.0,1947.0,0
85.291,1948,1,2,1,52.4,25.64,7.5,1,1,0,3.0,1950.0,0
85.348,1949,0,2,1,52.4,0.0,5.33,0,0,0,0.0,1950.0,0
85.378,1950,1,2,1,52.4,23.36,7.5,2,0,2,0.0,1950.0,0
85.432,1951,0,2,1,52.4,0.0,5.33,0,0,0,0.0,1950.0,0
85.464,1952,1,2,1,52.4,34.25,7.5,2,0,2,0.0,1950.0,0
85.529,1953,0,2,1,52.4,0.0,5.33,0,0,0,0.0,1950.0,0
85.559,1954,1,2,1,52.4,23.42,7.5,2,1,1,3.0,1953.0,0
85.613,1955,0,2,1,52.4,0.0,5.33,0,0,0,0.0,1953.0,0
85.643,1956,1,2,1,52.4,23.39,7.5,1,1,0,3.0,1956.0,0
85.697,1957,0,2,1,52.4,0.0,5.33,0,0,0,0.0,1956.0,0
85.727,1958,1,2,1,52.4,23.34,7.5,2,1,1,3.0,1959.0,0
85.781,1959,0,2,1,52.4,0.0,5.33,0,0,0,0.0,1959.0,0
85.811,1960,1,2,1,52.4,23.42,7.5,1,1,0,3.0,1962.0,0
85.865,1961,0,2,1,52.4,0.0,5.33,0,0,0,0.0,1962.0,0
85.895,1962,1,2,1,52.4,25.94,7.5,2,0,2,0.0,1962.0,0
85.951,1963,0,2,1,52.4,0.0,5.33,0,0,0,0.0,1962.0,0
85.981,1964,1,2,1,52.4,23.62,7.5,2,0,2,0.0,1962.0,0
86.036,1965,0,2,1,52.4,0.0,5.33,0,0,0,0.0,1962.0,0
86.066,1966,1,2,1,52.4,23.71,7.5,2,0,2,0.0,1962.0,0
86.121,1967,0,2,1,52.8,0.0,5.33,0,0,0,0.0,1962.0,0
86.151,1968,1,2,1,52.8,23.83,7.5,2,0,2,0.0,1962.0,0
86.206,1969,0,2,1,52.8,0.0,5.33,0,0,0,0.0,1962.0,0
86.236,1970,1,2,1,52.8,23.52,7.5,1,0,1,0.0,1962.0,0
86.29,1971,0,2,1,52.8,0.0,5.33,0,0,0,0.0,1962.0,0
86.321,1972,1,2,1,52.8,23.54,7.5,1,0,1,0.0,1962.0,0
86.375,1973,0,2,1,52.8,0.0,5.33,0,0,0,0.0,1962.0,0
86.405,1974,1,2,1,52.8,23.46,7.5,3,1,2,3.0,1965.0,0
86.459,1975,0,2,1,52.8,0.0,5.33,0,0,0,0.0,1965.0,0
86.489,1976,1,2,1,52.8,26.01,7.5,3,1,2,3.0,1968.0,0
86.546,1977,0,2,1,52.8,0.0,5.33,0,0,0,0.0,1968.0,0
86.576,1978,1,2,1,52.8,23.68,7.5,3,0,3,80.0,2048.0,1
86.632,1979,0,2,1,52.8,0.0,5.33,0,0,0,0.0,2048.0,0
86.664,1980,1,2,1,52.8,23.58,7.5,2,0,2,0.0,2048.0,0
86.719,1981,0,2,1,52.8,0.0,5.33,0,0,0,0.0,2048.0,0
86.748,1982,1,2,1,52.8,23.36,7.5,1,1,0,3.0,2051.0,0
86.802,1983,0,2,1,52.8,0.0,5.33,0,0,0,0.0,2051.0,0
86.832,1984,1,2,1,52.8,23.6,7.5,1,0,1,0.0,2051.0,0
86.886,1985,0,2,1,52.8,0.0,5.33,0,0,0,0.0,2051.0,0
86.917,1986,1,2,1,52.8,23.93,7.5,2,1,1,3.0,2054.0,0
86.971,1987,0,2,1,52.8,0.0,5.33,0,0,0,0.0,2054.0,0
87.001,1988,1,2,1,52.8,23.74,7.5,3,1,2,3.0,2057.0,0
87.056,1989,0,2,1,52.8,0.0,5.33,0,0,0,0.0,2057.0,0
87.085,1990,1,2,1,52.8,26.2,7.5,3,0,3,0.0,2057.0,0
87.143,1991,0,2,1,52.3,0.0,5.33,0,0,0,0.0,2057.0,0
87.173,1992,1,2,1,52.3,23.6,7.5,3,1,2,3.0,2060.0,0
87.228,1993,0,2,1,52.3,0.0,5.33,0,0,0,0.0,2060.0,0
87.259,1994,1,2,1,52.3,23.49,7.5,3,0,3,0.0,2060.0,0
87.313,1995,0,2,1,52.3,0.0,5.33,0,0,0,0.0,2060.0,0
87.343,1996,1,2,1,52.3,23.73,7.5,3,0,3,0.0,2060.0,0
87.398,1997,0,2,1,52.3,0.0,5.33,0,0,0,0.0,2060.0,0
87.428,1998,1,2,1,52.3,23.99,7.5,3,0,3,0.0,2060.0,0
87.483,1999,0,2,1,52.3,0.0,5.33,0,0,0,0.0,2060.0,0
87.513,2000,1,2,1,52.3,25.52,7.5,3,0,3,0.0,2060.0,0
87.569,2001,0,2,1,52.3,0.0,5.33,0,0,0,0.0,2060.0,0
87.599,2002,1,2,1,52.3,23.5,7.5,2,0,2,0.0,2060.0,0
87.653,2003,0,2,1,52.3,0.0,5.33,0,0,0,0.0,2060.0,0
87.683,2004,1,2,1,52.3,23.34,7.5,1,0,1,0.0,2060.0,0
87.738,2005,0,2,1,52.3,0.0,5.33,0,0,0,0.0,2060.0,0
87.768,2006,1,2,1,52.3,23.47,7.5,1,0,1,0.0,2060.0,0
87.821,2007,0,2,1,52.3,0.0,5.33,0,0,0,0.0,2060.0,0
87.851,2008,1,2,1,52.3,23.51,7.5,2,0,2,0.0,2060.0,0
87.905,2009,0,2,1,52.3,0.0,5.33,0,0,0,0.0,2060.0,0
87.936,2010,1,2,1,52.3,23.57,7.5,1,0,1,0.0,2060.0,0
87.99,2011,0,2,1,52.3,0.0,5.33,0,0,0,0.0,2060.0,0
88.02,2012,1,2,1,52.3,23.94,7.5,2,0,2,0.0,2060.0,0
88.074,2013,0,2,1,52.3,0.0,5.33,0,0,0,0.0,2060.0,0
88.104,2014,1,2,1,52.6,26.93,7.5,0,0,0,0.0,2060.0,0
88.161,2015,0,2,1,52.6,0.0,5.33,0,0,0,0.0,2060.0,0
88.191,2016,1,2,1,52.6,21.52,7.5,0,0,0,0.0,2060.0,0
88.243,2017,0,2,1,52.6,0.0,5.33,0,0,0,0.0,2060.0,0
88.273,2018,1,2,1,52.6,21.81,7.5,0,0,0,0.0,2060.0,0
88.324,2019,0,2,1,52.6,0.0,5.33,0,0,0,0.0,2060.0,0
88.354,2020,1,2,1,52.6,21.42,7.5,0,0,0,0.0,2060.0,0
88.406,2021,0,2,1,52.6,0.0,5.33,0,0,0,0.0,2060.0,0
88.436,2022,1,2,1,52.6,21.59,7.5,0,0,0,0.0,2060.0,0
88.487,2023,0,2,1,52.6,0.0,5.33,0,0,0,0.0,2060.0,0
88.517,2024,1,2,1,52.6,23.69,7.5,1,0,1,0.0,2060.0,0
88.571,2025,0,2,1,52.6,0.0,5.33,0,0,0,0.0,2060.0,0
88.601,2026,1,2,1,52.6,21.66,7.5,0,0,0,0.0,2060.0,0
88.653,2027,0,2,1,52.6,0.0,5.33,0,0,0,0.0,2060.0,0
88.683,2028,1,2,1,52.6,21.49,7.5,0,0,0,0.0,2060.0,0
88.734,2029,0,2,1,52.6,0.0,5.33,0,0,0,0.0,2060.0,0
88.764,2030,1,2,1,52.6,21.59,7.5,0,0,0,0.0,2060.0,0
88.815,2031,0,2,1,52.6,0.0,5.33,0,0,0,0.0,2060.0,0
88.845,2032,1,2,1,52.6,22.45,7.5,0,0,0,0.0,2060.0,0
88.898,2033,0,2,1,52.6,0.0,5.33,0,0,0,0.0,2060.0,0
88.928,2034,1,2,1,52.6,21.62,7.5,0,0,0,0.0,2060.0,0
88.979,2035,0,2,1,52.6,0.0,5.33,0,0,0,0.0,2060.0,0
89.009,2036,1,2,1,52.6,21.75,7.5,0,0,0,0.0,2060.0,0
89.061,2037,0,2,1,52.6,0.0,5.33,0,0,0,0.0,2060.0,0
89.091,2038,1,2,1,52.6,21.68,7.5,0,0,0,80.0,2140.0,1
89.143,2039,0,2,1,52.3,0.0,5.33,0,0,0,0.0,2140.0,0
89.173,2040,1,2,1,52.3,21.54,7.5,0,0,0,0.0,2140.0,0
89.225,2041,0,2,1,52.3,0.0,5.33,0,0,0,0.0,2140.0,0
89.255,2042,1,2,1,52.3,21.71,7.5,0,0,0,0.0,2140.0,0
89.307,2043,0,2,1,52.3,0.0,5.33,0,0,0,0.0,2140.0,0
89.336,2044,1,2,1,52.3,21.71,7.5,0,0,0,0.0,2140.0,0
89.388,2045,0,2,1,52.3,0.0,5.33,0,0,0,0.0,2140.0,0
89.418,2046,1,2,1,52.3,21.52,7.5,0,0,0,0.0,2140.0,0
89.47,2047,0,2,1,52.3,0.0,5.33,0,0,0,0.0,2140.0,0
89.5,2048,1,2,1,52.3,22.13,7.5,0,0,0,0.0,2140.0,0
89.552,2049,0,2,1,52.3,0.0,5.33,0,0,0,0.0,2140.0,0
89.582,2050,1,2,1,52.3,21.6,7.5,0,0,0,0.0,2140.0,0
89.634,2051,0,2,1,52.3,0.0,5.33,0,0,0,0.0,2140.0,0
89.664,2052,1,2,1,52.3,21.54,7.5,0,0,0,0.0,2140.0,0
89.715,2053,0,2,1,52.3,0.0,5.33,0,0,0,0.0,2140.0,0
89.745,2054,1,2,1,52.3,21.77,7.5,0,0,0,0.0,2140.0,0
89.797,2055,0,2,1,52.3,0.0,5.33,0,0,0,0.0,2140.0,0
89.827,2056,1,2,1,52.3,21.6,7.5,0,0,0,0.0,2140.0,0
89.879,2057,0,2,1,52.3,0.0,5.33,0,0,0,0.0,2140.0,0
89.909,2058,1,2,1,52.3,24.33,7.5,0,0,0,0.0,2140.0,0
89.963,2059,0,2,1,52.3,0.0,5.33,0,0,0,0.0,2140.0,0
89.993,2060,1,2,1,52.3,21.7,7.5,0,0,0,0.0,2140.0,0
