t,frame,name,conf,score,decision,reason
0.03,1,class62,0.653,0.327,DISCARD,low_score
0.03,1,class62,0.335,0.167,DISCARD,low_score
0.144,2,class62,0.453,0.227,DISCARD,low_score
0.144,2,class45,0.302,0.151,DISCARD,low_score
0.144,2,class39,0.278,0.139,DISCARD,low_score
0.206,3,class62,0.57,0.285,DISCARD,low_score
0.261,4,class62,0.482,0.241,DISCARD,low_score
0.315,5,class62,0.568,0.284,DISCARD,low_score
0.37,6,class62,0.479,0.239,DISCARD,low_score
0.37,6,class39,0.326,0.163,DISCARD,low_score
0.425,7,class62,0.662,0.331,DISCARD,low_score
0.479,8,class62,0.621,0.31,DISCARD,low_score
0.533,9,class62,0.521,0.261,DISCARD,low_score
0.587,10,class62,0.398,0.199,DISCARD,low_score
0.587,10,class62,0.317,0.159,DISCARD,low_score
0.642,11,class62,0.471,0.235,DISCARD,low_score
0.642,11,class39,0.389,0.194,DISCARD,low_score
0.642,11,class39,0.338,0.169,DISCARD,low_score
0.696,12,class62,0.523,0.262,DISCARD,low_score
0.696,12,class39,0.307,0.154,DISCARD,low_score
0.696,12,class62,0.254,0.127,DISCARD,low_score
0.75,13,class62,0.688,0.344,DISCARD,low_score
0.75,13,class62,0.43,0.215,DISCARD,low_score
0.75,13,class39,0.356,0.178,DISCARD,low_score
0.75,13,class39,0.352,0.176,DISCARD,low_score
0.805,14,class62,0.642,0.321,DISCARD,low_score
0.859,15,class62,0.624,0.312,DISCARD,low_score
0.859,15,class39,0.255,0.128,DISCARD,low_score
0.913,16,class62,0.486,0.243,DISCARD,low_score
0.913,16,class62,0.304,0.152,DISCARD,low_score
0.968,17,class62,0.398,0.199,DISCARD,low_score
1.021,18,class62,0.537,0.269,DISCARD,low_score
1.075,19,class45,0.316,0.158,DISCARD,low_score
1.075,19,class62,0.285,0.142,DISCARD,low_score
1.13,20,class62,0.4,0.2,DISCARD,low_score
1.235,22,class62,0.39,0.195,DISCARD,low_score
1.291,23,class62,0.404,0.202,DISCARD,low_score
1.345,24,class62,0.432,0.216,DISCARD,low_score
1.399,25,class62,0.696,0.348,DISCARD,low_score
1.454,26,class62,0.523,0.262,DISCARD,low_score
1.507,27,class62,0.593,0.296,DISCARD,low_score
1.561,28,class62,0.314,0.157,DISCARD,low_score
1.616,29,class62,0.56,0.28,DISCARD,low_score
1.669,30,class62,0.516,0.258,DISCARD,low_score
1.723,31,class62,0.699,0.35,DISCARD,low_score
1.778,32,class62,0.681,0.34,DISCARD,low_score
1.84,33,class62,0.558,0.279,DISCARD,low_score
1.894,34,class62,0.389,0.194,DISCARD,low_score
1.894,34,class62,0.251,0.125,DISCARD,low_score
1.948,35,class62,0.696,0.348,DISCARD,low_score
2.002,36,class62,0.642,0.321,DISCARD,low_score
2.002,36,class62,0.356,0.178,DISCARD,low_score
2.056,37,class62,0.773,0.387,DISCARD,low_score
2.11,38,class62,0.469,0.234,DISCARD,low_score
2.164,39,class62,0.4,0.2,DISCARD,low_score
2.218,40,class62,0.453,0.227,DISCARD,low_score
2.272,41,class62,0.428,0.214,DISCARD,low_score
2.326,42,class62,0.417,0.208,DISCARD,low_score
2.38,43,class62,0.525,0.263,DISCARD,low_score
2.643,48,class62,0.335,0.167,DISCARD,low_score
2.852,52,class62,0.324,0.162,DISCARD,low_score
2.958,54,class2,0.257,0.128,DISCARD,low_score
2.958,54,class2,0.255,0.128,DISCARD,low_score
2.958,54,class2,0.251,0.125,DISCARD,low_score
3.013,55,class56,0.308,0.154,DISCARD,low_score
3.013,55,class2,0.267,0.134,DISCARD,low_score
3.17,58,class2,0.428,0.214,DISCARD,low_score
3.17,58,class2,0.329,0.165,DISCARD,low_score
3.17,58,class60,0.268,0.134,DISCARD,low_score
3.225,59,class2,0.4,0.2,DISCARD,low_score
3.225,59,class2,0.302,0.151,DISCARD,low_score
3.225,59,class2,0.27,0.135,DISCARD,low_score
3.279,60,class39,0.516,0.258,DISCARD,low_score
3.333,61,class39,0.48,0.24,DISCARD,low_score
3.333,61,class60,0.253,0.127,DISCARD,low_score
3.4,62,class39,0.521,0.261,DISCARD,low_score
3.4,62,class62,0.363,0.181,DISCARD,low_score
3.454,63,class41,0.274,0.137,DISCARD,low_score
3.508,64,class2,0.319,0.16,DISCARD,low_score
3.563,65,class45,0.368,0.184,DISCARD,low_score
3.563,65,class39,0.321,0.16,DISCARD,low_score
3.617,66,class39,0.402,0.201,DISCARD,low_score
3.617,66,class45,0.385,0.192,DISCARD,low_score
3.617,66,class2,0.316,0.158,DISCARD,low_score
3.671,67,class39,0.415,0.207,DISCARD,low_score
3.671,67,class2,0.376,0.188,DISCARD,low_score
3.671,67,class2,0.277,0.138,DISCARD,low_score
3.725,68,class45,0.423,0.211,DISCARD,low_score
3.725,68,class39,0.419,0.209,DISCARD,low_score
3.725,68,class62,0.407,0.204,DISCARD,low_score
3.781,69,class39,0.577,0.289,DISCARD,low_score
3.781,69,class62,0.326,0.163,DISCARD,low_score
3.781,69,class45,0.317,0.159,DISCARD,low_score
3.835,70,class39,0.63,0.315,DISCARD,low_score
3.835,70,class45,0.459,0.23,DISCARD,low_score
3.835,70,class41,0.361,0.181,DISCARD,low_score
3.89,71,class39,0.484,0.242,DISCARD,low_score
3.89,71,class62,0.417,0.208,DISCARD,low_score
3.89,71,class45,0.34,0.17,DISCARD,low_score
3.89,71,class41,0.333,0.166,DISCARD,low_score
3.944,72,class39,0.553,0.276,DISCARD,low_score
3.944,72,class45,0.535,0.268,DISCARD,low_score
3.999,73,class39,0.52,0.26,DISCARD,low_score
3.999,73,class45,0.428,0.214,DISCARD,low_score
3.999,73,class62,0.368,0.184,DISCARD,low_score
4.053,74,class39,0.533,0.267,DISCARD,low_score
4.053,74,class45,0.479,0.239,DISCARD,low_score
4.053,74,class41,0.396,0.198,DISCARD,low_score
4.053,74,class62,0.345,0.173,DISCARD,low_score
4.107,75,class45,0.479,0.239,DISCARD,low_score
4.107,75,class39,0.417,0.208,DISCARD,low_score
4.107,75,class41,0.411,0.206,DISCARD,low_score
4.162,76,class39,0.598,0.299,DISCARD,low_score
4.162,76,class45,0.533,0.267,DISCARD,low_score
4.162,76,class41,0.461,0.231,DISCARD,low_score
4.162,76,class62,0.295,0.148,DISCARD,low_score
4.217,77,class45,0.504,0.252,DISCARD,low_score
4.217,77,class62,0.471,0.235,DISCARD,low_score
4.217,77,class39,0.467,0.233,DISCARD,low_score
4.217,77,class41,0.326,0.163,DISCARD,low_score
4.271,78,class45,0.479,0.239,DISCARD,low_score
4.271,78,class39,0.447,0.224,DISCARD,low_score
4.271,78,class41,0.359,0.18,DISCARD,low_score
4.325,79,class45,0.574,0.287,DISCARD,low_score
4.325,79,class39,0.564,0.282,DISCARD,low_score
4.325,79,class41,0.383,0.192,DISCARD,low_score
4.38,80,class45,0.646,0.323,DISCARD,low_score
4.38,80,class39,0.633,0.317,DISCARD,low_score
4.38,80,class41,0.484,0.242,DISCARD,low_score
4.38,80,class62,0.256,0.128,DISCARD,low_score
4.434,81,class45,0.657,0.328,DISCARD,low_score
4.434,81,class39,0.641,0.32,DISCARD,low_score
4.434,81,class41,0.453,0.227,DISCARD,low_score
4.434,81,class62,0.394,0.197,DISCARD,low_score
4.489,82,class45,0.698,0.349,DISCARD,low_score
4.489,82,class39,0.665,0.333,DISCARD,low_score
4.489,82,class41,0.44,0.22,DISCARD,low_score
4.544,83,class45,0.701,0.35,DISCARD,low_score
4.544,83,class39,0.615,0.308,DISCARD,low_score
4.544,83,class77,0.447,0.224,DISCARD,low_score
4.544,83,class41,0.278,0.139,DISCARD,low_score
4.544,83,class62,0.272,0.136,DISCARD,low_score
4.598,84,class45,0.657,0.328,DISCARD,low_score
4.598,84,class39,0.61,0.305,DISCARD,low_score
4.598,84,class62,0.572,0.286,DISCARD,low_score
4.598,84,class41,0.417,0.208,DISCARD,low_score
4.653,85,class39,0.655,0.327,DISCARD,low_score
4.653,85,class45,0.604,0.302,DISCARD,low_score
4.653,85,class41,0.428,0.214,DISCARD,low_score
4.653,85,class62,0.31,0.155,DISCARD,low_score
4.707,86,class45,0.644,0.322,DISCARD,low_score
4.707,86,class39,0.617,0.308,DISCARD,low_score
4.707,86,class41,0.39,0.195,DISCARD,low_score
4.707,86,class62,0.387,0.193,DISCARD,low_score
4.762,87,class45,0.722,0.361,DISCARD,low_score
4.762,87,class41,0.525,0.263,DISCARD,low_score
4.762,87,class39,0.52,0.26,DISCARD,low_score
4.762,87,class62,0.269,0.134,DISCARD,low_score
4.816,88,class45,0.715,0.358,DISCARD,low_score
4.816,88,class62,0.577,0.289,DISCARD,low_score
4.816,88,class41,0.482,0.241,DISCARD,low_score
4.816,88,class39,0.43,0.215,DISCARD,low_score
4.871,89,class62,0.736,0.368,DISCARD,low_score
4.871,89,class45,0.672,0.336,DISCARD,low_score
4.871,89,class39,0.498,0.249,DISCARD,low_score
4.871,89,class77,0.365,0.182,DISCARD,low_score
4.925,90,class39,0.686,0.343,DISCARD,low_score
4.925,90,class62,0.635,0.318,DISCARD,low_score
4.925,90,class45,0.632,0.316,DISCARD,low_score
4.925,90,class77,0.417,0.208,DISCARD,low_score
4.98,91,class45,0.711,0.355,DISCARD,low_score
4.98,91,class41,0.512,0.256,DISCARD,low_score
4.98,91,class39,0.432,0.216,DISCARD,low_score
4.98,91,class62,0.326,0.163,DISCARD,low_score
4.98,91,class77,0.323,0.161,DISCARD,low_score
5.045,92,class45,0.63,0.315,DISCARD,low_score
5.045,92,class39,0.619,0.309,DISCARD,low_score
5.045,92,class39,0.514,0.257,DISCARD,low_score
5.045,92,class77,0.5,0.25,DISCARD,low_score
5.045,92,class41,0.488,0.244,DISCARD,low_score
5.045,92,class62,0.308,0.154,DISCARD,low_score
5.1,93,class45,0.683,0.341,DISCARD,low_score
5.1,93,class39,0.679,0.34,DISCARD,low_score
5.1,93,class41,0.484,0.242,DISCARD,low_score
5.166,94,class45,0.689,0.345,DISCARD,low_score
5.166,94,class39,0.336,0.168,DISCARD,low_score
5.166,94,class41,0.286,0.143,DISCARD,low_score
5.223,95,class45,0.743,0.372,DISCARD,low_score
5.223,95,class41,0.484,0.242,DISCARD,low_score
5.223,95,class39,0.35,0.175,DISCARD,low_score
5.281,96,class45,0.714,0.357,DISCARD,low_score
5.281,96,class39,0.417,0.208,DISCARD,low_score
5.281,96,class41,0.354,0.177,DISCARD,low_score
5.281,96,class45,0.281,0.141,DISCARD,low_score
5.281,96,class62,0.277,0.138,DISCARD,low_score
5.336,97,class45,0.657,0.328,DISCARD,low_score
5.336,97,class39,0.596,0.298,DISCARD,low_score
5.336,97,class77,0.365,0.182,DISCARD,low_score
5.336,97,class41,0.359,0.18,DISCARD,low_score
5.336,97,class45,0.317,0.159,DISCARD,low_score
5.336,97,class62,0.258,0.129,DISCARD,low_score
5.336,97,class45,0.255,0.128,DISCARD,low_score
5.391,98,class45,0.709,0.355,DISCARD,low_score
5.391,98,class39,0.672,0.336,DISCARD,low_score
5.391,98,class45,0.434,0.217,DISCARD,low_score
5.391,98,class41,0.272,0.136,DISCARD,low_score
5.391,98,class39,0.267,0.134,DISCARD,low_score
5.391,98,class77,0.258,0.129,DISCARD,low_score
5.446,99,class45,0.684,0.342,DISCARD,low_score
5.446,99,class39,0.585,0.293,DISCARD,low_score
5.446,99,class45,0.424,0.212,DISCARD,low_score
5.446,99,class41,0.356,0.178,DISCARD,low_score
5.446,99,class69,0.331,0.166,DISCARD,low_score
5.446,99,class45,0.316,0.158,DISCARD,low_score
5.501,100,class45,0.779,0.389,DISCARD,low_score
5.501,100,class39,0.639,0.319,DISCARD,low_score
5.501,100,class45,0.482,0.241,DISCARD,low_score
5.501,100,class41,0.376,0.188,DISCARD,low_score
5.556,101,class45,0.739,0.369,DISCARD,low_score
5.556,101,class39,0.684,0.342,DISCARD,low_score
5.556,101,class45,0.533,0.267,DISCARD,low_score
5.556,101,class41,0.291,0.145,DISCARD,low_score
5.61,102,class45,0.635,0.318,DISCARD,low_score
5.61,102,class39,0.617,0.308,DISCARD,low_score
5.61,102,class45,0.48,0.24,DISCARD,low_score
5.61,102,class41,0.372,0.186,DISCARD,low_score
5.61,102,class45,0.354,0.177,DISCARD,low_score
5.61,102,class77,0.272,0.136,DISCARD,low_score
5.665,103,class45,0.577,0.289,DISCARD,low_score
5.665,103,class39,0.496,0.248,DISCARD,low_score
5.665,103,class41,0.48,0.24,DISCARD,low_score
5.665,103,class45,0.264,0.132,DISCARD,low_score
5.72,104,class45,0.633,0.317,DISCARD,low_score
5.72,104,class45,0.436,0.218,DISCARD,low_score
5.72,104,class39,0.39,0.195,DISCARD,low_score
5.72,104,class41,0.381,0.191,DISCARD,low_score
5.72,104,class45,0.374,0.187,DISCARD,low_score
5.72,104,class45,0.264,0.132,DISCARD,low_score
5.774,105,class45,0.635,0.318,DISCARD,low_score
5.774,105,class39,0.576,0.288,DISCARD,low_score
5.774,105,class45,0.502,0.251,DISCARD,low_score
5.829,106,class45,0.642,0.321,DISCARD,low_score
5.829,106,class39,0.633,0.317,DISCARD,low_score
5.829,106,class45,0.438,0.219,DISCARD,low_score
5.829,106,class41,0.314,0.157,DISCARD,low_score
5.829,106,class45,0.274,0.137,DISCARD,low_score
5.884,107,class39,0.679,0.34,DISCARD,low_score
5.884,107,class45,0.455,0.228,DISCARD,low_score
5.884,107,class45,0.329,0.165,DISCARD,low_score
5.938,108,class39,0.646,0.323,DISCARD,low_score
5.938,108,class45,0.492,0.246,DISCARD,low_score
5.938,108,class45,0.428,0.214,DISCARD,low_score
5.938,108,class41,0.39,0.195,DISCARD,low_score
5.993,109,class39,0.684,0.342,DISCARD,low_score
5.993,109,class45,0.484,0.242,DISCARD,low_score
5.993,109,class45,0.424,0.212,DISCARD,low_score
5.993,109,class45,0.361,0.181,DISCARD,low_score
5.993,109,class41,0.297,0.149,DISCARD,low_score
5.993,109,class39,0.264,0.132,DISCARD,low_score
6.048,110,class39,0.662,0.331,DISCARD,low_score
6.048,110,class45,0.537,0.269,DISCARD,low_score
6.048,110,class45,0.424,0.212,DISCARD,low_score
6.048,110,class41,0.378,0.189,DISCARD,low_score
6.102,111,class39,0.655,0.327,DISCARD,low_score
6.102,111,class45,0.633,0.317,DISCARD,low_score
6.102,111,class41,0.459,0.23,DISCARD,low_score
6.102,111,class45,0.411,0.206,DISCARD,low_score
6.156,112,class45,0.722,0.361,DISCARD,low_score
6.156,112,class45,0.635,0.318,DISCARD,low_score
6.156,112,class39,0.527,0.264,DISCARD,low_score
6.156,112,class41,0.272,0.136,DISCARD,low_score
6.211,113,class39,0.574,0.287,DISCARD,low_score
6.211,113,class45,0.553,0.276,DISCARD,low_score
6.211,113,class41,0.469,0.234,DISCARD,low_score
6.211,113,class45,0.368,0.184,DISCARD,low_score
6.265,114,class39,0.608,0.304,DISCARD,low_score
6.265,114,class45,0.589,0.294,DISCARD,low_score
6.265,114,class45,0.432,0.216,DISCARD,low_score
6.265,114,class41,0.358,0.179,DISCARD,low_score
6.32,115,class39,0.686,0.343,DISCARD,low_score
6.32,115,class45,0.613,0.307,DISCARD,low_score
6.32,115,class45,0.518,0.259,DISCARD,low_score
6.32,115,class45,0.446,0.223,DISCARD,low_score
6.32,115,class41,0.293,0.146,DISCARD,low_score
6.374,116,class45,0.606,0.303,DISCARD,low_score
6.374,116,class39,0.572,0.286,DISCARD,low_score
6.374,116,class45,0.35,0.175,DISCARD,low_score
6.374,116,class41,0.275,0.138,DISCARD,low_score
6.429,117,class45,0.712,0.356,DISCARD,low_score
6.429,117,class39,0.611,0.306,DISCARD,low_score
6.429,117,class45,0.529,0.265,DISCARD,low_score
6.429,117,class41,0.411,0.206,DISCARD,low_score
6.429,117,class45,0.361,0.181,DISCARD,low_score
6.484,118,class45,0.646,0.323,DISCARD,low_score
6.484,118,class45,0.556,0.278,DISCARD,low_score
6.484,118,class39,0.541,0.27,DISCARD,low_score
6.484,118,class39,0.461,0.231,DISCARD,low_score
6.54,119,class39,0.593,0.296,DISCARD,low_score
6.54,119,class45,0.465,0.232,DISCARD,low_score
6.54,119,class45,0.394,0.197,DISCARD,low_score
6.594,120,class39,0.615,0.308,DISCARD,low_score
6.594,120,class45,0.556,0.278,DISCARD,low_score
6.594,120,class45,0.496,0.248,DISCARD,low_score
6.594,120,class45,0.343,0.172,DISCARD,low_score
6.594,120,class41,0.326,0.163,DISCARD,low_score
6.649,121,class45,0.674,0.337,DISCARD,low_score
6.649,121,class39,0.608,0.304,DISCARD,low_score
6.649,121,class41,0.48,0.24,DISCARD,low_score
6.649,121,class45,0.48,0.24,DISCARD,low_score
6.649,121,class45,0.404,0.202,DISCARD,low_score
6.714,122,class45,0.686,0.343,DISCARD,low_score
6.714,122,class45,0.637,0.319,DISCARD,low_score
6.714,122,class39,0.593,0.296,DISCARD,low_score
6.714,122,class41,0.438,0.219,DISCARD,low_score
6.769,123,class39,0.637,0.319,DISCARD,low_score
6.769,123,class45,0.589,0.294,DISCARD,low_score
6.769,123,class45,0.583,0.292,DISCARD,low_score
6.769,123,class41,0.459,0.23,DISCARD,low_score
6.769,123,class45,0.409,0.205,DISCARD,low_score
6.769,123,class70,0.258,0.129,DISCARD,low_score
6.824,124,class39,0.591,0.295,DISCARD,low_score
6.824,124,class45,0.587,0.293,DISCARD,low_score
6.824,124,class41,0.543,0.271,DISCARD,low_score
6.824,124,class45,0.535,0.268,DISCARD,low_score
6.824,124,class45,0.413,0.207,DISCARD,low_score
6.824,124,class45,0.275,0.138,DISCARD,low_score
6.879,125,class39,0.642,0.321,DISCARD,low_score
6.879,125,class45,0.585,0.293,DISCARD,low_score
6.879,125,class45,0.394,0.197,DISCARD,low_score
6.879,125,class45,0.307,0.154,DISCARD,low_score
6.879,125,class41,0.299,0.15,DISCARD,low_score
6.933,126,class45,0.679,0.34,DISCARD,low_score
6.933,126,class39,0.657,0.328,DISCARD,low_score
6.933,126,class45,0.595,0.297,DISCARD,low_score
6.933,126,class45,0.363,0.181,DISCARD,low_score
6.933,126,class41,0.299,0.15,DISCARD,low_score
6.988,127,class45,0.66,0.33,DISCARD,low_score
6.988,127,class39,0.648,0.324,DISCARD,low_score
6.988,127,class45,0.564,0.282,DISCARD,low_score
6.988,127,class41,0.415,0.207,DISCARD,low_score
6.988,127,class45,0.342,0.171,DISCARD,low_score
6.988,127,class45,0.307,0.154,DISCARD,low_score
7.043,128,class45,0.719,0.359,DISCARD,low_score
7.043,128,class39,0.598,0.299,DISCARD,low_score
7.043,128,class45,0.529,0.265,DISCARD,low_score
7.043,128,class41,0.4,0.2,DISCARD,low_score
7.043,128,class59,0.288,0.144,DISCARD,low_score
7.043,128,class45,0.274,0.137,DISCARD,low_score
7.043,128,class45,0.264,0.132,DISCARD,low_score
7.097,129,class45,0.719,0.359,DISCARD,low_score
7.097,129,class39,0.613,0.307,DISCARD,low_score
7.097,129,class45,0.547,0.273,DISCARD,low_score
7.097,129,class41,0.411,0.206,DISCARD,low_score
7.097,129,class45,0.251,0.125,DISCARD,low_score
7.152,130,class45,0.736,0.368,DISCARD,low_score
7.152,130,class39,0.593,0.296,DISCARD,low_score
7.152,130,class45,0.553,0.276,DISCARD,low_score
7.152,130,class41,0.385,0.192,DISCARD,low_score
7.152,130,class45,0.28,0.14,DISCARD,low_score
7.208,131,class45,0.714,0.357,DISCARD,low_score
7.208,131,class39,0.596,0.298,DISCARD,low_score
7.208,131,class45,0.535,0.268,DISCARD,low_score
7.208,131,class41,0.475,0.237,DISCARD,low_score
7.208,131,class45,0.331,0.166,DISCARD,low_score
7.208,131,class59,0.304,0.152,DISCARD,low_score
7.263,132,class45,0.676,0.338,DISCARD,low_score
7.263,132,class39,0.622,0.311,DISCARD,low_score
7.263,132,class41,0.541,0.27,DISCARD,low_score
7.263,132,class45,0.525,0.263,DISCARD,low_score
7.263,132,class45,0.272,0.136,DISCARD,low_score
7.318,133,class45,0.683,0.341,DISCARD,low_score
7.318,133,class39,0.589,0.294,DISCARD,low_score
7.318,133,class41,0.407,0.204,DISCARD,low_score
7.318,133,class45,0.379,0.19,DISCARD,low_score
7.318,133,class45,0.328,0.164,DISCARD,low_score
7.318,133,class45,0.277,0.138,DISCARD,low_score
7.374,134,class45,0.784,0.392,DISCARD,low_score
7.374,134,class39,0.61,0.305,DISCARD,low_score
7.374,134,class45,0.514,0.257,DISCARD,low_score
7.374,134,class45,0.347,0.173,DISCARD,low_score
7.374,134,class41,0.343,0.172,DISCARD,low_score
7.374,134,class45,0.283,0.141,DISCARD,low_score
7.43,135,class45,0.755,0.377,DISCARD,low_score
7.43,135,class45,0.73,0.365,DISCARD,low_score
7.43,135,class41,0.496,0.248,DISCARD,low_score
7.43,135,class39,0.488,0.244,DISCARD,low_score
7.43,135,class45,0.255,0.128,DISCARD,low_score
7.485,136,class45,0.761,0.38,DISCARD,low_score
7.485,136,class45,0.662,0.331,DISCARD,low_score
7.485,136,class41,0.587,0.293,DISCARD,low_score
7.485,136,class39,0.562,0.281,DISCARD,low_score
7.54,137,class45,0.707,0.354,DISCARD,low_score
7.54,137,class45,0.637,0.319,DISCARD,low_score
7.54,137,class39,0.583,0.292,DISCARD,low_score
7.54,137,class41,0.465,0.232,DISCARD,low_score
7.596,138,class45,0.696,0.348,DISCARD,low_score
7.596,138,class45,0.664,0.332,DISCARD,low_score
7.596,138,class39,0.635,0.318,DISCARD,low_score
7.596,138,class45,0.508,0.254,DISCARD,low_score
7.65,139,class45,0.736,0.368,DISCARD,low_score
7.65,139,class45,0.693,0.346,DISCARD,low_score
7.65,139,class45,0.669,0.334,DISCARD,low_score
7.65,139,class39,0.598,0.299,DISCARD,low_score
7.65,139,class41,0.432,0.216,DISCARD,low_score
7.706,140,class45,0.683,0.341,DISCARD,low_score
7.706,140,class45,0.681,0.34,DISCARD,low_score
7.706,140,class39,0.615,0.308,DISCARD,low_score
7.706,140,class45,0.376,0.188,DISCARD,low_score
7.706,140,class41,0.359,0.18,DISCARD,low_score
7.706,140,class45,0.342,0.171,DISCARD,low_score
7.706,140,class45,0.275,0.138,DISCARD,low_score
7.762,141,class45,0.698,0.349,DISCARD,low_score
7.762,141,class45,0.641,0.32,DISCARD,low_score
7.762,141,class39,0.556,0.278,DISCARD,low_score
7.762,141,class45,0.459,0.23,DISCARD,low_score
7.762,141,class41,0.398,0.199,DISCARD,low_score
7.762,141,class45,0.263,0.131,DISCARD,low_score
7.817,142,class45,0.701,0.35,DISCARD,low_score
7.817,142,class45,0.684,0.342,DISCARD,low_score
7.817,142,class39,0.664,0.332,DISCARD,low_score
7.817,142,class45,0.446,0.223,DISCARD,low_score
7.817,142,class45,0.398,0.199,DISCARD,low_score
7.817,142,class45,0.251,0.125,DISCARD,low_score
7.875,143,class45,0.635,0.318,DISCARD,low_score
7.875,143,class45,0.57,0.285,DISCARD,low_score
7.875,143,class39,0.504,0.252,DISCARD,low_score
7.875,143,class45,0.374,0.187,DISCARD,low_score
7.932,144,class45,0.63,0.315,DISCARD,low_score
7.932,144,class39,0.61,0.305,DISCARD,low_score
7.932,144,class45,0.521,0.261,DISCARD,low_score
7.932,144,class45,0.261,0.131,DISCARD,low_score
7.988,145,class45,0.694,0.347,DISCARD,low_score
7.988,145,class39,0.628,0.314,DISCARD,low_score
7.988,145,class45,0.527,0.264,DISCARD,low_score
7.988,145,class41,0.411,0.206,DISCARD,low_score
7.988,145,class45,0.352,0.176,DISCARD,low_score
7.988,145,class45,0.306,0.153,DISCARD,low_score
8.043,146,class45,0.753,0.377,DISCARD,low_score
8.043,146,class39,0.749,0.375,DISCARD,low_score
8.043,146,class45,0.617,0.308,DISCARD,low_score
8.043,146,class45,0.342,0.171,DISCARD,low_score
8.043,146,class41,0.342,0.171,DISCARD,low_score
8.043,146,class57,0.296,0.148,DISCARD,low_score
8.098,147,class45,0.746,0.373,DISCARD,low_score
8.098,147,class39,0.717,0.359,DISCARD,low_score
8.098,147,class45,0.648,0.324,DISCARD,low_score
8.098,147,class57,0.467,0.233,DISCARD,low_score
8.098,147,class41,0.432,0.216,DISCARD,low_score
8.098,147,class45,0.299,0.15,DISCARD,low_score
8.153,148,class39,0.693,0.346,DISCARD,low_score
8.153,148,class45,0.667,0.334,DISCARD,low_score
8.153,148,class45,0.581,0.291,DISCARD,low_score
8.153,148,class57,0.545,0.272,DISCARD,low_score
8.153,148,class45,0.484,0.242,DISCARD,low_score
8.153,148,class45,0.413,0.207,DISCARD,low_score
8.212,149,class39,0.684,0.342,DISCARD,low_score
8.212,149,class45,0.65,0.325,DISCARD,low_score
8.212,149,class45,0.639,0.319,DISCARD,low_score
8.212,149,class57,0.531,0.266,DISCARD,low_score
8.212,149,class41,0.297,0.149,DISCARD,low_score
8.212,149,class45,0.255,0.128,DISCARD,low_score
8.266,150,class39,0.712,0.356,DISCARD,low_score
8.266,150,class45,0.704,0.352,DISCARD,low_score
8.266,150,class45,0.686,0.343,DISCARD,low_score
8.266,150,class45,0.549,0.274,DISCARD,low_score
8.266,150,class57,0.5,0.25,DISCARD,low_score
8.266,150,class45,0.413,0.207,DISCARD,low_score
8.324,151,class45,0.809,0.405,DISCARD,low_score
8.324,151,class45,0.648,0.324,DISCARD,low_score
8.324,151,class39,0.562,0.281,DISCARD,low_score
8.324,151,class57,0.554,0.277,DISCARD,low_score
8.324,151,class45,0.361,0.181,DISCARD,low_score
8.324,151,class41,0.293,0.146,DISCARD,low_score
8.324,151,class39,0.264,0.132,DISCARD,low_score
8.389,152,class39,0.715,0.358,DISCARD,low_score
8.389,152,class45,0.711,0.355,DISCARD,low_score
8.389,152,class45,0.626,0.313,DISCARD,low_score
8.389,152,class57,0.539,0.269,DISCARD,low_score
8.389,152,class45,0.43,0.215,DISCARD,low_score
8.444,153,class45,0.752,0.376,DISCARD,low_score
8.444,153,class39,0.701,0.35,DISCARD,low_score
8.444,153,class57,0.646,0.323,DISCARD,low_score
8.444,153,class45,0.644,0.322,DISCARD,low_score
8.444,153,class45,0.317,0.159,DISCARD,low_score
8.444,153,class41,0.264,0.132,DISCARD,low_score
8.499,154,class45,0.693,0.346,DISCARD,low_score
8.499,154,class45,0.66,0.33,DISCARD,low_score
8.499,154,class57,0.579,0.29,DISCARD,low_score
8.499,154,class39,0.527,0.264,DISCARD,low_score
8.499,154,class59,0.518,0.259,DISCARD,low_score
8.499,154,class45,0.413,0.207,DISCARD,low_score
8.499,154,class41,0.354,0.177,DISCARD,low_score
8.499,154,class39,0.266,0.133,DISCARD,low_score
8.558,155,class59,0.706,0.353,DISCARD,low_score
8.558,155,class45,0.641,0.32,DISCARD,low_score
8.558,155,class39,0.585,0.293,DISCARD,low_score
8.558,155,class45,0.516,0.258,DISCARD,low_score
8.558,155,class45,0.423,0.211,DISCARD,low_score
8.558,155,class57,0.342,0.171,DISCARD,low_score
8.558,155,class41,0.263,0.131,DISCARD,low_score
8.613,156,class59,0.714,0.357,DISCARD,low_score
8.613,156,class45,0.709,0.355,DISCARD,low_score
8.613,156,class45,0.679,0.34,DISCARD,low_score
8.613,156,class57,0.581,0.291,DISCARD,low_score
8.613,156,class45,0.558,0.279,DISCARD,low_score
8.613,156,class45,0.549,0.274,DISCARD,low_score
8.613,156,class39,0.547,0.273,DISCARD,low_score
8.613,156,class45,0.294,0.147,DISCARD,low_score
8.672,157,class59,0.819,0.409,DISCARD,low_score
8.672,157,class45,0.701,0.35,DISCARD,low_score
8.672,157,class45,0.684,0.342,DISCARD,low_score
8.672,157,class39,0.587,0.293,DISCARD,low_score
8.672,157,class41,0.342,0.171,DISCARD,low_score
8.727,158,class59,0.793,0.397,DISCARD,low_score
8.727,158,class45,0.74,0.37,DISCARD,low_score
8.727,158,class39,0.693,0.346,DISCARD,low_score
8.727,158,class45,0.608,0.304,DISCARD,low_score
8.727,158,class41,0.37,0.185,DISCARD,low_score
8.727,158,class45,0.349,0.174,DISCARD,low_score
8.727,158,class45,0.316,0.158,DISCARD,low_score
8.727,158,class39,0.307,0.154,DISCARD,low_score
8.782,159,class45,0.804,0.402,DISCARD,low_score
8.782,159,class59,0.788,0.394,DISCARD,low_score
8.782,159,class39,0.688,0.344,DISCARD,low_score
8.782,159,class45,0.533,0.267,DISCARD,low_score
8.782,159,class41,0.326,0.163,DISCARD,low_score
8.837,160,class59,0.796,0.398,DISCARD,low_score
8.837,160,class45,0.759,0.38,DISCARD,low_score
8.837,160,class39,0.626,0.313,DISCARD,low_score
8.837,160,class45,0.498,0.249,DISCARD,low_score
8.837,160,class41,0.475,0.237,DISCARD,low_score
8.837,160,class45,0.352,0.176,DISCARD,low_score
8.893,161,class59,0.803,0.402,DISCARD,low_score
8.893,161,class45,0.773,0.387,DISCARD,low_score
8.893,161,class45,0.689,0.345,DISCARD,low_score
8.893,161,class39,0.619,0.309,DISCARD,low_score
8.893,161,class57,0.521,0.261,DISCARD,low_score
8.893,161,class41,0.404,0.202,DISCARD,low_score
8.948,162,class59,0.844,0.422,DISCARD,low_score
8.948,162,class45,0.736,0.368,DISCARD,low_score
8.948,162,class45,0.704,0.352,DISCARD,low_score
8.948,162,class39,0.691,0.345,DISCARD,low_score
9.003,163,class59,0.812,0.406,DISCARD,low_score
9.003,163,class45,0.753,0.377,DISCARD,low_score
9.003,163,class39,0.632,0.316,DISCARD,low_score
9.003,163,class45,0.628,0.314,DISCARD,low_score
9.003,163,class45,0.457,0.229,DISCARD,low_score
9.003,163,class41,0.404,0.202,DISCARD,low_score
9.003,163,class39,0.304,0.152,DISCARD,low_score
9.003,163,class45,0.293,0.146,DISCARD,low_score
9.058,164,class59,0.835,0.418,DISCARD,low_score
9.058,164,class39,0.756,0.378,DISCARD,low_score
9.058,164,class45,0.674,0.337,DISCARD,low_score
9.058,164,class45,0.658,0.329,DISCARD,low_score
9.058,164,class45,0.549,0.274,DISCARD,low_score
9.058,164,class41,0.363,0.181,DISCARD,low_score
9.058,164,class45,0.251,0.125,DISCARD,low_score
9.114,165,class59,0.826,0.413,DISCARD,low_score
9.114,165,class45,0.745,0.372,DISCARD,low_score
9.114,165,class45,0.676,0.338,DISCARD,low_score
9.114,165,class41,0.477,0.238,DISCARD,low_score
9.114,165,class39,0.398,0.199,DISCARD,low_score
9.169,166,class59,0.819,0.409,DISCARD,low_score
9.169,166,class45,0.803,0.402,DISCARD,low_score
9.169,166,class45,0.66,0.33,DISCARD,low_score
9.169,166,class45,0.484,0.242,DISCARD,low_score
9.169,166,class39,0.467,0.233,DISCARD,low_score
9.169,166,class41,0.442,0.221,DISCARD,low_score
9.169,166,class45,0.302,0.151,DISCARD,low_score
9.227,167,class59,0.772,0.386,DISCARD,low_score
9.227,167,class45,0.761,0.38,DISCARD,low_score
9.227,167,class45,0.579,0.29,DISCARD,low_score
9.227,167,class41,0.521,0.261,DISCARD,low_score
9.227,167,class39,0.48,0.24,DISCARD,low_score
9.227,167,class45,0.461,0.231,DISCARD,low_score
9.282,168,class59,0.84,0.42,DISCARD,low_score
9.282,168,class45,0.807,0.403,DISCARD,low_score
9.282,168,class45,0.657,0.328,DISCARD,low_score
9.282,168,class39,0.633,0.317,DISCARD,low_score
9.282,168,class41,0.564,0.282,DISCARD,low_score
9.282,168,class45,0.333,0.166,DISCARD,low_score
9.343,169,class59,0.854,0.427,DISCARD,low_score
9.343,169,class45,0.827,0.413,DISCARD,low_score
9.343,169,class45,0.646,0.323,DISCARD,low_score
9.343,169,class39,0.615,0.308,DISCARD,low_score
9.343,169,class41,0.404,0.202,DISCARD,low_score
9.343,169,class45,0.285,0.142,DISCARD,low_score
9.343,169,class45,0.263,0.131,DISCARD,low_score
9.398,170,class45,0.854,0.427,DISCARD,low_score
9.398,170,class59,0.814,0.407,DISCARD,low_score
9.398,170,class45,0.758,0.379,DISCARD,low_score
9.398,170,class39,0.66,0.33,DISCARD,low_score
9.398,170,class41,0.484,0.242,DISCARD,low_score
9.454,171,class59,0.822,0.411,DISCARD,low_score
9.454,171,class45,0.808,0.404,DISCARD,low_score
9.454,171,class45,0.765,0.382,DISCARD,low_score
9.454,171,class41,0.686,0.343,DISCARD,low_score
9.454,171,class39,0.585,0.293,DISCARD,low_score
9.454,171,class39,0.37,0.185,DISCARD,low_score
9.509,172,class59,0.862,0.431,DISCARD,low_score
9.509,172,class45,0.766,0.383,DISCARD,low_score
9.509,172,class45,0.752,0.376,DISCARD,low_score
9.509,172,class39,0.595,0.297,DISCARD,low_score
9.509,172,class45,0.361,0.181,DISCARD,low_score
9.509,172,class39,0.277,0.138,DISCARD,low_score
9.565,173,class59,0.823,0.412,DISCARD,low_score
9.565,173,class45,0.733,0.366,DISCARD,low_score
9.565,173,class45,0.72,0.36,DISCARD,low_score
9.565,173,class39,0.677,0.339,DISCARD,low_score
9.565,173,class45,0.311,0.155,DISCARD,low_score
9.62,174,class59,0.768,0.384,DISCARD,low_score
9.62,174,class45,0.761,0.38,DISCARD,low_score
9.62,174,class45,0.681,0.34,DISCARD,low_score
9.62,174,class39,0.608,0.304,DISCARD,low_score
9.62,174,class41,0.469,0.234,DISCARD,low_score
9.681,175,class59,0.839,0.419,DISCARD,low_score
9.681,175,class45,0.833,0.417,DISCARD,low_score
9.681,175,class45,0.677,0.339,DISCARD,low_score
9.681,175,class39,0.602,0.301,DISCARD,low_score
9.681,175,class41,0.556,0.278,DISCARD,low_score
9.681,175,class45,0.278,0.139,DISCARD,low_score
9.736,176,class45,0.821,0.411,DISCARD,low_score
9.736,176,class59,0.791,0.395,DISCARD,low_score
9.736,176,class45,0.674,0.337,DISCARD,low_score
9.736,176,class39,0.564,0.282,DISCARD,low_score
9.736,176,class41,0.309,0.155,DISCARD,low_score
9.736,176,class41,0.294,0.147,DISCARD,low_score
9.791,177,class59,0.797,0.398,DISCARD,low_score
9.791,177,class45,0.784,0.392,DISCARD,low_score
9.791,177,class45,0.646,0.323,DISCARD,low_score
9.791,177,class39,0.608,0.304,DISCARD,low_score
9.791,177,class41,0.297,0.149,DISCARD,low_score
9.846,178,class45,0.814,0.407,DISCARD,low_score
9.846,178,class59,0.81,0.405,DISCARD,low_score
9.846,178,class45,0.637,0.319,DISCARD,low_score
9.846,178,class39,0.628,0.314,DISCARD,low_score
9.846,178,class41,0.266,0.133,DISCARD,low_score
9.901,179,class45,0.803,0.402,DISCARD,low_score
9.901,179,class59,0.756,0.378,DISCARD,low_score
9.901,179,class45,0.704,0.352,DISCARD,low_score
9.901,179,class39,0.596,0.298,DISCARD,low_score
9.901,179,class41,0.26,0.13,DISCARD,low_score
9.956,180,class59,0.807,0.403,DISCARD,low_score
9.956,180,class45,0.799,0.4,DISCARD,low_score
9.956,180,class45,0.684,0.342,DISCARD,low_score
9.956,180,class39,0.572,0.286,DISCARD,low_score
9.956,180,class41,0.37,0.185,DISCARD,low_score
9.956,180,class41,0.297,0.149,DISCARD,low_score
10.011,181,class45,0.804,0.402,DISCARD,low_score
10.011,181,class59,0.788,0.394,DISCARD,low_score
10.011,181,class45,0.671,0.335,DISCARD,low_score
10.011,181,class39,0.533,0.267,DISCARD,low_score
10.011,181,class41,0.363,0.181,DISCARD,low_score
10.011,181,class41,0.329,0.165,DISCARD,low_score
10.076,182,class45,0.799,0.4,DISCARD,low_score
10.076,182,class59,0.759,0.38,DISCARD,low_score
10.076,182,class39,0.739,0.369,DISCARD,low_score
10.076,182,class45,0.711,0.355,DISCARD,low_score
10.076,182,class41,0.407,0.204,DISCARD,low_score
10.076,182,class45,0.307,0.154,DISCARD,low_score
10.076,182,class41,0.285,0.142,DISCARD,low_score
10.132,183,class45,0.743,0.372,DISCARD,low_score
10.132,183,class45,0.725,0.362,DISCARD,low_score
10.132,183,class59,0.669,0.334,DISCARD,low_score
10.132,183,class39,0.566,0.283,DISCARD,low_score
10.132,183,class41,0.432,0.216,DISCARD,low_score
10.132,183,class57,0.371,0.186,DISCARD,low_score
10.199,184,class45,0.816,0.408,DISCARD,low_score
10.199,184,class45,0.809,0.405,DISCARD,low_score
10.199,184,class59,0.746,0.373,DISCARD,low_score
10.199,184,class39,0.734,0.367,DISCARD,low_score
10.199,184,class45,0.34,0.17,DISCARD,low_score
10.199,184,class41,0.264,0.132,DISCARD,low_score
10.253,185,class45,0.81,0.405,DISCARD,low_score
10.253,185,class45,0.804,0.402,DISCARD,low_score
10.253,185,class59,0.671,0.335,DISCARD,low_score
10.253,185,class41,0.554,0.277,DISCARD,low_score
10.253,185,class39,0.543,0.271,DISCARD,low_score
10.253,185,class57,0.337,0.169,DISCARD,low_score
10.309,186,class45,0.807,0.403,DISCARD,low_score
10.309,186,class45,0.694,0.347,DISCARD,low_score
10.309,186,class59,0.653,0.327,DISCARD,low_score
10.309,186,class57,0.556,0.278,DISCARD,low_score
10.309,186,class39,0.479,0.239,DISCARD,low_score
10.309,186,class45,0.361,0.181,DISCARD,low_score
10.363,187,class57,0.756,0.378,DISCARD,low_score
10.363,187,class45,0.751,0.375,DISCARD,low_score
10.363,187,class45,0.65,0.325,DISCARD,low_score
10.363,187,class39,0.5,0.25,DISCARD,low_score
10.363,187,class45,0.392,0.196,DISCARD,low_score
10.363,187,class41,0.331,0.166,DISCARD,low_score
10.363,187,class45,0.311,0.155,DISCARD,low_score
10.419,188,class59,0.733,0.366,DISCARD,low_score
10.419,188,class45,0.728,0.364,DISCARD,low_score
10.419,188,class39,0.679,0.34,DISCARD,low_score
10.419,188,class45,0.596,0.298,DISCARD,low_score
10.419,188,class57,0.484,0.242,DISCARD,low_score
10.474,189,class45,0.797,0.398,DISCARD,low_score
10.474,189,class45,0.728,0.364,DISCARD,low_score
10.474,189,class59,0.648,0.324,DISCARD,low_score
10.474,189,class39,0.564,0.282,DISCARD,low_score
10.474,189,class57,0.438,0.219,DISCARD,low_score
10.474,189,class41,0.277,0.138,DISCARD,low_score
10.474,189,class16,0.257,0.128,DISCARD,low_score
10.529,190,class45,0.806,0.403,DISCARD,low_score
10.529,190,class59,0.794,0.397,DISCARD,low_score
10.529,190,class39,0.693,0.346,DISCARD,low_score
10.529,190,class45,0.628,0.314,DISCARD,low_score
10.584,191,class45,0.802,0.401,DISCARD,low_score
10.584,191,class59,0.787,0.393,DISCARD,low_score
10.584,191,class45,0.72,0.36,DISCARD,low_score
10.584,191,class39,0.674,0.337,DISCARD,low_score
10.584,191,class41,0.529,0.265,DISCARD,low_score
10.584,191,class16,0.37,0.185,DISCARD,low_score
10.584,191,class57,0.345,0.173,DISCARD,low_score
10.584,191,class45,0.264,0.132,DISCARD,low_score
10.639,192,class59,0.844,0.422,DISCARD,low_score
10.639,192,class45,0.715,0.358,DISCARD,low_score
10.639,192,class45,0.615,0.308,DISCARD,low_score
10.639,192,class39,0.52,0.26,DISCARD,low_score
10.639,192,class41,0.512,0.256,DISCARD,low_score
10.639,192,class45,0.426,0.213,DISCARD,low_score
10.639,192,class16,0.291,0.145,DISCARD,low_score
10.695,193,class59,0.85,0.425,DISCARD,low_score
10.695,193,class39,0.558,0.279,DISCARD,low_score
10.695,193,class45,0.52,0.26,DISCARD,low_score
10.695,193,class45,0.389,0.194,DISCARD,low_score
10.75,194,class57,0.756,0.378,DISCARD,low_score
10.75,194,class59,0.679,0.34,DISCARD,low_score
10.75,194,class39,0.407,0.204,DISCARD,low_score
10.75,194,class45,0.314,0.157,DISCARD,low_score
10.804,195,class57,0.854,0.427,DISCARD,low_score
10.804,195,class45,0.628,0.314,DISCARD,low_score
10.804,195,class59,0.505,0.252,DISCARD,low_score
10.804,195,class45,0.498,0.249,DISCARD,low_score
10.804,195,class39,0.409,0.205,DISCARD,low_score
10.804,195,class41,0.277,0.138,DISCARD,low_score
10.859,196,class45,0.81,0.405,DISCARD,low_score
10.859,196,class59,0.703,0.351,DISCARD,low_score
10.859,196,class57,0.679,0.34,DISCARD,low_score
10.859,196,class45,0.549,0.274,DISCARD,low_score
10.859,196,class39,0.512,0.256,DISCARD,low_score
10.859,196,class41,0.383,0.192,DISCARD,low_score
10.914,197,class59,0.802,0.401,DISCARD,low_score
10.914,197,class45,0.777,0.389,DISCARD,low_score
10.914,197,class41,0.667,0.334,DISCARD,low_score
10.914,197,class45,0.624,0.312,DISCARD,low_score
10.914,197,class45,0.311,0.155,DISCARD,low_score
10.914,197,class56,0.254,0.127,DISCARD,low_score
10.969,198,class59,0.857,0.428,DISCARD,low_score
10.969,198,class45,0.843,0.421,DISCARD,low_score
10.969,198,class45,0.624,0.312,DISCARD,low_score
10.969,198,class41,0.329,0.165,DISCARD,low_score
11.024,199,class59,0.86,0.43,DISCARD,low_score
11.024,199,class45,0.766,0.383,DISCARD,low_score
11.024,199,class45,0.467,0.233,DISCARD,low_score
11.024,199,class41,0.316,0.158,DISCARD,low_score
11.078,200,class59,0.887,0.444,DISCARD,low_score
11.078,200,class45,0.733,0.366,DISCARD,low_score
11.078,200,class45,0.521,0.261,DISCARD,low_score
11.133,201,class59,0.879,0.44,DISCARD,low_score
11.133,201,class45,0.763,0.382,DISCARD,low_score
11.133,201,class45,0.56,0.28,DISCARD,low_score
11.188,202,class59,0.851,0.425,DISCARD,low_score
11.188,202,class45,0.688,0.344,DISCARD,low_score
11.188,202,class45,0.626,0.313,DISCARD,low_score
11.188,202,class45,0.374,0.187,DISCARD,low_score
11.188,202,class16,0.258,0.129,DISCARD,low_score
11.242,203,class45,0.752,0.376,DISCARD,low_score
11.242,203,class59,0.722,0.361,DISCARD,low_score
11.242,203,class45,0.658,0.329,DISCARD,low_score
11.297,204,class45,0.633,0.317,DISCARD,low_score
11.297,204,class59,0.614,0.307,DISCARD,low_score
11.297,204,class45,0.494,0.247,DISCARD,low_score
11.351,205,class59,0.745,0.372,DISCARD,low_score
11.351,205,class45,0.723,0.362,DISCARD,low_score
11.351,205,class45,0.628,0.314,DISCARD,low_score
11.351,205,class41,0.296,0.148,DISCARD,low_score
11.351,205,class41,0.267,0.134,DISCARD,low_score
11.406,206,class59,0.797,0.398,DISCARD,low_score
11.406,206,class45,0.758,0.379,DISCARD,low_score
11.406,206,class45,0.514,0.257,DISCARD,low_score
11.406,206,class16,0.392,0.196,DISCARD,low_score
11.461,207,class45,0.745,0.372,DISCARD,low_score
11.461,207,class59,0.681,0.34,DISCARD,low_score
11.461,207,class45,0.587,0.293,DISCARD,low_score
11.461,207,class16,0.276,0.138,DISCARD,low_score
11.461,207,class60,0.269,0.134,DISCARD,low_score
11.461,207,class73,0.252,0.126,DISCARD,low_score
11.516,208,class59,0.671,0.335,DISCARD,low_score
11.516,208,class45,0.662,0.331,DISCARD,low_score
11.516,208,class45,0.457,0.229,DISCARD,low_score
11.57,209,class45,0.494,0.247,DISCARD,low_score
11.57,209,class45,0.385,0.192,DISCARD,low_score
11.57,209,class59,0.318,0.159,DISCARD,low_score
11.624,210,class45,0.761,0.38,DISCARD,low_score
11.624,210,class59,0.698,0.349,DISCARD,low_score
11.624,210,class45,0.566,0.283,DISCARD,low_score
11.624,210,class60,0.272,0.136,DISCARD,low_score
11.679,211,class45,0.606,0.303,DISCARD,low_score
11.679,211,class45,0.541,0.27,DISCARD,low_score
11.679,211,class59,0.35,0.175,DISCARD,low_score
11.679,211,class60,0.349,0.174,DISCARD,low_score
11.745,212,class59,0.746,0.373,DISCARD,low_score
11.745,212,class45,0.679,0.34,DISCARD,low_score
11.745,212,class45,0.591,0.295,DISCARD,low_score
11.745,212,class60,0.335,0.167,DISCARD,low_score
11.8,213,class59,0.655,0.327,DISCARD,low_score
11.8,213,class45,0.633,0.317,DISCARD,low_score
11.8,213,class45,0.574,0.287,DISCARD,low_score
11.8,213,class60,0.255,0.128,DISCARD,low_score
11.855,214,class45,0.78,0.39,DISCARD,low_score
11.855,214,class59,0.707,0.354,DISCARD,low_score
11.855,214,class45,0.593,0.296,DISCARD,low_score
11.855,214,class60,0.305,0.152,DISCARD,low_score
11.855,214,class45,0.251,0.125,DISCARD,low_score
11.909,215,class59,0.632,0.316,DISCARD,low_score
11.909,215,class45,0.402,0.201,DISCARD,low_score
11.909,215,class45,0.329,0.165,DISCARD,low_score
11.963,216,class59,0.804,0.402,DISCARD,low_score
11.963,216,class45,0.554,0.277,DISCARD,low_score
11.963,216,class60,0.31,0.155,DISCARD,low_score
11.963,216,class45,0.309,0.155,DISCARD,low_score
11.963,216,class45,0.306,0.153,DISCARD,low_score
12.018,217,class59,0.812,0.406,DISCARD,low_score
12.018,217,class45,0.613,0.307,DISCARD,low_score
12.018,217,class56,0.52,0.26,DISCARD,low_score
12.018,217,class45,0.494,0.247,DISCARD,low_score
12.018,217,class41,0.436,0.218,DISCARD,low_score
12.018,217,class60,0.362,0.181,DISCARD,low_score
12.074,218,class59,0.595,0.297,DISCARD,low_score
12.074,218,class45,0.579,0.29,DISCARD,low_score
12.074,218,class45,0.504,0.252,DISCARD,low_score
12.074,218,class56,0.457,0.229,DISCARD,low_score
12.074,218,class60,0.431,0.216,DISCARD,low_score
12.074,218,class16,0.419,0.209,DISCARD,low_score
12.074,218,class41,0.309,0.155,DISCARD,low_score
12.129,219,class59,0.816,0.408,DISCARD,low_score
12.129,219,class45,0.572,0.286,DISCARD,low_score
12.129,219,class56,0.558,0.279,DISCARD,low_score
12.129,219,class60,0.505,0.252,DISCARD,low_score
12.129,219,class60,0.269,0.134,DISCARD,low_score
12.186,220,class59,0.854,0.427,DISCARD,low_score
12.186,220,class45,0.667,0.334,DISCARD,low_score
12.186,220,class56,0.475,0.237,DISCARD,low_score
12.186,220,class60,0.455,0.228,DISCARD,low_score
12.24,221,class59,0.753,0.377,DISCARD,low_score
12.24,221,class45,0.562,0.281,DISCARD,low_score
12.24,221,class56,0.409,0.205,DISCARD,low_score
12.24,221,class60,0.375,0.187,DISCARD,low_score
12.295,222,class59,0.602,0.301,DISCARD,low_score
12.295,222,class45,0.494,0.247,DISCARD,low_score
12.295,222,class45,0.381,0.191,DISCARD,low_score
12.295,222,class56,0.367,0.184,DISCARD,low_score
12.295,222,class60,0.329,0.164,DISCARD,low_score
12.35,223,class59,0.698,0.349,DISCARD,low_score
12.35,223,class56,0.689,0.345,DISCARD,low_score
12.35,223,class45,0.453,0.227,DISCARD,low_score
12.35,223,class16,0.379,0.19,DISCARD,low_score
12.35,223,class60,0.379,0.19,DISCARD,low_score
12.405,224,class56,0.626,0.313,DISCARD,low_score
12.405,224,class45,0.488,0.244,DISCARD,low_score
12.405,224,class60,0.376,0.188,DISCARD,low_score
12.459,225,class56,0.593,0.296,DISCARD,low_score
12.459,225,class45,0.539,0.269,DISCARD,low_score
12.459,225,class59,0.277,0.138,DISCARD,low_score
12.459,225,class41,0.269,0.134,DISCARD,low_score
12.514,226,class59,0.677,0.339,DISCARD,low_score
12.514,226,class56,0.486,0.243,DISCARD,low_score
12.514,226,class41,0.383,0.192,DISCARD,low_score
12.514,226,class60,0.257,0.128,DISCARD,low_score
12.569,227,class59,0.61,0.305,DISCARD,low_score
12.569,227,class56,0.357,0.178,DISCARD,low_score
12.569,227,class16,0.352,0.176,DISCARD,low_score
12.569,227,class60,0.303,0.152,DISCARD,low_score
12.569,227,class45,0.27,0.135,DISCARD,low_score
12.623,228,class60,0.384,0.192,DISCARD,low_score
12.623,228,class56,0.329,0.164,DISCARD,low_score
12.623,228,class45,0.309,0.155,DISCARD,low_score
12.677,229,class56,0.57,0.285,DISCARD,low_score
12.677,229,class59,0.554,0.277,DISCARD,low_score
12.677,229,class45,0.504,0.252,DISCARD,low_score
12.677,229,class60,0.338,0.169,DISCARD,low_score
12.732,230,class56,0.677,0.339,DISCARD,low_score
12.732,230,class59,0.442,0.221,DISCARD,low_score
12.732,230,class45,0.43,0.215,DISCARD,low_score
12.732,230,class60,0.264,0.132,DISCARD,low_score
12.787,231,class56,0.707,0.354,DISCARD,low_score
12.787,231,class56,0.651,0.326,DISCARD,low_score
12.787,231,class45,0.479,0.239,DISCARD,low_score
12.787,231,class59,0.479,0.239,DISCARD,low_score
12.787,231,class60,0.366,0.183,DISCARD,low_score
12.787,231,class16,0.312,0.156,DISCARD,low_score
12.842,232,class59,0.541,0.27,DISCARD,low_score
12.842,232,class56,0.494,0.247,DISCARD,low_score
12.842,232,class56,0.401,0.2,DISCARD,low_score
12.842,232,class45,0.345,0.173,DISCARD,low_score
12.896,233,class56,0.488,0.244,DISCARD,low_score
12.896,233,class56,0.378,0.189,DISCARD,low_score
12.896,233,class59,0.377,0.188,DISCARD,low_score
12.896,233,class60,0.288,0.144,DISCARD,low_score
12.951,234,class59,0.466,0.233,DISCARD,low_score
12.951,234,class56,0.358,0.179,DISCARD,low_score
12.951,234,class56,0.35,0.175,DISCARD,low_score
12.951,234,class45,0.307,0.154,DISCARD,low_score
12.951,234,class59,0.266,0.133,DISCARD,low_score
13.005,235,class59,0.677,0.339,DISCARD,low_score
13.005,235,class56,0.508,0.254,DISCARD,low_score
13.005,235,class45,0.426,0.213,DISCARD,low_score
13.005,235,class56,0.315,0.157,DISCARD,low_score
13.06,236,class59,0.689,0.345,DISCARD,low_score
13.06,236,class56,0.615,0.308,DISCARD,low_score
13.06,236,class56,0.564,0.282,DISCARD,low_score
13.06,236,class45,0.498,0.249,DISCARD,low_score
13.115,237,class45,0.785,0.393,DISCARD,low_score
13.115,237,class59,0.772,0.386,DISCARD,low_score
13.115,237,class56,0.63,0.315,DISCARD,low_score
13.115,237,class56,0.486,0.243,DISCARD,low_score
13.115,237,class16,0.415,0.207,DISCARD,low_score
13.171,238,class59,0.765,0.382,DISCARD,low_score
13.171,238,class45,0.604,0.302,DISCARD,low_score
13.171,238,class56,0.529,0.265,DISCARD,low_score
13.171,238,class16,0.506,0.253,DISCARD,low_score
13.171,238,class56,0.405,0.203,DISCARD,low_score
13.226,239,class59,0.694,0.347,DISCARD,low_score
13.226,239,class56,0.63,0.315,DISCARD,low_score
13.226,239,class45,0.551,0.275,DISCARD,low_score
13.226,239,class16,0.376,0.188,DISCARD,low_score
13.28,240,class59,0.476,0.238,DISCARD,low_score
13.28,240,class56,0.303,0.152,DISCARD,low_score
13.334,241,class56,0.449,0.225,DISCARD,low_score
13.334,241,class59,0.348,0.174,DISCARD,low_score
13.402,242,class59,0.453,0.227,DISCARD,low_score
13.402,242,class56,0.341,0.17,DISCARD,low_score
13.457,243,class59,0.736,0.368,DISCARD,low_score
13.511,244,class59,0.822,0.411,DISCARD,low_score
13.511,244,class41,0.385,0.192,DISCARD,low_score
13.566,245,class59,0.667,0.334,DISCARD,low_score
13.62,246,class59,0.731,0.366,DISCARD,low_score
13.674,247,class59,0.806,0.403,DISCARD,low_score
13.728,248,class59,0.848,0.424,DISCARD,low_score
13.781,249,class59,0.818,0.409,DISCARD,low_score
13.836,250,class59,0.779,0.389,DISCARD,low_score
13.836,250,class15,0.27,0.135,DISCARD,low_score
13.89,251,class59,0.65,0.325,DISCARD,low_score
13.944,252,class59,0.749,0.375,DISCARD,low_score
13.997,253,class59,0.73,0.365,DISCARD,low_score
13.997,253,class16,0.316,0.158,DISCARD,low_score
14.054,254,class59,0.669,0.334,DISCARD,low_score
14.107,255,class45,0.772,0.386,DISCARD,low_score
14.107,255,class45,0.419,0.209,DISCARD,low_score
14.107,255,class59,0.411,0.206,DISCARD,low_score
14.107,255,class57,0.29,0.145,DISCARD,low_score
14.163,256,class45,0.783,0.391,DISCARD,low_score
14.163,256,class45,0.761,0.38,DISCARD,low_score
14.163,256,class59,0.676,0.338,DISCARD,low_score
14.163,256,class57,0.447,0.224,DISCARD,low_score
14.163,256,class60,0.277,0.138,DISCARD,low_score
14.163,256,class41,0.264,0.132,DISCARD,low_score
14.218,257,class45,0.781,0.391,DISCARD,low_score
14.218,257,class59,0.749,0.375,DISCARD,low_score
14.218,257,class45,0.633,0.317,DISCARD,low_score
14.218,257,class16,0.415,0.207,DISCARD,low_score
14.272,258,class45,0.789,0.395,DISCARD,low_score
14.272,258,class59,0.72,0.36,DISCARD,low_score
14.272,258,class45,0.591,0.295,DISCARD,low_score
14.272,258,class57,0.543,0.271,DISCARD,low_score
14.272,258,class41,0.465,0.232,DISCARD,low_score
14.272,258,class16,0.254,0.127,DISCARD,low_score
14.327,259,class45,0.809,0.405,DISCARD,low_score
14.327,259,class59,0.801,0.4,DISCARD,low_score
14.327,259,class45,0.611,0.306,DISCARD,low_score
14.327,259,class41,0.417,0.208,DISCARD,low_score
14.327,259,class57,0.287,0.143,DISCARD,low_score
14.382,260,class59,0.87,0.435,DISCARD,low_score
14.382,260,class45,0.756,0.378,DISCARD,low_score
14.382,260,class45,0.595,0.297,DISCARD,low_score
14.382,260,class57,0.547,0.273,DISCARD,low_score
14.382,260,class45,0.319,0.16,DISCARD,low_score
14.382,260,class41,0.312,0.156,DISCARD,low_score
14.437,261,class59,0.804,0.402,DISCARD,low_score
14.437,261,class45,0.753,0.377,DISCARD,low_score
14.437,261,class45,0.749,0.375,DISCARD,low_score
14.437,261,class41,0.394,0.197,DISCARD,low_score
14.437,261,class41,0.352,0.176,DISCARD,low_score
14.492,262,class59,0.862,0.431,DISCARD,low_score
14.492,262,class45,0.838,0.419,DISCARD,low_score
14.492,262,class45,0.658,0.329,DISCARD,low_score
14.492,262,class16,0.309,0.155,DISCARD,low_score
14.492,262,class45,0.285,0.142,DISCARD,low_score
14.547,263,class45,0.86,0.43,DISCARD,low_score
14.547,263,class59,0.84,0.42,DISCARD,low_score
14.547,263,class45,0.608,0.304,DISCARD,low_score
14.547,263,class16,0.258,0.129,DISCARD,low_score
14.601,264,class59,0.834,0.417,DISCARD,low_score
14.601,264,class45,0.821,0.411,DISCARD,low_score
14.601,264,class45,0.657,0.328,DISCARD,low_score
14.655,265,class59,0.866,0.433,DISCARD,low_score
14.655,265,class45,0.789,0.395,DISCARD,low_score
14.655,265,class45,0.619,0.309,DISCARD,low_score
14.655,265,class73,0.28,0.14,DISCARD,low_score
14.71,266,class59,0.819,0.409,DISCARD,low_score
14.71,266,class45,0.779,0.389,DISCARD,low_score
14.71,266,class45,0.73,0.365,DISCARD,low_score
14.764,267,class59,0.828,0.414,DISCARD,low_score
14.764,267,class45,0.772,0.386,DISCARD,low_score
14.764,267,class45,0.651,0.326,DISCARD,low_score
14.819,268,class59,0.849,0.424,DISCARD,low_score
14.819,268,class45,0.787,0.393,DISCARD,low_score
14.819,268,class45,0.664,0.332,DISCARD,low_score
14.873,269,class59,0.878,0.439,DISCARD,low_score
14.873,269,class45,0.681,0.34,DISCARD,low_score
14.873,269,class45,0.579,0.29,DISCARD,low_score
14.873,269,class57,0.274,0.137,DISCARD,low_score
14.927,270,class59,0.743,0.372,DISCARD,low_score
14.927,270,class57,0.508,0.254,DISCARD,low_score
14.927,270,class45,0.396,0.198,DISCARD,low_score
14.927,270,class45,0.294,0.147,DISCARD,low_score
14.983,271,class59,0.777,0.389,DISCARD,low_score
14.983,271,class45,0.356,0.178,DISCARD,low_score
14.983,271,class45,0.281,0.141,DISCARD,low_score
15.049,272,class59,0.891,0.446,DISCARD,low_score
15.049,272,class45,0.477,0.238,DISCARD,low_score
15.049,272,class45,0.453,0.227,DISCARD,low_score
15.104,273,class59,0.909,0.454,KEEP,priority+bandwidth_ok
15.104,273,class45,0.336,0.168,DISCARD,low_score
15.104,273,class45,0.304,0.152,DISCARD,low_score
15.159,274,class59,0.85,0.425,DISCARD,low_score
15.159,274,class45,0.361,0.181,DISCARD,low_score
15.159,274,class45,0.266,0.133,DISCARD,low_score
15.159,274,class73,0.251,0.125,DISCARD,low_score
15.224,275,class59,0.905,0.453,KEEP,priority+bandwidth_ok
15.224,275,class45,0.411,0.206,DISCARD,low_score
15.224,275,class45,0.385,0.192,DISCARD,low_score
15.278,276,class59,0.893,0.447,DISCARD,low_score
15.278,276,class45,0.407,0.204,DISCARD,low_score
15.278,276,class57,0.367,0.183,DISCARD,low_score
15.278,276,class45,0.307,0.154,DISCARD,low_score
15.333,277,class59,0.865,0.433,DISCARD,low_score
15.333,277,class57,0.57,0.285,DISCARD,low_score
15.333,277,class45,0.444,0.222,DISCARD,low_score
15.333,277,class45,0.434,0.217,DISCARD,low_score
15.387,278,class59,0.812,0.406,DISCARD,low_score
15.387,278,class57,0.514,0.257,DISCARD,low_score
15.387,278,class45,0.461,0.231,DISCARD,low_score
15.387,278,class45,0.44,0.22,DISCARD,low_score
15.387,278,class16,0.293,0.147,DISCARD,low_score
15.442,279,class59,0.821,0.411,DISCARD,low_score
15.442,279,class57,0.496,0.248,DISCARD,low_score
15.442,279,class15,0.394,0.197,DISCARD,low_score
15.442,279,class16,0.317,0.159,DISCARD,low_score
15.442,279,class45,0.316,0.158,DISCARD,low_score
15.497,280,class59,0.804,0.402,DISCARD,low_score
15.497,280,class16,0.432,0.216,DISCARD,low_score
15.497,280,class57,0.368,0.184,DISCARD,low_score
15.497,280,class45,0.311,0.155,DISCARD,low_score
15.551,281,class59,0.793,0.397,DISCARD,low_score
15.551,281,class16,0.451,0.226,DISCARD,low_score
15.551,281,class15,0.405,0.203,DISCARD,low_score
15.605,282,class59,0.814,0.407,DISCARD,low_score
15.605,282,class16,0.488,0.244,DISCARD,low_score
15.605,282,class45,0.417,0.208,DISCARD,low_score
15.66,283,class59,0.85,0.425,DISCARD,low_score
15.66,283,class15,0.432,0.216,DISCARD,low_score
15.66,283,class45,0.264,0.132,DISCARD,low_score
15.714,284,class59,0.843,0.421,DISCARD,low_score
15.714,284,class15,0.502,0.251,DISCARD,low_score
15.714,284,class57,0.446,0.223,DISCARD,low_score
15.714,284,class45,0.285,0.142,DISCARD,low_score
15.714,284,class73,0.257,0.128,DISCARD,low_score
15.769,285,class59,0.854,0.427,DISCARD,low_score
15.769,285,class15,0.564,0.282,DISCARD,low_score
15.769,285,class73,0.304,0.152,DISCARD,low_score
15.769,285,class45,0.263,0.131,DISCARD,low_score
15.824,286,class59,0.843,0.421,DISCARD,low_score
15.824,286,class16,0.329,0.164,DISCARD,low_score
15.824,286,class73,0.319,0.16,DISCARD,low_score
15.824,286,class15,0.27,0.135,DISCARD,low_score
15.878,287,class59,0.873,0.437,DISCARD,low_score
15.878,287,class45,0.449,0.225,DISCARD,low_score
15.878,287,class15,0.389,0.194,DISCARD,low_score
15.878,287,class73,0.254,0.127,DISCARD,low_score
15.933,288,class59,0.893,0.447,DISCARD,low_score
15.933,288,class45,0.494,0.247,DISCARD,low_score
15.933,288,class16,0.255,0.128,DISCARD,low_score
15.987,289,class59,0.891,0.446,DISCARD,low_score
15.987,289,class16,0.392,0.196,DISCARD,low_score
15.987,289,class45,0.374,0.187,DISCARD,low_score
15.987,289,class15,0.329,0.165,DISCARD,low_score
16.042,290,class59,0.888,0.444,DISCARD,low_score
16.042,290,class16,0.359,0.18,DISCARD,low_score
16.042,290,class15,0.351,0.176,DISCARD,low_score
16.042,290,class45,0.345,0.173,DISCARD,low_score
16.097,291,class59,0.881,0.44,DISCARD,low_score
16.097,291,class16,0.35,0.175,DISCARD,low_score
16.097,291,class15,0.286,0.143,DISCARD,low_score
16.151,292,class59,0.88,0.44,DISCARD,low_score
16.151,292,class16,0.506,0.253,DISCARD,low_score
16.205,293,class59,0.865,0.433,DISCARD,low_score
16.205,293,class16,0.525,0.263,DISCARD,low_score
16.259,294,class59,0.884,0.442,DISCARD,low_score
16.259,294,class16,0.633,0.317,DISCARD,low_score
16.313,295,class59,0.854,0.427,DISCARD,low_score
16.313,295,class16,0.642,0.321,DISCARD,low_score
16.369,296,class59,0.868,0.434,DISCARD,low_score
16.369,296,class16,0.65,0.325,DISCARD,low_score
16.369,296,class73,0.316,0.158,DISCARD,low_score
16.423,297,class59,0.875,0.437,DISCARD,low_score
16.423,297,class16,0.585,0.293,DISCARD,low_score
16.478,298,class59,0.888,0.444,DISCARD,low_score
16.478,298,class16,0.43,0.215,DISCARD,low_score
16.478,298,class73,0.26,0.13,DISCARD,low_score
16.532,299,class59,0.918,0.459,KEEP,priority+bandwidth_ok
16.532,299,class16,0.419,0.209,DISCARD,low_score
16.532,299,class15,0.304,0.152,DISCARD,low_score
16.586,300,class59,0.916,0.458,KEEP,priority+bandwidth_ok
16.586,300,class16,0.648,0.324,DISCARD,low_score
16.64,301,class59,0.895,0.447,DISCARD,low_score
16.64,301,class16,0.348,0.174,DISCARD,low_score
16.695,302,class59,0.885,0.442,DISCARD,low_score
16.695,302,class16,0.453,0.227,DISCARD,low_score
16.748,303,class59,0.899,0.45,DISCARD,low_score
16.748,303,class16,0.488,0.244,DISCARD,low_score
16.748,303,class73,0.257,0.128,DISCARD,low_score
16.803,304,class59,0.891,0.446,DISCARD,low_score
16.803,304,class16,0.498,0.249,DISCARD,low_score
16.857,305,class59,0.868,0.434,DISCARD,low_score
16.857,305,class16,0.465,0.232,DISCARD,low_score
16.857,305,class73,0.294,0.147,DISCARD,low_score
16.911,306,class59,0.87,0.435,DISCARD,low_score
16.911,306,class16,0.698,0.349,DISCARD,low_score
16.911,306,class57,0.421,0.21,DISCARD,low_score
16.911,306,class60,0.288,0.144,DISCARD,low_score
16.966,307,class59,0.879,0.44,DISCARD,low_score
16.966,307,class16,0.715,0.358,DISCARD,low_score
16.966,307,class60,0.297,0.149,DISCARD,low_score
17.02,308,class59,0.887,0.444,DISCARD,low_score
17.02,308,class16,0.725,0.362,DISCARD,low_score
17.02,308,class60,0.359,0.18,DISCARD,low_score
17.075,309,class59,0.851,0.425,DISCARD,low_score
17.075,309,class16,0.803,0.402,DISCARD,low_score
17.129,310,class59,0.885,0.442,DISCARD,low_score
17.129,310,class16,0.808,0.404,DISCARD,low_score
17.129,310,class60,0.256,0.128,DISCARD,low_score
17.183,311,class59,0.885,0.442,DISCARD,low_score
17.183,311,class16,0.784,0.392,DISCARD,low_score
17.183,311,class60,0.357,0.178,DISCARD,low_score
17.238,312,class59,0.878,0.439,DISCARD,low_score
17.238,312,class16,0.826,0.413,DISCARD,low_score
17.292,313,class59,0.883,0.442,DISCARD,low_score
17.292,313,class16,0.808,0.404,DISCARD,low_score
17.292,313,class60,0.307,0.154,DISCARD,low_score
17.346,314,class59,0.871,0.435,DISCARD,low_score
17.346,314,class16,0.789,0.395,DISCARD,low_score
17.346,314,class60,0.307,0.154,DISCARD,low_score
17.401,315,class59,0.761,0.38,DISCARD,low_score
17.401,315,class16,0.696,0.348,DISCARD,low_score
17.455,316,class59,0.709,0.355,DISCARD,low_score
17.455,316,class16,0.665,0.333,DISCARD,low_score
17.455,316,class60,0.31,0.155,DISCARD,low_score
17.51,317,class16,0.812,0.406,DISCARD,low_score
17.51,317,class59,0.783,0.391,DISCARD,low_score
17.51,317,class60,0.33,0.165,DISCARD,low_score
17.564,318,class16,0.874,0.437,DISCARD,low_score
17.564,318,class59,0.796,0.398,DISCARD,low_score
17.564,318,class60,0.289,0.145,DISCARD,low_score
17.564,318,class57,0.268,0.134,DISCARD,low_score
17.618,319,class59,0.862,0.431,DISCARD,low_score
17.618,319,class16,0.809,0.405,DISCARD,low_score
17.673,320,class16,0.839,0.419,DISCARD,low_score
17.673,320,class59,0.815,0.408,DISCARD,low_score
17.673,320,class56,0.307,0.153,DISCARD,low_score
17.729,321,class59,0.834,0.417,DISCARD,low_score
17.729,321,class16,0.453,0.227,DISCARD,low_score
17.783,322,class59,0.792,0.396,DISCARD,low_score
17.783,322,class16,0.693,0.346,DISCARD,low_score
17.837,323,class59,0.853,0.426,DISCARD,low_score
17.837,323,class16,0.804,0.402,DISCARD,low_score
17.891,324,class59,0.816,0.408,DISCARD,low_score
17.891,324,class16,0.807,0.403,DISCARD,low_score
17.891,324,class56,0.328,0.164,DISCARD,low_score
17.945,325,class16,0.856,0.428,DISCARD,low_score
17.945,325,class59,0.804,0.402,DISCARD,low_score
17.945,325,class56,0.349,0.174,DISCARD,low_score
18.0,326,class16,0.833,0.417,DISCARD,low_score
18.0,326,class59,0.812,0.406,DISCARD,low_score
18.054,327,class59,0.821,0.411,DISCARD,low_score
18.054,327,class16,0.807,0.403,DISCARD,low_score
18.109,328,class59,0.874,0.437,DISCARD,low_score
18.109,328,class16,0.726,0.363,DISCARD,low_score
18.163,329,class16,0.813,0.406,DISCARD,low_score
18.163,329,class59,0.688,0.344,DISCARD,low_score
18.163,329,class56,0.305,0.152,DISCARD,low_score
18.217,330,class16,0.903,0.451,KEEP,priority+bandwidth_ok
18.217,330,class59,0.753,0.377,DISCARD,low_score
18.217,330,class56,0.259,0.13,DISCARD,low_score
18.271,331,class16,0.896,0.448,DISCARD,low_score
18.271,331,class59,0.74,0.37,DISCARD,low_score
18.271,331,class56,0.293,0.147,DISCARD,low_score
18.326,332,class16,0.89,0.445,DISCARD,low_score
18.326,332,class59,0.787,0.393,DISCARD,low_score
18.326,332,class56,0.471,0.235,DISCARD,low_score
18.38,333,class16,0.847,0.423,DISCARD,low_score
18.38,333,class59,0.835,0.418,DISCARD,low_score
18.38,333,class56,0.39,0.195,DISCARD,low_score
18.435,334,class16,0.82,0.41,DISCARD,low_score
18.435,334,class59,0.802,0.401,DISCARD,low_score
18.435,334,class56,0.504,0.252,DISCARD,low_score
18.49,335,class59,0.823,0.412,DISCARD,low_score
18.49,335,class16,0.781,0.391,DISCARD,low_score
18.49,335,class56,0.479,0.239,DISCARD,low_score
18.544,336,class16,0.776,0.388,DISCARD,low_score
18.544,336,class59,0.776,0.388,DISCARD,low_score
18.544,336,class56,0.496,0.248,DISCARD,low_score
18.598,337,class16,0.807,0.403,DISCARD,low_score
18.598,337,class59,0.749,0.375,DISCARD,low_score
18.598,337,class56,0.323,0.161,DISCARD,low_score
18.652,338,class16,0.779,0.389,DISCARD,low_score
18.652,338,class59,0.769,0.385,DISCARD,low_score
18.652,338,class56,0.44,0.22,DISCARD,low_score
18.707,339,class16,0.804,0.402,DISCARD,low_score
18.707,339,class59,0.796,0.398,DISCARD,low_score
18.707,339,class56,0.257,0.128,DISCARD,low_score
18.761,340,class16,0.794,0.397,DISCARD,low_score
18.761,340,class59,0.78,0.39,DISCARD,low_score
18.815,341,class16,0.77,0.385,DISCARD,low_score
18.815,341,class59,0.641,0.32,DISCARD,low_score
18.869,342,class16,0.835,0.418,DISCARD,low_score
18.869,342,class59,0.711,0.355,DISCARD,low_score
18.923,343,class16,0.815,0.408,DISCARD,low_score
18.923,343,class59,0.553,0.276,DISCARD,low_score
18.978,344,class16,0.832,0.416,DISCARD,low_score
18.978,344,class59,0.576,0.288,DISCARD,low_score
19.032,345,class16,0.866,0.433,DISCARD,low_score
19.032,345,class59,0.46,0.23,DISCARD,low_score
19.087,346,class16,0.881,0.44,DISCARD,low_score
19.087,346,class59,0.57,0.285,DISCARD,low_score
19.144,347,class16,0.878,0.439,DISCARD,low_score
19.144,347,class59,0.577,0.289,DISCARD,low_score
19.198,348,class16,0.868,0.434,DISCARD,low_score
19.198,348,class59,0.558,0.279,DISCARD,low_score
19.252,349,class16,0.891,0.446,DISCARD,low_score
19.252,349,class59,0.714,0.357,DISCARD,low_score
19.306,350,class16,0.876,0.438,DISCARD,low_score
19.306,350,class59,0.664,0.332,DISCARD,low_score
19.36,351,class16,0.864,0.432,DISCARD,low_score
19.36,351,class59,0.525,0.263,DISCARD,low_score
19.415,352,class16,0.873,0.437,DISCARD,low_score
19.415,352,class59,0.63,0.315,DISCARD,low_score
19.469,353,class16,0.862,0.431,DISCARD,low_score
19.469,353,class59,0.586,0.293,DISCARD,low_score
19.523,354,class16,0.86,0.43,DISCARD,low_score
19.523,354,class59,0.628,0.314,DISCARD,low_score
19.577,355,class16,0.879,0.44,DISCARD,low_score
19.577,355,class59,0.635,0.318,DISCARD,low_score
19.631,356,class16,0.882,0.441,DISCARD,low_score
19.631,356,class59,0.658,0.329,DISCARD,low_score
19.685,357,class16,0.864,0.432,DISCARD,low_score
19.685,357,class59,0.667,0.334,DISCARD,low_score
19.74,358,class16,0.865,0.433,DISCARD,low_score
19.74,358,class59,0.554,0.277,DISCARD,low_score
19.794,359,class16,0.882,0.441,DISCARD,low_score
19.794,359,class59,0.644,0.322,DISCARD,low_score
19.848,360,class16,0.878,0.439,DISCARD,low_score
19.848,360,class59,0.681,0.34,DISCARD,low_score
19.848,360,class57,0.264,0.132,DISCARD,low_score
19.902,361,class16,0.869,0.434,DISCARD,low_score
19.902,361,class59,0.646,0.323,DISCARD,low_score
19.902,361,class57,0.252,0.126,DISCARD,low_score
19.957,362,class16,0.863,0.432,DISCARD,low_score
19.957,362,class59,0.66,0.33,DISCARD,low_score
20.01,363,class16,0.85,0.425,DISCARD,low_score
20.01,363,class59,0.742,0.371,DISCARD,low_score
20.065,364,class16,0.871,0.435,DISCARD,low_score
20.065,364,class59,0.749,0.375,DISCARD,low_score
20.119,365,class16,0.861,0.43,DISCARD,low_score
20.119,365,class59,0.834,0.417,DISCARD,low_score
20.173,366,class16,0.846,0.423,DISCARD,low_score
20.173,366,class59,0.797,0.398,DISCARD,low_score
20.173,366,class57,0.288,0.144,DISCARD,low_score
20.24,367,class59,0.863,0.432,DISCARD,low_score
20.24,367,class16,0.843,0.421,DISCARD,low_score
20.295,368,class59,0.877,0.438,DISCARD,low_score
20.295,368,class16,0.874,0.437,DISCARD,low_score
20.349,369,class16,0.875,0.437,DISCARD,low_score
20.349,369,class59,0.853,0.426,DISCARD,low_score
20.403,370,class16,0.867,0.434,DISCARD,low_score
20.403,370,class59,0.83,0.415,DISCARD,low_score
20.459,371,class59,0.868,0.434,DISCARD,low_score
20.459,371,class16,0.865,0.433,DISCARD,low_score
20.513,372,class16,0.885,0.442,DISCARD,low_score
20.513,372,class59,0.753,0.377,DISCARD,low_score
20.567,373,class16,0.869,0.434,DISCARD,low_score
20.567,373,class59,0.726,0.363,DISCARD,low_score
20.621,374,class16,0.885,0.442,DISCARD,low_score
20.621,374,class59,0.748,0.374,DISCARD,low_score
20.675,375,class16,0.866,0.433,DISCARD,low_score
20.675,375,class59,0.763,0.382,DISCARD,low_score
20.729,376,class16,0.861,0.43,DISCARD,low_score
20.729,376,class59,0.799,0.4,DISCARD,low_score
20.783,377,class16,0.888,0.444,DISCARD,low_score
20.783,377,class59,0.813,0.406,DISCARD,low_score
20.838,378,class16,0.886,0.443,DISCARD,low_score
20.838,378,class59,0.775,0.387,DISCARD,low_score
20.892,379,class16,0.891,0.446,DISCARD,low_score
20.892,379,class59,0.728,0.364,DISCARD,low_score
20.946,380,class16,0.895,0.447,DISCARD,low_score
20.946,380,class59,0.691,0.345,DISCARD,low_score
21.0,381,class16,0.901,0.45,KEEP,priority+bandwidth_ok
21.0,381,class59,0.653,0.327,DISCARD,low_score
21.055,382,class16,0.909,0.455,KEEP,priority+bandwidth_ok
21.055,382,class59,0.644,0.322,DISCARD,low_score
21.109,383,class16,0.897,0.448,DISCARD,low_score
21.109,383,class59,0.617,0.308,DISCARD,low_score
21.163,384,class16,0.871,0.435,DISCARD,low_score
21.163,384,class59,0.698,0.349,DISCARD,low_score
21.217,385,class16,0.878,0.439,DISCARD,low_score
21.217,385,class59,0.65,0.325,DISCARD,low_score
21.271,386,class16,0.874,0.437,DISCARD,low_score
21.271,386,class59,0.628,0.314,DISCARD,low_score
21.325,387,class16,0.861,0.43,DISCARD,low_score
21.325,387,class59,0.506,0.253,DISCARD,low_score
21.379,388,class16,0.869,0.434,DISCARD,low_score
21.379,388,class59,0.56,0.28,DISCARD,low_score
21.434,389,class16,0.888,0.444,DISCARD,low_score
21.434,389,class59,0.436,0.218,DISCARD,low_score
21.488,390,class16,0.861,0.43,DISCARD,low_score
21.488,390,class59,0.518,0.259,DISCARD,low_score
21.488,390,class57,0.342,0.171,DISCARD,low_score
21.542,391,class16,0.855,0.427,DISCARD,low_score
21.542,391,class59,0.42,0.21,DISCARD,low_score
21.542,391,class57,0.413,0.207,DISCARD,low_score
21.542,391,class57,0.306,0.153,DISCARD,low_score
21.596,392,class16,0.862,0.431,DISCARD,low_score
21.596,392,class59,0.507,0.253,DISCARD,low_score
21.65,393,class16,0.866,0.433,DISCARD,low_score
21.65,393,class59,0.467,0.233,DISCARD,low_score
21.65,393,class57,0.312,0.156,DISCARD,low_score
21.705,394,class16,0.711,0.355,DISCARD,low_score
21.705,394,class59,0.399,0.199,DISCARD,low_score
21.705,394,class57,0.303,0.152,DISCARD,low_score
21.759,395,class16,0.862,0.431,DISCARD,low_score
21.759,395,class59,0.302,0.151,DISCARD,low_score
21.813,396,class16,0.873,0.437,DISCARD,low_score
21.868,397,class16,0.863,0.432,DISCARD,low_score
21.868,397,class59,0.351,0.176,DISCARD,low_score
21.922,398,class16,0.717,0.359,DISCARD,low_score
21.922,398,class15,0.27,0.135,DISCARD,low_score
21.976,399,class16,0.833,0.417,DISCARD,low_score
21.976,399,class59,0.423,0.212,DISCARD,low_score
22.03,400,class16,0.852,0.426,DISCARD,low_score
22.03,400,class57,0.258,0.129,DISCARD,low_score
22.084,401,class16,0.847,0.423,DISCARD,low_score
22.084,401,class57,0.564,0.282,DISCARD,low_score
22.138,402,class16,0.587,0.293,DISCARD,low_score
22.138,402,class57,0.267,0.133,DISCARD,low_score
22.192,403,class16,0.688,0.344,DISCARD,low_score
22.246,404,class16,0.84,0.42,DISCARD,low_score
22.3,405,class16,0.818,0.409,DISCARD,low_score
22.3,405,class57,0.295,0.148,DISCARD,low_score
22.354,406,class16,0.428,0.214,DISCARD,low_score
22.354,406,class17,0.317,0.159,DISCARD,low_score
22.408,407,class16,0.793,0.397,DISCARD,low_score
22.462,408,class16,0.912,0.456,KEEP,priority+bandwidth_ok
22.516,409,class16,0.889,0.444,DISCARD,low_score
22.57,410,class16,0.87,0.435,DISCARD,low_score
22.624,411,class16,0.847,0.423,DISCARD,low_score
22.678,412,class16,0.886,0.443,DISCARD,low_score
22.732,413,class16,0.862,0.431,DISCARD,low_score
22.786,414,class16,0.762,0.381,DISCARD,low_score
22.839,415,class16,0.893,0.447,DISCARD,low_score
22.893,416,class16,0.882,0.441,DISCARD,low_score
22.947,417,class16,0.908,0.454,KEEP,priority+bandwidth_ok
23.001,418,class16,0.916,0.458,KEEP,priority+bandwidth_ok
23.055,419,class16,0.91,0.455,KEEP,priority+bandwidth_ok
23.109,420,class16,0.909,0.455,KEEP,priority+bandwidth_ok
23.163,421,class16,0.914,0.457,KEEP,priority+bandwidth_ok
23.219,422,class16,0.903,0.451,KEEP,priority+bandwidth_ok
23.273,423,class16,0.822,0.411,DISCARD,low_score
23.326,424,class16,0.776,0.388,DISCARD,low_score
23.38,425,class16,0.828,0.414,DISCARD,low_score
23.435,426,class16,0.878,0.439,DISCARD,low_score
23.488,427,class16,0.892,0.446,DISCARD,low_score
23.542,428,class16,0.709,0.355,DISCARD,low_score
23.542,428,class21,0.374,0.187,DISCARD,low_score
23.596,429,class16,0.863,0.432,DISCARD,low_score
23.65,430,class16,0.893,0.447,DISCARD,low_score
23.704,431,class16,0.892,0.446,DISCARD,low_score
23.704,431,class57,0.349,0.174,DISCARD,low_score
23.758,432,class16,0.904,0.452,KEEP,priority+bandwidth_ok
23.758,432,class57,0.436,0.218,DISCARD,low_score
23.812,433,class16,0.905,0.453,KEEP,priority+bandwidth_ok
23.812,433,class59,0.431,0.216,DISCARD,low_score
23.812,433,class57,0.415,0.207,DISCARD,low_score
23.866,434,class16,0.905,0.452,KEEP,priority+bandwidth_ok
23.866,434,class59,0.446,0.223,DISCARD,low_score
23.866,434,class57,0.402,0.201,DISCARD,low_score
23.92,435,class16,0.905,0.452,KEEP,priority+bandwidth_ok
23.974,436,class16,0.909,0.455,KEEP,priority+bandwidth_ok
23.974,436,class59,0.288,0.144,DISCARD,low_score
24.029,437,class16,0.911,0.455,KEEP,priority+bandwidth_ok
24.029,437,class57,0.411,0.206,DISCARD,low_score
24.029,437,class59,0.376,0.188,DISCARD,low_score
24.083,438,class16,0.894,0.447,DISCARD,low_score
24.137,439,class16,0.908,0.454,KEEP,priority+bandwidth_ok
24.137,439,class59,0.47,0.235,DISCARD,low_score
24.191,440,class16,0.916,0.458,KEEP,priority+bandwidth_ok
24.191,440,class59,0.45,0.225,DISCARD,low_score
24.245,441,class16,0.906,0.453,KEEP,priority+bandwidth_ok
24.245,441,class59,0.532,0.266,DISCARD,low_score
24.299,442,class16,0.91,0.455,KEEP,priority+bandwidth_ok
24.299,442,class59,0.525,0.263,DISCARD,low_score
24.353,443,class16,0.921,0.46,KEEP,priority+bandwidth_ok
24.353,443,class59,0.657,0.328,DISCARD,low_score
24.407,444,class16,0.896,0.448,DISCARD,low_score
24.407,444,class59,0.61,0.305,DISCARD,low_score
24.407,444,class57,0.268,0.134,DISCARD,low_score
24.462,445,class16,0.903,0.452,KEEP,priority+bandwidth_ok
24.462,445,class59,0.72,0.36,DISCARD,low_score
24.516,446,class16,0.899,0.45,DISCARD,low_score
24.516,446,class59,0.785,0.393,DISCARD,low_score
24.57,447,class16,0.904,0.452,DISCARD,bandwidth
24.57,447,class59,0.794,0.397,DISCARD,low_score
24.626,448,class16,0.905,0.453,DISCARD,bandwidth
24.626,448,class59,0.829,0.414,DISCARD,low_score
24.68,449,class59,0.903,0.451,DISCARD,bandwidth
24.68,449,class16,0.903,0.451,DISCARD,bandwidth
24.734,450,class16,0.927,0.464,DISCARD,bandwidth
24.734,450,class59,0.818,0.409,DISCARD,low_score
24.788,451,class16,0.925,0.462,DISCARD,bandwidth
24.788,451,class59,0.83,0.415,DISCARD,low_score
24.843,452,class16,0.917,0.459,DISCARD,bandwidth
24.843,452,class59,0.686,0.343,DISCARD,low_score
24.897,453,class16,0.904,0.452,DISCARD,bandwidth
24.897,453,class59,0.73,0.365,DISCARD,low_score
24.951,454,class16,0.91,0.455,DISCARD,bandwidth
24.951,454,class59,0.628,0.314,DISCARD,low_score
25.005,455,class16,0.901,0.451,DISCARD,bandwidth
25.005,455,class59,0.534,0.267,DISCARD,low_score
25.005,455,class57,0.292,0.146,DISCARD,low_score
25.059,456,class16,0.903,0.451,DISCARD,bandwidth
25.059,456,class59,0.6,0.3,DISCARD,low_score
25.113,457,class16,0.914,0.457,DISCARD,bandwidth
25.113,457,class59,0.648,0.324,DISCARD,low_score
25.167,458,class16,0.917,0.459,DISCARD,bandwidth
25.167,458,class59,0.701,0.35,DISCARD,low_score
25.221,459,class16,0.918,0.459,DISCARD,bandwidth
25.221,459,class59,0.737,0.369,DISCARD,low_score
25.286,460,class16,0.909,0.454,DISCARD,bandwidth
25.286,460,class59,0.722,0.361,DISCARD,low_score
25.34,461,class16,0.922,0.461,DISCARD,bandwidth
25.34,461,class59,0.578,0.289,DISCARD,low_score
25.394,462,class16,0.915,0.457,DISCARD,bandwidth
25.394,462,class59,0.642,0.321,DISCARD,low_score
25.448,463,class16,0.913,0.457,DISCARD,bandwidth
25.448,463,class59,0.655,0.327,DISCARD,low_score
25.503,464,class16,0.918,0.459,DISCARD,bandwidth
25.503,464,class59,0.719,0.359,DISCARD,low_score
25.557,465,class16,0.909,0.455,DISCARD,bandwidth
25.557,465,class59,0.759,0.38,DISCARD,low_score
25.611,466,class16,0.909,0.454,DISCARD,bandwidth
25.611,466,class59,0.669,0.334,DISCARD,low_score
25.665,467,class16,0.901,0.451,DISCARD,bandwidth
25.665,467,class59,0.641,0.32,DISCARD,low_score
25.719,468,class16,0.903,0.451,DISCARD,bandwidth
25.719,468,class59,0.651,0.326,DISCARD,low_score
25.773,469,class16,0.893,0.446,DISCARD,low_score
25.773,469,class59,0.746,0.373,DISCARD,low_score
25.828,470,class16,0.888,0.444,DISCARD,low_score
25.828,470,class59,0.577,0.288,DISCARD,low_score
25.828,470,class57,0.277,0.138,DISCARD,low_score
25.882,471,class16,0.888,0.444,DISCARD,low_score
25.882,471,class59,0.548,0.274,DISCARD,low_score
25.937,472,class16,0.901,0.45,DISCARD,bandwidth
25.937,472,class59,0.646,0.323,DISCARD,low_score
25.992,473,class16,0.907,0.453,DISCARD,bandwidth
25.992,473,class59,0.559,0.28,DISCARD,low_score
26.045,474,class16,0.896,0.448,DISCARD,low_score
26.045,474,class59,0.494,0.247,DISCARD,low_score
26.099,475,class16,0.899,0.45,DISCARD,low_score
26.099,475,class59,0.737,0.369,DISCARD,low_score
26.154,476,class16,0.907,0.453,DISCARD,bandwidth
26.154,476,class59,0.65,0.325,DISCARD,low_score
26.208,477,class16,0.894,0.447,DISCARD,low_score
26.208,477,class59,0.704,0.352,DISCARD,low_score
26.262,478,class16,0.899,0.45,DISCARD,low_score
26.262,478,class59,0.689,0.345,DISCARD,low_score
26.316,479,class16,0.882,0.441,DISCARD,low_score
26.316,479,class59,0.585,0.293,DISCARD,low_score
26.37,480,class16,0.898,0.449,DISCARD,low_score
26.37,480,class59,0.53,0.265,DISCARD,low_score
26.425,481,class16,0.927,0.464,DISCARD,bandwidth
26.425,481,class59,0.593,0.296,DISCARD,low_score
26.479,482,class16,0.905,0.453,DISCARD,bandwidth
26.479,482,class59,0.655,0.327,DISCARD,low_score
26.533,483,class16,0.914,0.457,DISCARD,bandwidth
26.533,483,class59,0.571,0.285,DISCARD,low_score
26.587,484,class16,0.921,0.461,DISCARD,bandwidth
26.587,484,class59,0.544,0.272,DISCARD,low_score
26.641,485,class16,0.899,0.45,DISCARD,low_score
26.641,485,class59,0.559,0.28,DISCARD,low_score
26.695,486,class16,0.864,0.432,DISCARD,low_score
26.695,486,class59,0.701,0.35,DISCARD,low_score
26.749,487,class16,0.921,0.46,DISCARD,bandwidth
26.749,487,class59,0.712,0.356,DISCARD,low_score
26.803,488,class16,0.876,0.438,DISCARD,low_score
26.803,488,class59,0.689,0.345,DISCARD,low_score
26.803,488,class56,0.5,0.25,DISCARD,low_score
26.857,489,class16,0.886,0.443,DISCARD,low_score
26.857,489,class56,0.756,0.378,DISCARD,low_score
26.857,489,class59,0.544,0.272,DISCARD,low_score
26.911,490,class16,0.852,0.426,DISCARD,low_score
26.911,490,class56,0.703,0.351,DISCARD,low_score
26.911,490,class59,0.681,0.34,DISCARD,low_score
26.966,491,class16,0.917,0.459,DISCARD,bandwidth
26.966,491,class56,0.755,0.377,DISCARD,low_score
26.966,491,class59,0.573,0.286,DISCARD,low_score
27.02,492,class16,0.893,0.446,DISCARD,low_score
27.02,492,class56,0.749,0.375,DISCARD,low_score
27.02,492,class59,0.471,0.235,DISCARD,low_score
27.074,493,class16,0.885,0.442,DISCARD,low_score
27.074,493,class56,0.749,0.375,DISCARD,low_score
27.074,493,class59,0.421,0.21,DISCARD,low_score
27.129,494,class16,0.883,0.442,DISCARD,low_score
27.129,494,class56,0.769,0.385,DISCARD,low_score
27.129,494,class59,0.639,0.319,DISCARD,low_score
27.183,495,class16,0.867,0.434,DISCARD,low_score
27.183,495,class59,0.815,0.408,DISCARD,low_score
27.183,495,class56,0.761,0.38,DISCARD,low_score
27.237,496,class16,0.846,0.423,DISCARD,low_score
27.237,496,class59,0.769,0.385,DISCARD,low_score
27.237,496,class56,0.449,0.225,DISCARD,low_score
27.237,496,class57,0.419,0.209,DISCARD,low_score
27.292,497,class59,0.832,0.416,DISCARD,low_score
27.292,497,class16,0.794,0.397,DISCARD,low_score
27.292,497,class56,0.442,0.221,DISCARD,low_score
27.347,498,class16,0.734,0.367,DISCARD,low_score
27.347,498,class59,0.529,0.265,DISCARD,low_score
27.347,498,class56,0.469,0.234,DISCARD,low_score
27.401,499,class16,0.773,0.387,DISCARD,low_score
27.401,499,class57,0.482,0.241,DISCARD,low_score
27.401,499,class59,0.382,0.191,DISCARD,low_score
27.401,499,class56,0.264,0.132,DISCARD,low_score
27.457,500,class16,0.862,0.431,DISCARD,low_score
27.457,500,class59,0.633,0.317,DISCARD,low_score
27.457,500,class56,0.308,0.154,DISCARD,low_score
27.511,501,class16,0.848,0.424,DISCARD,low_score
27.511,501,class56,0.798,0.399,DISCARD,low_score
27.511,501,class59,0.676,0.338,DISCARD,low_score
27.511,501,class56,0.314,0.157,DISCARD,low_score
27.565,502,class16,0.886,0.443,DISCARD,low_score
27.565,502,class56,0.804,0.402,DISCARD,low_score
27.565,502,class56,0.469,0.234,DISCARD,low_score
27.62,503,class56,0.826,0.413,DISCARD,low_score
27.62,503,class16,0.797,0.398,DISCARD,low_score
27.62,503,class56,0.488,0.244,DISCARD,low_score
27.62,503,class57,0.287,0.143,DISCARD,low_score
27.62,503,class56,0.286,0.143,DISCARD,low_score
27.674,504,class16,0.728,0.364,DISCARD,low_score
27.674,504,class56,0.717,0.359,DISCARD,low_score
27.674,504,class56,0.34,0.17,DISCARD,low_score
27.674,504,class59,0.258,0.129,DISCARD,low_score
27.729,505,class16,0.848,0.424,DISCARD,low_score
27.729,505,class56,0.433,0.217,DISCARD,low_score
27.783,506,class16,0.739,0.369,DISCARD,low_score
27.783,506,class15,0.4,0.2,DISCARD,low_score
27.783,506,class45,0.368,0.184,DISCARD,low_score
27.783,506,class56,0.36,0.18,DISCARD,low_score
27.783,506,class57,0.32,0.16,DISCARD,low_score
27.783,506,class56,0.281,0.141,DISCARD,low_score
27.783,506,class15,0.261,0.13,DISCARD,low_score
27.783,506,class56,0.255,0.127,DISCARD,low_score
27.839,507,class16,0.864,0.432,DISCARD,low_score
27.839,507,class56,0.648,0.324,DISCARD,low_score
27.839,507,class56,0.392,0.196,DISCARD,low_score
27.839,507,class57,0.302,0.151,DISCARD,low_score
27.893,508,class16,0.835,0.418,DISCARD,low_score
27.893,508,class0,0.595,0.298,DISCARD,low_score
27.893,508,class56,0.553,0.276,DISCARD,low_score
27.893,508,class57,0.329,0.164,DISCARD,low_score
27.893,508,class15,0.258,0.129,DISCARD,low_score
27.948,509,class16,0.84,0.42,DISCARD,low_score
27.948,509,class56,0.463,0.231,DISCARD,low_score
28.002,510,class56,0.72,0.36,DISCARD,low_score
28.002,510,class16,0.621,0.31,DISCARD,low_score
28.002,510,class56,0.451,0.226,DISCARD,low_score
28.002,510,class57,0.335,0.167,DISCARD,low_score
28.002,510,class56,0.297,0.149,DISCARD,low_score
28.057,511,class16,0.916,0.458,DISCARD,bandwidth
28.057,511,class56,0.763,0.382,DISCARD,low_score
28.057,511,class56,0.44,0.22,DISCARD,low_score
28.057,511,class56,0.305,0.152,DISCARD,low_score
28.057,511,class60,0.254,0.127,DISCARD,low_score
28.111,512,class16,0.784,0.392,DISCARD,low_score
28.111,512,class56,0.726,0.363,DISCARD,low_score
28.111,512,class56,0.44,0.22,DISCARD,low_score
28.111,512,class56,0.307,0.154,DISCARD,low_score
28.111,512,class56,0.302,0.151,DISCARD,low_score
28.111,512,class56,0.285,0.143,DISCARD,low_score
28.166,513,class16,0.883,0.442,DISCARD,low_score
28.166,513,class56,0.758,0.379,DISCARD,low_score
28.166,513,class56,0.409,0.205,DISCARD,low_score
28.166,513,class56,0.269,0.134,DISCARD,low_score
28.221,514,class16,0.891,0.446,DISCARD,low_score
28.221,514,class56,0.728,0.364,DISCARD,low_score
28.221,514,class56,0.525,0.263,DISCARD,low_score
28.221,514,class56,0.402,0.201,DISCARD,low_score
28.221,514,class56,0.307,0.154,DISCARD,low_score
28.221,514,class56,0.304,0.152,DISCARD,low_score
28.276,515,class16,0.838,0.419,DISCARD,low_score
28.276,515,class56,0.715,0.358,DISCARD,low_score
28.276,515,class56,0.504,0.252,DISCARD,low_score
28.276,515,class56,0.409,0.205,DISCARD,low_score
28.276,515,class56,0.293,0.146,DISCARD,low_score
28.331,516,class16,0.751,0.375,DISCARD,low_score
28.331,516,class56,0.51,0.255,DISCARD,low_score
28.331,516,class59,0.435,0.217,DISCARD,low_score
28.331,516,class56,0.274,0.137,DISCARD,low_score
28.385,517,class16,0.775,0.387,DISCARD,low_score
28.385,517,class56,0.593,0.296,DISCARD,low_score
28.385,517,class59,0.446,0.223,DISCARD,low_score
28.385,517,class56,0.382,0.191,DISCARD,low_score
28.385,517,class56,0.36,0.18,DISCARD,low_score
28.385,517,class56,0.304,0.152,DISCARD,low_score
28.385,517,class57,0.259,0.13,DISCARD,low_score
28.385,517,class56,0.254,0.127,DISCARD,low_score
28.441,518,class56,0.852,0.426,DISCARD,low_score
28.441,518,class16,0.838,0.419,DISCARD,low_score
28.441,518,class59,0.671,0.335,DISCARD,low_score
28.441,518,class56,0.396,0.198,DISCARD,low_score
28.441,518,class56,0.308,0.154,DISCARD,low_score
28.441,518,class56,0.288,0.144,DISCARD,low_score
28.441,518,class56,0.277,0.138,DISCARD,low_score
28.441,518,class56,0.261,0.13,DISCARD,low_score
28.496,519,class16,0.851,0.425,DISCARD,low_score
28.496,519,class56,0.78,0.39,DISCARD,low_score
28.496,519,class56,0.419,0.209,DISCARD,low_score
28.496,519,class56,0.367,0.184,DISCARD,low_score
28.496,519,class57,0.283,0.141,DISCARD,low_score
28.551,520,class16,0.857,0.428,DISCARD,low_score
28.551,520,class56,0.849,0.424,DISCARD,low_score
28.551,520,class56,0.413,0.207,DISCARD,low_score
28.551,520,class56,0.335,0.167,DISCARD,low_score
28.551,520,class57,0.317,0.159,DISCARD,low_score
28.606,521,class16,0.793,0.397,DISCARD,low_score
28.606,521,class56,0.763,0.382,DISCARD,low_score
28.606,521,class56,0.376,0.188,DISCARD,low_score
28.606,521,class57,0.269,0.134,DISCARD,low_score
28.606,521,class56,0.255,0.128,DISCARD,low_score
28.66,522,class16,0.868,0.434,DISCARD,low_score
28.66,522,class56,0.854,0.427,DISCARD,low_score
28.66,522,class59,0.443,0.221,DISCARD,low_score
28.66,522,class56,0.405,0.202,DISCARD,low_score
28.66,522,class56,0.381,0.191,DISCARD,low_score
28.66,522,class56,0.34,0.17,DISCARD,low_score
28.66,522,class56,0.339,0.169,DISCARD,low_score
28.717,523,class56,0.859,0.429,DISCARD,low_score
28.717,523,class16,0.633,0.317,DISCARD,low_score
28.717,523,class56,0.512,0.256,DISCARD,low_score
28.717,523,class56,0.332,0.166,DISCARD,low_score
28.717,523,class56,0.304,0.152,DISCARD,low_score
28.717,523,class59,0.293,0.147,DISCARD,low_score
28.774,524,class56,0.89,0.445,DISCARD,low_score
28.774,524,class16,0.861,0.43,DISCARD,low_score
28.774,524,class56,0.553,0.276,DISCARD,low_score
28.774,524,class56,0.479,0.239,DISCARD,low_score
28.774,524,class56,0.264,0.132,DISCARD,low_score
28.829,525,class56,0.854,0.427,DISCARD,low_score
28.829,525,class16,0.834,0.417,DISCARD,low_score
28.829,525,class56,0.384,0.192,DISCARD,low_score
28.829,525,class59,0.373,0.186,DISCARD,low_score
28.829,525,class56,0.35,0.175,DISCARD,low_score
28.829,525,class56,0.328,0.164,DISCARD,low_score
28.829,525,class59,0.327,0.163,DISCARD,low_score
28.829,525,class56,0.311,0.155,DISCARD,low_score
28.884,526,class56,0.838,0.419,DISCARD,low_score
28.884,526,class56,0.574,0.287,DISCARD,low_score
28.884,526,class16,0.553,0.276,DISCARD,low_score
28.884,526,class56,0.349,0.174,DISCARD,low_score
28.884,526,class56,0.343,0.172,DISCARD,low_score
28.884,526,class56,0.314,0.157,DISCARD,low_score
28.884,526,class56,0.298,0.149,DISCARD,low_score
28.94,527,class56,0.883,0.442,DISCARD,low_score
28.94,527,class56,0.429,0.215,DISCARD,low_score
28.94,527,class56,0.387,0.193,DISCARD,low_score
28.94,527,class56,0.374,0.187,DISCARD,low_score
28.94,527,class56,0.342,0.171,DISCARD,low_score
28.94,527,class56,0.293,0.147,DISCARD,low_score
28.995,528,class56,0.877,0.438,DISCARD,low_score
28.995,528,class56,0.365,0.182,DISCARD,low_score
28.995,528,class56,0.29,0.145,DISCARD,low_score
29.049,529,class56,0.854,0.427,DISCARD,low_score
29.049,529,class56,0.683,0.341,DISCARD,low_score
29.049,529,class59,0.626,0.313,DISCARD,low_score
29.049,529,class56,0.484,0.242,DISCARD,low_score
29.049,529,class60,0.413,0.207,DISCARD,low_score
29.049,529,class56,0.348,0.174,DISCARD,low_score
29.049,529,class56,0.333,0.166,DISCARD,low_score
29.049,529,class56,0.308,0.154,DISCARD,low_score
29.104,530,class56,0.862,0.431,DISCARD,low_score
29.104,530,class56,0.568,0.284,DISCARD,low_score
29.104,530,class56,0.424,0.212,DISCARD,low_score
29.104,530,class56,0.365,0.182,DISCARD,low_score
29.104,530,class60,0.351,0.176,DISCARD,low_score
29.104,530,class56,0.296,0.148,DISCARD,low_score
29.104,530,class56,0.288,0.144,DISCARD,low_score
29.104,530,class56,0.261,0.131,DISCARD,low_score
29.16,531,class56,0.889,0.444,DISCARD,low_score
29.16,531,class60,0.595,0.297,DISCARD,low_score
29.16,531,class56,0.49,0.245,DISCARD,low_score
29.16,531,class56,0.397,0.199,DISCARD,low_score
29.16,531,class56,0.389,0.194,DISCARD,low_score
29.16,531,class56,0.386,0.193,DISCARD,low_score
29.16,531,class56,0.358,0.179,DISCARD,low_score
29.16,531,class56,0.3,0.15,DISCARD,low_score
29.16,531,class56,0.294,0.147,DISCARD,low_score
29.16,531,class57,0.257,0.128,DISCARD,low_score
29.215,532,class56,0.878,0.439,DISCARD,low_score
29.215,532,class56,0.751,0.375,DISCARD,low_score
29.215,532,class56,0.587,0.293,DISCARD,low_score
29.215,532,class60,0.57,0.285,DISCARD,low_score
29.215,532,class56,0.431,0.216,DISCARD,low_score
29.215,532,class56,0.419,0.209,DISCARD,low_score
29.27,533,class56,0.875,0.437,DISCARD,low_score
29.27,533,class56,0.611,0.306,DISCARD,low_score
29.27,533,class60,0.57,0.285,DISCARD,low_score
29.27,533,class56,0.506,0.253,DISCARD,low_score
29.27,533,class56,0.492,0.246,DISCARD,low_score
29.27,533,class56,0.442,0.221,DISCARD,low_score
29.325,534,class56,0.812,0.406,DISCARD,low_score
29.325,534,class56,0.581,0.291,DISCARD,low_score
29.325,534,class56,0.482,0.241,DISCARD,low_score
29.325,534,class60,0.413,0.207,DISCARD,low_score
29.325,534,class56,0.412,0.206,DISCARD,low_score
29.325,534,class57,0.303,0.152,DISCARD,low_score
29.325,534,class56,0.297,0.148,DISCARD,low_score
29.38,535,class56,0.849,0.424,DISCARD,low_score
29.38,535,class56,0.688,0.344,DISCARD,low_score
29.38,535,class56,0.521,0.261,DISCARD,low_score
29.38,535,class60,0.478,0.239,DISCARD,low_score
29.38,535,class56,0.467,0.233,DISCARD,low_score
29.38,535,class60,0.348,0.174,DISCARD,low_score
29.38,535,class60,0.304,0.152,DISCARD,low_score
29.38,535,class56,0.264,0.132,DISCARD,low_score
29.436,536,class56,0.85,0.425,DISCARD,low_score
29.436,536,class56,0.61,0.305,DISCARD,low_score
29.436,536,class60,0.444,0.222,DISCARD,low_score
29.436,536,class56,0.415,0.207,DISCARD,low_score
29.436,536,class56,0.355,0.177,DISCARD,low_score
29.436,536,class56,0.326,0.163,DISCARD,low_score
29.436,536,class57,0.316,0.158,DISCARD,low_score
29.436,536,class56,0.287,0.143,DISCARD,low_score
29.436,536,class56,0.274,0.137,DISCARD,low_score
29.491,537,class56,0.842,0.421,DISCARD,low_score
29.491,537,class56,0.56,0.28,DISCARD,low_score
29.491,537,class56,0.508,0.254,DISCARD,low_score
29.491,537,class56,0.461,0.231,DISCARD,low_score
29.491,537,class60,0.393,0.197,DISCARD,low_score
29.491,537,class60,0.325,0.163,DISCARD,low_score
29.491,537,class56,0.262,0.131,DISCARD,low_score
29.491,537,class56,0.252,0.126,DISCARD,low_score
29.546,538,class56,0.86,0.43,DISCARD,low_score
29.546,538,class56,0.789,0.395,DISCARD,low_score
29.546,538,class56,0.613,0.307,DISCARD,low_score
29.546,538,class56,0.556,0.278,DISCARD,low_score
29.546,538,class56,0.482,0.241,DISCARD,low_score
29.546,538,class60,0.358,0.179,DISCARD,low_score
29.601,539,class56,0.853,0.426,DISCARD,low_score
29.601,539,class56,0.576,0.288,DISCARD,low_score
29.601,539,class56,0.512,0.256,DISCARD,low_score
29.601,539,class56,0.486,0.243,DISCARD,low_score
29.601,539,class60,0.413,0.207,DISCARD,low_score
29.601,539,class56,0.358,0.179,DISCARD,low_score
29.656,540,class56,0.833,0.417,DISCARD,low_score
29.656,540,class60,0.616,0.308,DISCARD,low_score
29.656,540,class56,0.558,0.279,DISCARD,low_score
29.656,540,class56,0.502,0.251,DISCARD,low_score
29.656,540,class56,0.453,0.227,DISCARD,low_score
29.656,540,class56,0.308,0.154,DISCARD,low_score
29.711,541,class56,0.852,0.426,DISCARD,low_score
29.711,541,class56,0.502,0.251,DISCARD,low_score
29.711,541,class56,0.444,0.222,DISCARD,low_score
29.711,541,class60,0.429,0.215,DISCARD,low_score
29.711,541,class56,0.428,0.214,DISCARD,low_score
29.711,541,class56,0.347,0.173,DISCARD,low_score
29.711,541,class56,0.28,0.14,DISCARD,low_score
29.766,542,class56,0.867,0.434,DISCARD,low_score
29.766,542,class56,0.606,0.303,DISCARD,low_score
29.766,542,class56,0.496,0.248,DISCARD,low_score
29.766,542,class60,0.463,0.231,DISCARD,low_score
29.766,542,class56,0.451,0.226,DISCARD,low_score
29.766,542,class56,0.333,0.166,DISCARD,low_score
29.766,542,class56,0.311,0.155,DISCARD,low_score
29.821,543,class56,0.822,0.411,DISCARD,low_score
29.821,543,class56,0.677,0.339,DISCARD,low_score
29.821,543,class56,0.581,0.291,DISCARD,low_score
29.821,543,class60,0.45,0.225,DISCARD,low_score
29.821,543,class56,0.427,0.214,DISCARD,low_score
29.821,543,class56,0.368,0.184,DISCARD,low_score
29.821,543,class56,0.307,0.153,DISCARD,low_score
29.876,544,class56,0.855,0.427,DISCARD,low_score
29.876,544,class56,0.516,0.258,DISCARD,low_score
29.876,544,class56,0.494,0.247,DISCARD,low_score
29.876,544,class60,0.397,0.199,DISCARD,low_score
29.876,544,class56,0.383,0.192,DISCARD,low_score
29.876,544,class60,0.323,0.161,DISCARD,low_score
29.876,544,class56,0.284,0.142,DISCARD,low_score
29.931,545,class56,0.897,0.448,DISCARD,low_score
29.931,545,class60,0.61,0.305,DISCARD,low_score
29.931,545,class56,0.596,0.298,DISCARD,low_score
29.931,545,class56,0.473,0.236,DISCARD,low_score
29.931,545,class56,0.434,0.217,DISCARD,low_score
29.931,545,class56,0.396,0.198,DISCARD,low_score
29.931,545,class56,0.335,0.167,DISCARD,low_score
29.931,545,class56,0.316,0.158,DISCARD,low_score
29.986,546,class56,0.898,0.449,DISCARD,low_score
29.986,546,class56,0.523,0.262,DISCARD,low_score
29.986,546,class60,0.516,0.258,DISCARD,low_score
29.986,546,class56,0.498,0.249,DISCARD,low_score
29.986,546,class56,0.357,0.178,DISCARD,low_score
29.986,546,class56,0.352,0.176,DISCARD,low_score
29.986,546,class56,0.252,0.126,DISCARD,low_score
30.043,547,class56,0.869,0.434,DISCARD,low_score
30.043,547,class56,0.653,0.327,DISCARD,low_score
30.043,547,class56,0.6,0.3,DISCARD,low_score
30.043,547,class60,0.403,0.201,DISCARD,low_score
30.043,547,class56,0.272,0.136,DISCARD,low_score
30.043,547,class60,0.261,0.131,DISCARD,low_score
30.098,548,class56,0.876,0.438,DISCARD,low_score
30.098,548,class56,0.651,0.326,DISCARD,low_score
30.098,548,class56,0.608,0.304,DISCARD,low_score
30.098,548,class56,0.539,0.269,DISCARD,low_score
30.098,548,class59,0.401,0.2,DISCARD,low_score
30.098,548,class60,0.362,0.181,DISCARD,low_score
30.098,548,class56,0.281,0.141,DISCARD,low_score
30.153,549,class56,0.894,0.447,DISCARD,low_score
30.153,549,class56,0.743,0.372,DISCARD,low_score
30.153,549,class56,0.669,0.334,DISCARD,low_score
30.153,549,class56,0.535,0.268,DISCARD,low_score
30.153,549,class60,0.496,0.248,DISCARD,low_score
30.153,549,class60,0.252,0.126,DISCARD,low_score
30.208,550,class56,0.878,0.439,DISCARD,low_score
30.208,550,class56,0.689,0.345,DISCARD,low_score
30.208,550,class56,0.622,0.311,DISCARD,low_score
30.208,550,class56,0.56,0.28,DISCARD,low_score
30.208,550,class60,0.491,0.246,DISCARD,low_score
30.208,550,class60,0.367,0.184,DISCARD,low_score
30.263,551,class56,0.789,0.395,DISCARD,low_score
30.263,551,class56,0.42,0.21,DISCARD,low_score
30.263,551,class56,0.394,0.197,DISCARD,low_score
30.263,551,class56,0.337,0.169,DISCARD,low_score
30.263,551,class60,0.309,0.155,DISCARD,low_score
30.332,552,class56,0.877,0.438,DISCARD,low_score
30.332,552,class56,0.66,0.33,DISCARD,low_score
30.332,552,class56,0.521,0.261,DISCARD,low_score
30.332,552,class56,0.307,0.154,DISCARD,low_score
30.332,552,class56,0.262,0.131,DISCARD,low_score
30.387,553,class56,0.846,0.423,DISCARD,low_score
30.387,553,class56,0.715,0.358,DISCARD,low_score
30.387,553,class56,0.633,0.317,DISCARD,low_score
30.387,553,class56,0.368,0.184,DISCARD,low_score
30.442,554,class56,0.833,0.417,DISCARD,low_score
30.442,554,class56,0.693,0.346,DISCARD,low_score
30.442,554,class56,0.553,0.276,DISCARD,low_score
30.442,554,class56,0.368,0.184,DISCARD,low_score
30.442,554,class56,0.319,0.16,DISCARD,low_score
30.497,555,class56,0.893,0.446,DISCARD,low_score
30.497,555,class56,0.761,0.38,DISCARD,low_score
30.497,555,class56,0.564,0.282,DISCARD,low_score
30.497,555,class56,0.381,0.191,DISCARD,low_score
30.497,555,class60,0.367,0.183,DISCARD,low_score
30.497,555,class56,0.347,0.173,DISCARD,low_score
30.497,555,class59,0.258,0.129,DISCARD,low_score
30.551,556,class56,0.863,0.432,DISCARD,low_score
30.551,556,class56,0.572,0.286,DISCARD,low_score
30.551,556,class56,0.434,0.217,DISCARD,low_score
30.551,556,class59,0.42,0.21,DISCARD,low_score
30.551,556,class56,0.384,0.192,DISCARD,low_score
30.551,556,class60,0.288,0.144,DISCARD,low_score
30.551,556,class56,0.267,0.133,DISCARD,low_score
30.607,557,class56,0.89,0.445,DISCARD,low_score
30.607,557,class56,0.681,0.34,DISCARD,low_score
30.607,557,class56,0.6,0.3,DISCARD,low_score
30.607,557,class60,0.442,0.221,DISCARD,low_score
30.607,557,class56,0.387,0.193,DISCARD,low_score
30.607,557,class59,0.265,0.133,DISCARD,low_score
30.661,558,class56,0.854,0.427,DISCARD,low_score
30.661,558,class56,0.56,0.28,DISCARD,low_score
30.661,558,class56,0.558,0.279,DISCARD,low_score
30.661,558,class56,0.488,0.244,DISCARD,low_score
30.661,558,class56,0.471,0.235,DISCARD,low_score
30.661,558,class60,0.305,0.152,DISCARD,low_score
30.716,559,class56,0.812,0.406,DISCARD,low_score
30.716,559,class56,0.57,0.285,DISCARD,low_score
30.716,559,class56,0.504,0.252,DISCARD,low_score
30.716,559,class60,0.396,0.198,DISCARD,low_score
30.771,560,class56,0.89,0.445,DISCARD,low_score
30.771,560,class56,0.651,0.326,DISCARD,low_score
30.771,560,class60,0.547,0.273,DISCARD,low_score
30.771,560,class56,0.512,0.256,DISCARD,low_score
30.771,560,class56,0.264,0.132,DISCARD,low_score
30.826,561,class56,0.89,0.445,DISCARD,low_score
30.826,561,class56,0.667,0.334,DISCARD,low_score
30.826,561,class60,0.489,0.245,DISCARD,low_score
30.826,561,class56,0.416,0.208,DISCARD,low_score
30.88,562,class56,0.887,0.444,DISCARD,low_score
30.88,562,class56,0.677,0.339,DISCARD,low_score
30.88,562,class60,0.494,0.247,DISCARD,low_score
30.88,562,class56,0.442,0.221,DISCARD,low_score
30.934,563,class56,0.905,0.453,DISCARD,bandwidth
30.934,563,class56,0.74,0.37,DISCARD,low_score
30.934,563,class60,0.554,0.277,DISCARD,low_score
30.934,563,class56,0.506,0.253,DISCARD,low_score
30.989,564,class56,0.917,0.459,DISCARD,bandwidth
30.989,564,class56,0.762,0.381,DISCARD,low_score
30.989,564,class60,0.593,0.296,DISCARD,low_score
30.989,564,class56,0.446,0.223,DISCARD,low_score
31.044,565,class56,0.9,0.45,DISCARD,low_score
31.044,565,class56,0.694,0.347,DISCARD,low_score
31.044,565,class60,0.615,0.308,DISCARD,low_score
31.044,565,class56,0.41,0.205,DISCARD,low_score
31.099,566,class56,0.882,0.441,DISCARD,low_score
31.099,566,class56,0.583,0.292,DISCARD,low_score
31.099,566,class60,0.573,0.286,DISCARD,low_score
31.099,566,class56,0.307,0.154,DISCARD,low_score
31.099,566,class56,0.263,0.131,DISCARD,low_score
31.154,567,class56,0.893,0.447,DISCARD,low_score
31.154,567,class56,0.6,0.3,DISCARD,low_score
31.154,567,class60,0.557,0.279,DISCARD,low_score
31.154,567,class56,0.51,0.255,DISCARD,low_score
31.208,568,class56,0.772,0.386,DISCARD,low_score
31.208,568,class60,0.528,0.264,DISCARD,low_score
31.208,568,class56,0.369,0.185,DISCARD,low_score
31.208,568,class59,0.318,0.159,DISCARD,low_score
31.208,568,class56,0.309,0.155,DISCARD,low_score
31.208,568,class56,0.307,0.153,DISCARD,low_score
31.263,569,class56,0.908,0.454,DISCARD,bandwidth
31.263,569,class56,0.518,0.259,DISCARD,low_score
31.263,569,class60,0.456,0.228,DISCARD,low_score
31.263,569,class56,0.396,0.198,DISCARD,low_score
31.263,569,class59,0.366,0.183,DISCARD,low_score
31.318,570,class56,0.903,0.451,DISCARD,bandwidth
31.318,570,class56,0.755,0.377,DISCARD,low_score
31.318,570,class60,0.532,0.266,DISCARD,low_score
31.318,570,class56,0.371,0.186,DISCARD,low_score
31.318,570,class56,0.3,0.15,DISCARD,low_score
31.318,570,class59,0.252,0.126,DISCARD,low_score
31.372,571,class56,0.906,0.453,DISCARD,bandwidth
31.372,571,class60,0.592,0.296,DISCARD,low_score
31.372,571,class56,0.581,0.291,DISCARD,low_score
31.372,571,class56,0.421,0.21,DISCARD,low_score
31.427,572,class56,0.93,0.465,DISCARD,bandwidth
31.427,572,class56,0.753,0.377,DISCARD,low_score
31.427,572,class60,0.499,0.25,DISCARD,low_score
31.427,572,class56,0.446,0.223,DISCARD,low_score
31.427,572,class56,0.323,0.162,DISCARD,low_score
31.427,572,class56,0.308,0.154,DISCARD,low_score
31.482,573,class56,0.914,0.457,DISCARD,bandwidth
31.482,573,class56,0.808,0.404,DISCARD,low_score
31.482,573,class60,0.623,0.312,DISCARD,low_score
31.538,574,class56,0.903,0.451,DISCARD,bandwidth
31.538,574,class56,0.776,0.388,DISCARD,low_score
31.538,574,class60,0.598,0.299,DISCARD,low_score
31.538,574,class56,0.407,0.204,DISCARD,low_score
31.538,574,class56,0.262,0.131,DISCARD,low_score
31.593,575,class56,0.855,0.427,DISCARD,low_score
31.593,575,class56,0.768,0.384,DISCARD,low_score
31.593,575,class60,0.544,0.272,DISCARD,low_score
31.647,576,class56,0.877,0.439,DISCARD,low_score
31.647,576,class56,0.768,0.384,DISCARD,low_score
31.647,576,class60,0.58,0.29,DISCARD,low_score
31.647,576,class59,0.277,0.139,DISCARD,low_score
31.701,577,class56,0.844,0.422,DISCARD,low_score
31.701,577,class56,0.812,0.406,DISCARD,low_score
31.701,577,class60,0.57,0.285,DISCARD,low_score
31.701,577,class59,0.253,0.127,DISCARD,low_score
31.756,578,class56,0.869,0.434,DISCARD,low_score
31.756,578,class56,0.761,0.38,DISCARD,low_score
31.756,578,class60,0.525,0.263,DISCARD,low_score
31.81,579,class56,0.871,0.436,DISCARD,low_score
31.81,579,class56,0.755,0.377,DISCARD,low_score
31.81,579,class59,0.504,0.252,DISCARD,low_score
31.81,579,class60,0.443,0.221,DISCARD,low_score
31.865,580,class56,0.821,0.411,DISCARD,low_score
31.865,580,class56,0.628,0.314,DISCARD,low_score
31.865,580,class59,0.595,0.297,DISCARD,low_score
31.865,580,class60,0.448,0.224,DISCARD,low_score
31.919,581,class56,0.882,0.441,DISCARD,low_score
31.919,581,class56,0.698,0.349,DISCARD,low_score
31.919,581,class60,0.604,0.302,DISCARD,low_score
31.973,582,class56,0.901,0.45,DISCARD,bandwidth
31.973,582,class56,0.672,0.336,DISCARD,low_score
31.973,582,class60,0.48,0.24,DISCARD,low_score
31.973,582,class59,0.464,0.232,DISCARD,low_score
32.028,583,class56,0.92,0.46,DISCARD,bandwidth
32.028,583,class56,0.709,0.355,DISCARD,low_score
32.028,583,class60,0.666,0.333,DISCARD,low_score
32.028,583,class59,0.36,0.18,DISCARD,low_score
32.083,584,class56,0.893,0.446,DISCARD,low_score
32.083,584,class60,0.703,0.351,DISCARD,low_score
32.083,584,class56,0.531,0.266,DISCARD,low_score
32.083,584,class59,0.343,0.172,DISCARD,low_score
32.137,585,class56,0.895,0.447,DISCARD,low_score
32.137,585,class60,0.763,0.382,DISCARD,low_score
32.137,585,class56,0.556,0.278,DISCARD,low_score
32.191,586,class56,0.904,0.452,DISCARD,bandwidth
32.191,586,class60,0.766,0.383,DISCARD,low_score
32.191,586,class56,0.438,0.219,DISCARD,low_score
32.191,586,class59,0.323,0.161,DISCARD,low_score
32.246,587,class56,0.889,0.444,DISCARD,low_score
32.246,587,class60,0.586,0.293,DISCARD,low_score
32.246,587,class56,0.471,0.235,DISCARD,low_score
32.246,587,class59,0.324,0.162,DISCARD,low_score
32.3,588,class56,0.842,0.421,DISCARD,low_score
32.3,588,class60,0.484,0.242,DISCARD,low_score
32.3,588,class59,0.461,0.231,DISCARD,low_score
32.3,588,class56,0.453,0.227,DISCARD,low_score
32.355,589,class56,0.882,0.441,DISCARD,low_score
32.355,589,class56,0.446,0.223,DISCARD,low_score
32.355,589,class59,0.413,0.207,DISCARD,low_score
32.355,589,class56,0.357,0.178,DISCARD,low_score
32.41,590,class56,0.862,0.431,DISCARD,low_score
32.41,590,class56,0.49,0.245,DISCARD,low_score
32.41,590,class56,0.396,0.198,DISCARD,low_score
32.41,590,class59,0.355,0.177,DISCARD,low_score
32.41,590,class56,0.263,0.131,DISCARD,low_score
32.465,591,class56,0.814,0.407,DISCARD,low_score
32.465,591,class56,0.57,0.285,DISCARD,low_score
32.465,591,class56,0.301,0.15,DISCARD,low_score
32.465,591,class60,0.293,0.146,DISCARD,low_score
32.465,591,class56,0.28,0.14,DISCARD,low_score
32.52,592,class56,0.837,0.418,DISCARD,low_score
32.52,592,class56,0.525,0.263,DISCARD,low_score
32.52,592,class56,0.492,0.246,DISCARD,low_score
32.52,592,class28,0.336,0.168,DISCARD,low_score
32.52,592,class60,0.28,0.14,DISCARD,low_score
32.574,593,class56,0.794,0.397,DISCARD,low_score
32.574,593,class56,0.349,0.174,DISCARD,low_score
32.574,593,class56,0.317,0.159,DISCARD,low_score
32.574,593,class60,0.29,0.145,DISCARD,low_score
32.629,594,class56,0.779,0.389,DISCARD,low_score
32.629,594,class56,0.566,0.283,DISCARD,low_score
32.629,594,class56,0.344,0.172,DISCARD,low_score
32.683,595,class56,0.803,0.402,DISCARD,low_score
32.683,595,class56,0.566,0.283,DISCARD,low_score
32.683,595,class56,0.35,0.175,DISCARD,low_score
32.737,596,class56,0.841,0.42,DISCARD,low_score
32.737,596,class56,0.611,0.306,DISCARD,low_score
32.791,597,class56,0.792,0.396,DISCARD,low_score
32.791,597,class56,0.366,0.183,DISCARD,low_score
32.791,597,class56,0.339,0.169,DISCARD,low_score
32.845,598,class56,0.83,0.415,DISCARD,low_score
32.845,598,class56,0.608,0.304,DISCARD,low_score
32.845,598,class56,0.331,0.166,DISCARD,low_score
32.845,598,class56,0.281,0.14,DISCARD,low_score
32.9,599,class56,0.839,0.419,DISCARD,low_score
32.9,599,class56,0.434,0.217,DISCARD,low_score
32.955,600,class56,0.891,0.446,DISCARD,low_score
33.009,601,class56,0.883,0.442,DISCARD,low_score
33.064,602,class56,0.898,0.449,DISCARD,low_score
33.118,603,class56,0.903,0.451,DISCARD,bandwidth
33.118,603,class36,0.349,0.174,DISCARD,low_score
33.172,604,class56,0.89,0.445,DISCARD,low_score
33.172,604,class36,0.676,0.338,DISCARD,low_score
33.226,605,class56,0.901,0.451,DISCARD,bandwidth
33.226,605,class56,0.384,0.192,DISCARD,low_score
33.28,606,class56,0.896,0.448,DISCARD,low_score
33.28,606,class56,0.341,0.17,DISCARD,low_score
33.334,607,class56,0.74,0.37,DISCARD,low_score
33.334,607,class56,0.343,0.172,DISCARD,low_score
33.334,607,class28,0.323,0.161,DISCARD,low_score
33.388,608,class56,0.712,0.356,DISCARD,low_score
33.388,608,class56,0.293,0.147,DISCARD,low_score
33.443,609,class56,0.461,0.231,DISCARD,low_score
33.443,609,class56,0.385,0.192,DISCARD,low_score
33.443,609,class28,0.264,0.132,DISCARD,low_score
33.497,610,class56,0.621,0.31,DISCARD,low_score
33.497,610,class28,0.359,0.18,DISCARD,low_score
33.551,611,class56,0.854,0.427,DISCARD,low_score
33.551,611,class28,0.413,0.207,DISCARD,low_score
33.605,612,class56,0.839,0.419,DISCARD,low_score
33.605,612,class28,0.331,0.166,DISCARD,low_score
33.659,613,class56,0.726,0.363,DISCARD,low_score
33.659,613,class56,0.266,0.133,DISCARD,low_score
33.713,614,class56,0.881,0.44,DISCARD,low_score
33.767,615,class56,0.862,0.431,DISCARD,low_score
33.767,615,class56,0.346,0.173,DISCARD,low_score
33.821,616,class56,0.648,0.324,DISCARD,low_score
33.821,616,class56,0.274,0.137,DISCARD,low_score
33.875,617,class56,0.882,0.441,DISCARD,low_score
33.928,618,class56,0.646,0.323,DISCARD,low_score
33.928,618,class56,0.255,0.127,DISCARD,low_score
33.983,619,class56,0.722,0.361,DISCARD,low_score
33.983,619,class56,0.292,0.146,DISCARD,low_score
34.036,620,class56,0.809,0.405,DISCARD,low_score
34.036,620,class28,0.404,0.202,DISCARD,low_score
34.09,621,class56,0.72,0.36,DISCARD,low_score
34.144,622,class56,0.781,0.391,DISCARD,low_score
34.198,623,class56,0.755,0.377,DISCARD,low_score
34.253,624,class56,0.807,0.403,DISCARD,low_score
34.253,624,class12,0.35,0.175,DISCARD,low_score
34.307,625,class56,0.779,0.389,DISCARD,low_score
34.36,626,class56,0.733,0.366,DISCARD,low_score
34.414,627,class56,0.745,0.372,DISCARD,low_score
34.468,628,class56,0.688,0.344,DISCARD,low_score
34.468,628,class56,0.365,0.182,DISCARD,low_score
34.522,629,class56,0.777,0.389,DISCARD,low_score
34.576,630,class56,0.598,0.299,DISCARD,low_score
34.576,630,class28,0.264,0.132,DISCARD,low_score
34.63,631,class56,0.523,0.262,DISCARD,low_score
34.63,631,class28,0.473,0.236,DISCARD,low_score
34.63,631,class56,0.254,0.127,DISCARD,low_score
34.684,632,class56,0.514,0.257,DISCARD,low_score
34.684,632,class28,0.432,0.216,DISCARD,low_score
34.738,633,class56,0.502,0.251,DISCARD,low_score
34.738,633,class56,0.5,0.25,DISCARD,low_score
34.792,634,class56,0.51,0.255,DISCARD,low_score
34.792,634,class56,0.475,0.237,DISCARD,low_score
34.846,635,class56,0.51,0.255,DISCARD,low_score
34.846,635,class56,0.469,0.234,DISCARD,low_score
34.9,636,class28,0.496,0.248,DISCARD,low_score
34.954,637,class28,0.587,0.293,DISCARD,low_score
35.008,638,class28,0.572,0.286,DISCARD,low_score
35.061,639,class56,0.553,0.276,DISCARD,low_score
35.061,639,class28,0.541,0.27,DISCARD,low_score
35.061,639,class56,0.504,0.252,DISCARD,low_score
35.116,640,class56,0.726,0.363,DISCARD,low_score
35.116,640,class56,0.4,0.2,DISCARD,low_score
35.116,640,class28,0.39,0.195,DISCARD,low_score
35.17,641,class56,0.853,0.426,DISCARD,low_score
35.17,641,class56,0.48,0.24,DISCARD,low_score
35.224,642,class56,0.704,0.352,DISCARD,low_score
35.224,642,class56,0.633,0.317,DISCARD,low_score
35.224,642,class28,0.383,0.192,DISCARD,low_score
35.278,643,class56,0.72,0.36,DISCARD,low_score
35.278,643,class56,0.637,0.319,DISCARD,low_score
35.278,643,class28,0.463,0.231,DISCARD,low_score
35.344,644,class56,0.598,0.299,DISCARD,low_score
35.344,644,class28,0.589,0.294,DISCARD,low_score
35.344,644,class56,0.577,0.289,DISCARD,low_score
35.398,645,class56,0.684,0.342,DISCARD,low_score
35.398,645,class56,0.398,0.199,DISCARD,low_score
35.452,646,class56,0.676,0.338,DISCARD,low_score
35.452,646,class56,0.414,0.207,DISCARD,low_score
35.506,647,class56,0.789,0.395,DISCARD,low_score
35.56,648,class56,0.82,0.41,DISCARD,low_score
35.615,649,class56,0.814,0.407,DISCARD,low_score
35.669,650,class56,0.679,0.34,DISCARD,low_score
35.723,651,class56,0.749,0.375,DISCARD,low_score
35.723,651,class56,0.331,0.166,DISCARD,low_score
35.777,652,class56,0.828,0.414,DISCARD,low_score
35.777,652,class56,0.383,0.192,DISCARD,low_score
35.831,653,class56,0.789,0.395,DISCARD,low_score
35.831,653,class56,0.553,0.276,DISCARD,low_score
35.885,654,class56,0.759,0.38,DISCARD,low_score
35.885,654,class56,0.465,0.232,DISCARD,low_score
35.885,654,class0,0.344,0.172,DISCARD,low_score
35.939,655,class56,0.761,0.38,DISCARD,low_score
35.939,655,class56,0.314,0.157,DISCARD,low_score
35.993,656,class56,0.688,0.344,DISCARD,low_score
35.993,656,class0,0.356,0.178,DISCARD,low_score
35.993,656,class56,0.339,0.169,DISCARD,low_score
36.047,657,class56,0.699,0.35,DISCARD,low_score
36.047,657,class0,0.41,0.205,DISCARD,low_score
36.047,657,class56,0.401,0.2,DISCARD,low_score
36.101,658,class56,0.752,0.376,DISCARD,low_score
36.101,658,class0,0.256,0.128,DISCARD,low_score
36.101,658,class56,0.251,0.125,DISCARD,low_score
36.155,659,class56,0.706,0.353,DISCARD,low_score
36.155,659,class0,0.289,0.145,DISCARD,low_score
36.209,660,class56,0.637,0.319,DISCARD,low_score
36.209,660,class56,0.467,0.233,DISCARD,low_score
36.209,660,class0,0.335,0.167,DISCARD,low_score
36.264,661,class56,0.617,0.308,DISCARD,low_score
36.264,661,class56,0.484,0.242,DISCARD,low_score
36.264,661,class0,0.315,0.157,DISCARD,low_score
36.319,662,class56,0.553,0.276,DISCARD,low_score
36.319,662,class0,0.463,0.231,DISCARD,low_score
36.319,662,class56,0.379,0.19,DISCARD,low_score
36.374,663,class56,0.566,0.283,DISCARD,low_score
36.374,663,class0,0.466,0.233,DISCARD,low_score
36.374,663,class56,0.446,0.223,DISCARD,low_score
36.428,664,class56,0.568,0.284,DISCARD,low_score
36.428,664,class0,0.462,0.231,DISCARD,low_score
36.428,664,class56,0.408,0.204,DISCARD,low_score
36.483,665,class56,0.648,0.324,DISCARD,low_score
36.483,665,class56,0.492,0.246,DISCARD,low_score
36.483,665,class0,0.286,0.143,DISCARD,low_score
36.483,665,class56,0.251,0.125,DISCARD,low_score
36.537,666,class56,0.449,0.225,DISCARD,low_score
36.537,666,class56,0.405,0.203,DISCARD,low_score
36.537,666,class0,0.332,0.166,DISCARD,low_score
36.591,667,class56,0.502,0.251,DISCARD,low_score
36.591,667,class56,0.272,0.136,DISCARD,low_score
36.645,668,class56,0.525,0.263,DISCARD,low_score
36.645,668,class56,0.368,0.184,DISCARD,low_score
36.699,669,class56,0.506,0.253,DISCARD,low_score
36.699,669,class56,0.256,0.128,DISCARD,low_score
36.752,670,class56,0.479,0.239,DISCARD,low_score
36.806,671,class56,0.604,0.302,DISCARD,low_score
36.806,671,class56,0.469,0.234,DISCARD,low_score
36.86,672,class56,0.422,0.211,DISCARD,low_score
36.914,673,class56,0.512,0.256,DISCARD,low_score
36.969,674,class56,0.492,0.246,DISCARD,low_score
36.969,674,class56,0.349,0.174,DISCARD,low_score
37.023,675,class56,0.496,0.248,DISCARD,low_score
37.077,676,class56,0.282,0.141,DISCARD,low_score
37.13,677,class56,0.368,0.184,DISCARD,low_score
37.13,677,class56,0.294,0.147,DISCARD,low_score
37.184,678,class56,0.354,0.177,DISCARD,low_score
37.184,678,class56,0.289,0.144,DISCARD,low_score
37.238,679,class56,0.355,0.177,DISCARD,low_score
37.238,679,class56,0.278,0.139,DISCARD,low_score
37.756,689,class74,0.686,0.343,DISCARD,low_score
37.756,689,class14,0.428,0.214,DISCARD,low_score
37.81,690,class74,0.296,0.148,DISCARD,low_score
39.939,731,class27,0.394,0.197,DISCARD,low_score
39.993,732,class27,0.681,0.34,DISCARD,low_score
40.047,733,class27,0.275,0.138,DISCARD,low_score
40.152,735,class27,0.389,0.194,DISCARD,low_score
40.206,736,class27,0.498,0.249,DISCARD,low_score
41.047,752,class72,0.482,0.241,DISCARD,low_score
41.1,753,class72,0.748,0.374,DISCARD,low_score
41.1,753,class39,0.667,0.334,DISCARD,low_score
41.154,754,class39,0.662,0.331,DISCARD,low_score
41.154,754,class72,0.387,0.193,DISCARD,low_score
41.208,755,class39,0.669,0.334,DISCARD,low_score
41.208,755,class72,0.598,0.299,DISCARD,low_score
41.208,755,class39,0.398,0.199,DISCARD,low_score
41.208,755,class72,0.254,0.127,DISCARD,low_score
41.262,756,class39,0.653,0.327,DISCARD,low_score
41.262,756,class72,0.405,0.203,DISCARD,low_score
41.262,756,class39,0.291,0.145,DISCARD,low_score
41.316,757,class39,0.737,0.369,DISCARD,low_score
41.316,757,class39,0.413,0.207,DISCARD,low_score
41.37,758,class39,0.737,0.369,DISCARD,low_score
41.37,758,class39,0.688,0.344,DISCARD,low_score
41.37,758,class39,0.446,0.223,DISCARD,low_score
41.425,759,class39,0.737,0.369,DISCARD,low_score
41.425,759,class39,0.701,0.35,DISCARD,low_score
41.425,759,class39,0.502,0.251,DISCARD,low_score
41.425,759,class72,0.288,0.144,DISCARD,low_score
41.48,760,class39,0.651,0.326,DISCARD,low_score
41.48,760,class39,0.617,0.308,DISCARD,low_score
41.48,760,class39,0.347,0.173,DISCARD,low_score
41.48,760,class72,0.333,0.166,DISCARD,low_score
41.48,760,class72,0.264,0.132,DISCARD,low_score
41.534,761,class39,0.651,0.326,DISCARD,low_score
41.534,761,class39,0.568,0.284,DISCARD,low_score
41.534,761,class39,0.296,0.148,DISCARD,low_score
41.534,761,class39,0.269,0.134,DISCARD,low_score
41.534,761,class72,0.264,0.132,DISCARD,low_score
41.534,761,class72,0.252,0.126,DISCARD,low_score
41.589,762,class39,0.664,0.332,DISCARD,low_score
41.589,762,class39,0.641,0.32,DISCARD,low_score
41.589,762,class39,0.471,0.235,DISCARD,low_score
41.589,762,class39,0.428,0.214,DISCARD,low_score
41.589,762,class39,0.319,0.16,DISCARD,low_score
41.589,762,class72,0.293,0.146,DISCARD,low_score
41.589,762,class72,0.274,0.137,DISCARD,low_score
41.589,762,class39,0.266,0.133,DISCARD,low_score
41.645,763,class39,0.669,0.334,DISCARD,low_score
41.645,763,class39,0.633,0.317,DISCARD,low_score
41.645,763,class39,0.508,0.254,DISCARD,low_score
41.645,763,class39,0.446,0.223,DISCARD,low_score
41.645,763,class39,0.338,0.169,DISCARD,low_score
41.645,763,class72,0.26,0.13,DISCARD,low_score
41.7,764,class39,0.669,0.334,DISCARD,low_score
41.7,764,class39,0.615,0.308,DISCARD,low_score
41.7,764,class39,0.523,0.262,DISCARD,low_score
41.7,764,class39,0.506,0.253,DISCARD,low_score
41.7,764,class39,0.354,0.177,DISCARD,low_score
41.7,764,class72,0.328,0.164,DISCARD,low_score
41.7,764,class39,0.321,0.16,DISCARD,low_score
41.7,764,class72,0.286,0.143,DISCARD,low_score
41.755,765,class39,0.703,0.351,DISCARD,low_score
41.755,765,class39,0.667,0.334,DISCARD,low_score
41.755,765,class39,0.598,0.299,DISCARD,low_score
41.755,765,class39,0.539,0.269,DISCARD,low_score
41.755,765,class39,0.48,0.24,DISCARD,low_score
41.755,765,class72,0.338,0.169,DISCARD,low_score
41.755,765,class39,0.316,0.158,DISCARD,low_score
41.81,766,class39,0.756,0.378,DISCARD,low_score
41.81,766,class39,0.703,0.351,DISCARD,low_score
41.81,766,class39,0.602,0.301,DISCARD,low_score
41.81,766,class39,0.496,0.248,DISCARD,low_score
41.81,766,class39,0.405,0.203,DISCARD,low_score
41.81,766,class72,0.278,0.139,DISCARD,low_score
41.865,767,class39,0.722,0.361,DISCARD,low_score
41.865,767,class39,0.698,0.349,DISCARD,low_score
41.865,767,class39,0.587,0.293,DISCARD,low_score
41.865,767,class39,0.498,0.249,DISCARD,low_score
41.865,767,class39,0.469,0.234,DISCARD,low_score
41.865,767,class72,0.283,0.141,DISCARD,low_score
41.865,767,class39,0.252,0.126,DISCARD,low_score
41.92,768,class39,0.808,0.404,DISCARD,low_score
41.92,768,class39,0.759,0.38,DISCARD,low_score
41.92,768,class39,0.57,0.285,DISCARD,low_score
41.92,768,class39,0.535,0.268,DISCARD,low_score
41.92,768,class39,0.387,0.193,DISCARD,low_score
41.975,769,class39,0.812,0.406,DISCARD,low_score
41.975,769,class39,0.681,0.34,DISCARD,low_score
41.975,769,class39,0.639,0.319,DISCARD,low_score
41.975,769,class39,0.543,0.271,DISCARD,low_score
41.975,769,class39,0.44,0.22,DISCARD,low_score
41.975,769,class72,0.275,0.138,DISCARD,low_score
42.03,770,class39,0.761,0.38,DISCARD,low_score
42.03,770,class39,0.749,0.375,DISCARD,low_score
42.03,770,class39,0.648,0.324,DISCARD,low_score
42.03,770,class39,0.459,0.23,DISCARD,low_score
42.03,770,class39,0.453,0.227,DISCARD,low_score
42.03,770,class72,0.411,0.206,DISCARD,low_score
42.085,771,class39,0.784,0.392,DISCARD,low_score
42.085,771,class39,0.78,0.39,DISCARD,low_score
42.085,771,class39,0.56,0.28,DISCARD,low_score
42.085,771,class39,0.506,0.253,DISCARD,low_score
42.085,771,class39,0.475,0.237,DISCARD,low_score
42.085,771,class72,0.326,0.163,DISCARD,low_score
42.14,772,class39,0.742,0.371,DISCARD,low_score
42.14,772,class39,0.74,0.37,DISCARD,low_score
42.14,772,class39,0.635,0.318,DISCARD,low_score
42.14,772,class39,0.547,0.273,DISCARD,low_score
42.14,772,class39,0.413,0.207,DISCARD,low_score
42.14,772,class72,0.27,0.135,DISCARD,low_score
42.195,773,class39,0.816,0.408,DISCARD,low_score
42.195,773,class39,0.733,0.366,DISCARD,low_score
42.195,773,class39,0.617,0.308,DISCARD,low_score
42.195,773,class39,0.556,0.278,DISCARD,low_score
42.195,773,class72,0.329,0.165,DISCARD,low_score
42.25,774,class39,0.797,0.398,DISCARD,low_score
42.25,774,class39,0.776,0.388,DISCARD,low_score
42.25,774,class39,0.73,0.365,DISCARD,low_score
42.25,774,class39,0.684,0.342,DISCARD,low_score
42.25,774,class39,0.363,0.181,DISCARD,low_score
42.304,775,class39,0.797,0.398,DISCARD,low_score
42.304,775,class39,0.763,0.382,DISCARD,low_score
42.304,775,class39,0.761,0.38,DISCARD,low_score
42.304,775,class39,0.622,0.311,DISCARD,low_score
42.36,776,class39,0.835,0.418,DISCARD,low_score
42.36,776,class39,0.793,0.397,DISCARD,low_score
42.36,776,class39,0.787,0.393,DISCARD,low_score
42.36,776,class39,0.619,0.309,DISCARD,low_score
42.415,777,class39,0.827,0.413,DISCARD,low_score
42.415,777,class39,0.804,0.402,DISCARD,low_score
42.415,777,class39,0.794,0.397,DISCARD,low_score
42.415,777,class39,0.684,0.342,DISCARD,low_score
42.47,778,class39,0.837,0.418,DISCARD,low_score
42.47,778,class39,0.829,0.414,DISCARD,low_score
42.47,778,class39,0.815,0.408,DISCARD,low_score
42.47,778,class39,0.566,0.283,DISCARD,low_score
42.524,779,class39,0.853,0.426,DISCARD,low_score
42.524,779,class39,0.807,0.403,DISCARD,low_score
42.524,779,class39,0.745,0.372,DISCARD,low_score
42.524,779,class39,0.707,0.354,DISCARD,low_score
42.579,780,class39,0.83,0.415,DISCARD,low_score
42.579,780,class39,0.813,0.406,DISCARD,low_score
42.579,780,class39,0.776,0.388,DISCARD,low_score
42.579,780,class39,0.714,0.357,DISCARD,low_score
42.579,780,class39,0.432,0.216,DISCARD,low_score
42.634,781,class39,0.868,0.434,DISCARD,low_score
42.634,781,class39,0.77,0.385,DISCARD,low_score
42.634,781,class39,0.769,0.385,DISCARD,low_score
42.634,781,class39,0.707,0.354,DISCARD,low_score
42.688,782,class39,0.867,0.434,DISCARD,low_score
42.688,782,class39,0.807,0.403,DISCARD,low_score
42.688,782,class39,0.781,0.391,DISCARD,low_score
42.688,782,class39,0.746,0.373,DISCARD,low_score
42.688,782,class39,0.252,0.126,DISCARD,low_score
42.743,783,class39,0.83,0.415,DISCARD,low_score
42.743,783,class39,0.794,0.397,DISCARD,low_score
42.743,783,class39,0.769,0.385,DISCARD,low_score
42.743,783,class39,0.686,0.343,DISCARD,low_score
42.798,784,class39,0.892,0.446,DISCARD,low_score
42.798,784,class39,0.821,0.411,DISCARD,low_score
42.798,784,class39,0.802,0.401,DISCARD,low_score
42.798,784,class39,0.644,0.322,DISCARD,low_score
42.798,784,class39,0.367,0.183,DISCARD,low_score
42.853,785,class39,0.823,0.412,DISCARD,low_score
42.853,785,class39,0.81,0.405,DISCARD,low_score
42.853,785,class39,0.802,0.401,DISCARD,low_score
42.853,785,class39,0.709,0.355,DISCARD,low_score
42.907,786,class39,0.824,0.412,DISCARD,low_score
42.907,786,class39,0.798,0.399,DISCARD,low_score
42.907,786,class39,0.788,0.394,DISCARD,low_score
42.907,786,class39,0.701,0.35,DISCARD,low_score
42.962,787,class39,0.837,0.418,DISCARD,low_score
42.962,787,class39,0.815,0.408,DISCARD,low_score
42.962,787,class39,0.793,0.397,DISCARD,low_score
42.962,787,class39,0.745,0.372,DISCARD,low_score
43.016,788,class39,0.806,0.403,DISCARD,low_score
43.016,788,class39,0.802,0.401,DISCARD,low_score
43.016,788,class39,0.799,0.4,DISCARD,low_score
43.016,788,class39,0.694,0.347,DISCARD,low_score
43.016,788,class39,0.335,0.167,DISCARD,low_score
43.071,789,class39,0.806,0.403,DISCARD,low_score
43.071,789,class39,0.742,0.371,DISCARD,low_score
43.071,789,class39,0.684,0.342,DISCARD,low_score
43.071,789,class39,0.504,0.252,DISCARD,low_score
43.071,789,class39,0.306,0.153,DISCARD,low_score
43.126,790,class39,0.814,0.407,DISCARD,low_score
43.126,790,class39,0.737,0.369,DISCARD,low_score
43.126,790,class39,0.728,0.364,DISCARD,low_score
43.126,790,class39,0.564,0.282,DISCARD,low_score
43.126,790,class39,0.302,0.151,DISCARD,low_score
43.181,791,class39,0.799,0.4,DISCARD,low_score
43.181,791,class39,0.78,0.39,DISCARD,low_score
43.181,791,class39,0.759,0.38,DISCARD,low_score
43.181,791,class39,0.587,0.293,DISCARD,low_score
43.236,792,class39,0.787,0.393,DISCARD,low_score
43.236,792,class39,0.731,0.366,DISCARD,low_score
43.236,792,class39,0.558,0.279,DISCARD,low_score
43.236,792,class39,0.529,0.265,DISCARD,low_score
43.236,792,class39,0.402,0.201,DISCARD,low_score
43.29,793,class39,0.707,0.354,DISCARD,low_score
43.29,793,class39,0.674,0.337,DISCARD,low_score
43.29,793,class39,0.434,0.217,DISCARD,low_score
43.29,793,class39,0.419,0.209,DISCARD,low_score
43.29,793,class39,0.347,0.173,DISCARD,low_score
43.345,794,class39,0.644,0.322,DISCARD,low_score
43.345,794,class39,0.525,0.263,DISCARD,low_score
43.399,795,class39,0.698,0.349,DISCARD,low_score
43.399,795,class39,0.585,0.293,DISCARD,low_score
43.399,795,class39,0.459,0.23,DISCARD,low_score
43.454,796,class39,0.776,0.388,DISCARD,low_score
43.454,796,class39,0.74,0.37,DISCARD,low_score
43.454,796,class39,0.73,0.365,DISCARD,low_score
43.454,796,class39,0.712,0.356,DISCARD,low_score
43.509,797,class39,0.766,0.383,DISCARD,low_score
43.509,797,class39,0.762,0.381,DISCARD,low_score
43.509,797,class39,0.752,0.376,DISCARD,low_score
43.509,797,class39,0.61,0.305,DISCARD,low_score
43.509,797,class39,0.432,0.216,DISCARD,low_score
43.509,797,class39,0.257,0.128,DISCARD,low_score
43.564,798,class39,0.82,0.41,DISCARD,low_score
43.564,798,class39,0.765,0.382,DISCARD,low_score
43.564,798,class39,0.709,0.355,DISCARD,low_score
43.564,798,class39,0.551,0.275,DISCARD,low_score
43.564,798,class39,0.415,0.207,DISCARD,low_score
43.564,798,class72,0.251,0.125,DISCARD,low_score
43.62,799,class39,0.81,0.405,DISCARD,low_score
43.62,799,class39,0.766,0.383,DISCARD,low_score
43.62,799,class39,0.543,0.271,DISCARD,low_score
43.62,799,class39,0.525,0.263,DISCARD,low_score
43.62,799,class72,0.4,0.2,DISCARD,low_score
43.674,800,class39,0.787,0.393,DISCARD,low_score
43.674,800,class39,0.739,0.369,DISCARD,low_score
43.674,800,class39,0.504,0.252,DISCARD,low_score
43.674,800,class39,0.502,0.251,DISCARD,low_score
43.674,800,class72,0.411,0.206,DISCARD,low_score
43.729,801,class39,0.665,0.333,DISCARD,low_score
43.729,801,class72,0.622,0.311,DISCARD,low_score
43.729,801,class39,0.587,0.293,DISCARD,low_score
43.729,801,class39,0.529,0.265,DISCARD,low_score
43.729,801,class39,0.471,0.235,DISCARD,low_score
43.784,802,class39,0.755,0.377,DISCARD,low_score
43.784,802,class56,0.335,0.168,DISCARD,low_score
43.784,802,class39,0.319,0.16,DISCARD,low_score
43.784,802,class72,0.301,0.15,DISCARD,low_score
43.839,803,class39,0.676,0.338,DISCARD,low_score
43.839,803,class56,0.459,0.23,DISCARD,low_score
43.839,803,class39,0.407,0.204,DISCARD,low_score
43.839,803,class72,0.372,0.186,DISCARD,low_score
43.839,803,class39,0.359,0.18,DISCARD,low_score
43.839,803,class39,0.342,0.171,DISCARD,low_score
43.839,803,class39,0.312,0.156,DISCARD,low_score
43.839,803,class39,0.275,0.138,DISCARD,low_score
43.839,803,class56,0.263,0.131,DISCARD,low_score
43.894,804,class56,0.683,0.341,DISCARD,low_score
43.894,804,class39,0.446,0.223,DISCARD,low_score
43.894,804,class56,0.356,0.178,DISCARD,low_score
43.894,804,class39,0.352,0.176,DISCARD,low_score
43.894,804,class39,0.333,0.166,DISCARD,low_score
43.894,804,class72,0.297,0.149,DISCARD,low_score
43.949,805,class56,0.707,0.354,DISCARD,low_score
43.949,805,class39,0.438,0.219,DISCARD,low_score
43.949,805,class39,0.285,0.142,DISCARD,low_score
43.949,805,class72,0.285,0.142,DISCARD,low_score
43.949,805,class56,0.261,0.13,DISCARD,low_score
44.004,806,class56,0.78,0.39,DISCARD,low_score
44.004,806,class72,0.398,0.199,DISCARD,low_score
44.058,807,class56,0.637,0.319,DISCARD,low_score
44.058,807,class56,0.422,0.211,DISCARD,low_score
44.058,807,class72,0.291,0.145,DISCARD,low_score
44.113,808,class56,0.726,0.363,DISCARD,low_score
44.113,808,class56,0.457,0.229,DISCARD,low_score
44.167,809,class56,0.628,0.314,DISCARD,low_score
44.167,809,class56,0.307,0.153,DISCARD,low_score
44.221,810,class56,0.839,0.419,DISCARD,low_score
44.221,810,class56,0.314,0.157,DISCARD,low_score
44.275,811,class56,0.815,0.408,DISCARD,low_score
44.275,811,class56,0.613,0.307,DISCARD,low_score
44.275,811,class26,0.424,0.212,DISCARD,low_score
44.329,812,class56,0.86,0.43,DISCARD,low_score
44.329,812,class26,0.424,0.212,DISCARD,low_score
44.329,812,class56,0.361,0.181,DISCARD,low_score
44.384,813,class56,0.931,0.465,DISCARD,bandwidth
44.384,813,class26,0.508,0.254,DISCARD,low_score
44.384,813,class56,0.311,0.155,DISCARD,low_score
44.384,813,class72,0.285,0.142,DISCARD,low_score
44.439,814,class56,0.901,0.451,DISCARD,bandwidth
44.439,814,class26,0.547,0.273,DISCARD,low_score
44.439,814,class56,0.396,0.198,DISCARD,low_score
44.493,815,class56,0.828,0.414,DISCARD,low_score
44.493,815,class56,0.551,0.275,DISCARD,low_score
44.493,815,class26,0.514,0.257,DISCARD,low_score
44.493,815,class39,0.329,0.165,DISCARD,low_score
44.548,816,class56,0.9,0.45,DISCARD,low_score
44.548,816,class56,0.502,0.251,DISCARD,low_score
44.548,816,class26,0.438,0.219,DISCARD,low_score
44.548,816,class45,0.254,0.127,DISCARD,low_score
44.602,817,class56,0.874,0.437,DISCARD,low_score
44.602,817,class26,0.492,0.246,DISCARD,low_score
44.602,817,class56,0.393,0.197,DISCARD,low_score
44.657,818,class56,0.893,0.446,DISCARD,low_score
44.657,818,class26,0.585,0.293,DISCARD,low_score
44.657,818,class56,0.467,0.233,DISCARD,low_score
44.711,819,class56,0.877,0.438,DISCARD,low_score
44.711,819,class26,0.457,0.229,DISCARD,low_score
44.711,819,class56,0.402,0.201,DISCARD,low_score
44.711,819,class28,0.343,0.172,DISCARD,low_score
44.711,819,class56,0.323,0.161,DISCARD,low_score
44.711,819,class45,0.267,0.134,DISCARD,low_score
44.766,820,class56,0.833,0.417,DISCARD,low_score
44.766,820,class56,0.585,0.293,DISCARD,low_score
44.766,820,class26,0.547,0.273,DISCARD,low_score
44.766,820,class28,0.521,0.261,DISCARD,low_score
44.766,820,class45,0.252,0.126,DISCARD,low_score
44.821,821,class56,0.849,0.424,DISCARD,low_score
44.821,821,class28,0.742,0.371,DISCARD,low_score
44.821,821,class56,0.411,0.206,DISCARD,low_score
44.821,821,class56,0.295,0.148,DISCARD,low_score
44.875,822,class56,0.781,0.391,DISCARD,low_score
44.875,822,class28,0.662,0.331,DISCARD,low_score
44.875,822,class56,0.585,0.293,DISCARD,low_score
44.929,823,class56,0.688,0.344,DISCARD,low_score
44.929,823,class56,0.585,0.293,DISCARD,low_score
44.929,823,class26,0.523,0.262,DISCARD,low_score
44.929,823,class28,0.469,0.234,DISCARD,low_score
44.984,824,class56,0.803,0.402,DISCARD,low_score
44.984,824,class28,0.667,0.334,DISCARD,low_score
44.984,824,class72,0.359,0.18,DISCARD,low_score
44.984,824,class60,0.334,0.167,DISCARD,low_score
44.984,824,class56,0.285,0.143,DISCARD,low_score
45.041,825,class56,0.773,0.387,DISCARD,low_score
45.041,825,class28,0.707,0.354,DISCARD,low_score
45.041,825,class72,0.4,0.2,DISCARD,low_score
45.041,825,class60,0.265,0.133,DISCARD,low_score
45.096,826,class56,0.743,0.372,DISCARD,low_score
45.096,826,class28,0.523,0.262,DISCARD,low_score
45.096,826,class26,0.469,0.234,DISCARD,low_score
45.096,826,class72,0.404,0.202,DISCARD,low_score
45.15,827,class56,0.725,0.362,DISCARD,low_score
45.15,827,class28,0.628,0.314,DISCARD,low_score
45.15,827,class26,0.459,0.23,DISCARD,low_score
45.204,828,class56,0.686,0.343,DISCARD,low_score
45.204,828,class28,0.684,0.342,DISCARD,low_score
45.204,828,class26,0.469,0.234,DISCARD,low_score
45.204,828,class45,0.409,0.205,DISCARD,low_score
45.204,828,class72,0.328,0.164,DISCARD,low_score
45.259,829,class28,0.756,0.378,DISCARD,low_score
45.259,829,class56,0.61,0.305,DISCARD,low_score
45.259,829,class72,0.394,0.197,DISCARD,low_score
45.259,829,class45,0.278,0.139,DISCARD,low_score
45.313,830,class28,0.734,0.367,DISCARD,low_score
45.313,830,class56,0.43,0.215,DISCARD,low_score
45.313,830,class72,0.306,0.153,DISCARD,low_score
45.368,831,class28,0.72,0.36,DISCARD,low_score
45.368,831,class72,0.51,0.255,DISCARD,low_score
45.434,832,class28,0.686,0.343,DISCARD,low_score
45.434,832,class72,0.549,0.274,DISCARD,low_score
45.489,833,class28,0.479,0.239,DISCARD,low_score
45.489,833,class26,0.451,0.226,DISCARD,low_score
45.489,833,class56,0.288,0.144,DISCARD,low_score
45.489,833,class72,0.252,0.126,DISCARD,low_score
45.544,834,class56,0.516,0.258,DISCARD,low_score
45.544,834,class26,0.506,0.253,DISCARD,low_score
45.544,834,class28,0.444,0.222,DISCARD,low_score
45.598,835,class28,0.644,0.322,DISCARD,low_score
45.598,835,class56,0.577,0.289,DISCARD,low_score
45.598,835,class26,0.415,0.207,DISCARD,low_score
45.652,836,class56,0.644,0.322,DISCARD,low_score
45.652,836,class28,0.633,0.317,DISCARD,low_score
45.706,837,class56,0.756,0.378,DISCARD,low_score
45.706,837,class28,0.512,0.256,DISCARD,low_score
45.706,837,class26,0.345,0.173,DISCARD,low_score
45.761,838,class56,0.838,0.419,DISCARD,low_score
45.761,838,class26,0.465,0.232,DISCARD,low_score
45.761,838,class60,0.402,0.201,DISCARD,low_score
45.761,838,class28,0.262,0.131,DISCARD,low_score
45.815,839,class56,0.84,0.42,DISCARD,low_score
45.815,839,class26,0.566,0.283,DISCARD,low_score
45.815,839,class60,0.305,0.152,DISCARD,low_score
45.815,839,class56,0.281,0.14,DISCARD,low_score
45.87,840,class56,0.877,0.438,DISCARD,low_score
45.87,840,class28,0.622,0.311,DISCARD,low_score
45.924,841,class56,0.733,0.366,DISCARD,low_score
45.924,841,class28,0.632,0.316,DISCARD,low_score
45.978,842,class56,0.897,0.448,DISCARD,low_score
45.978,842,class28,0.269,0.134,DISCARD,low_score
46.032,843,class56,0.875,0.437,DISCARD,low_score
46.032,843,class26,0.428,0.214,DISCARD,low_score
46.086,844,class56,0.901,0.451,DISCARD,bandwidth
46.086,844,class56,0.37,0.185,DISCARD,low_score
46.086,844,class26,0.324,0.162,DISCARD,low_score
46.086,844,class56,0.319,0.16,DISCARD,low_score
46.14,845,class56,0.874,0.437,DISCARD,low_score
46.14,845,class26,0.533,0.267,DISCARD,low_score
46.14,845,class56,0.486,0.243,DISCARD,low_score
46.14,845,class56,0.281,0.141,DISCARD,low_score
46.195,846,class56,0.908,0.454,DISCARD,bandwidth
46.195,846,class26,0.502,0.251,DISCARD,low_score
46.195,846,class0,0.439,0.219,DISCARD,low_score
46.195,846,class56,0.273,0.136,DISCARD,low_score
46.195,846,class28,0.26,0.13,DISCARD,low_score
46.25,847,class56,0.855,0.427,DISCARD,low_score
46.25,847,class28,0.423,0.211,DISCARD,low_score
46.304,848,class56,0.871,0.435,DISCARD,low_score
46.304,848,class28,0.516,0.258,DISCARD,low_score
46.358,849,class56,0.78,0.39,DISCARD,low_score
46.358,849,class28,0.585,0.293,DISCARD,low_score
46.358,849,class72,0.289,0.145,DISCARD,low_score
46.415,850,class56,0.818,0.409,DISCARD,low_score
46.469,851,class56,0.818,0.409,DISCARD,low_score
46.523,852,class56,0.595,0.297,DISCARD,low_score
46.577,853,class56,0.773,0.387,DISCARD,low_score
46.631,854,class56,0.789,0.395,DISCARD,low_score
46.631,854,class56,0.284,0.142,DISCARD,low_score
46.685,855,class56,0.815,0.408,DISCARD,low_score
46.685,855,class62,0.392,0.196,DISCARD,low_score
46.739,856,class56,0.784,0.392,DISCARD,low_score
46.793,857,class56,0.731,0.366,DISCARD,low_score
46.847,858,class56,0.453,0.227,DISCARD,low_score
46.901,859,class62,0.302,0.151,DISCARD,low_score
46.901,859,class56,0.286,0.143,DISCARD,low_score
46.955,860,class56,0.381,0.191,DISCARD,low_score
47.164,864,class62,0.277,0.138,DISCARD,low_score
47.269,866,class71,0.314,0.157,DISCARD,low_score
47.269,866,class58,0.307,0.154,DISCARD,low_score
47.324,867,class62,0.304,0.152,DISCARD,low_score
47.324,867,class62,0.296,0.148,DISCARD,low_score
47.378,868,class56,0.271,0.136,DISCARD,low_score
47.432,869,class56,0.615,0.308,DISCARD,low_score
47.486,870,class56,0.398,0.199,DISCARD,low_score
47.54,871,class71,0.261,0.131,DISCARD,low_score
47.698,874,class71,0.323,0.161,DISCARD,low_score
47.857,877,class0,0.299,0.15,DISCARD,low_score
48.168,883,class56,0.274,0.137,DISCARD,low_score
48.222,884,class0,0.639,0.319,DISCARD,low_score
48.275,885,class0,0.286,0.143,DISCARD,low_score
48.382,887,class61,0.421,0.21,DISCARD,low_score
48.436,888,class61,0.333,0.166,DISCARD,low_score
48.542,890,class72,0.428,0.214,DISCARD,low_score
48.542,890,class72,0.299,0.15,DISCARD,low_score
48.596,891,class72,0.502,0.251,DISCARD,low_score
48.702,893,class72,0.644,0.322,DISCARD,low_score
48.807,895,class72,0.323,0.161,DISCARD,low_score
48.861,896,class72,0.451,0.226,DISCARD,low_score
48.915,897,class72,0.554,0.277,DISCARD,low_score
48.969,898,class61,0.396,0.198,DISCARD,low_score
49.022,899,class61,0.324,0.162,DISCARD,low_score
49.076,900,class61,0.683,0.341,DISCARD,low_score
49.13,901,class61,0.39,0.195,DISCARD,low_score
49.185,902,class61,0.529,0.265,DISCARD,low_score
49.239,903,class61,0.361,0.181,DISCARD,low_score
49.293,904,class61,0.539,0.269,DISCARD,low_score
49.399,906,class0,0.582,0.291,DISCARD,low_score
50.02,918,class73,0.639,0.319,DISCARD,low_score
50.02,918,class41,0.385,0.192,DISCARD,low_score
50.074,919,class41,0.531,0.266,DISCARD,low_score
50.128,920,class41,0.317,0.159,DISCARD,low_score
50.128,920,class60,0.265,0.133,DISCARD,low_score
50.182,921,class41,0.812,0.406,DISCARD,low_score
50.182,921,class60,0.316,0.158,DISCARD,low_score
50.236,922,class41,0.77,0.385,DISCARD,low_score
50.236,922,class60,0.414,0.207,DISCARD,low_score
50.236,922,class67,0.28,0.14,DISCARD,low_score
50.29,923,class41,0.677,0.339,DISCARD,low_score
50.29,923,class60,0.339,0.169,DISCARD,low_score
50.29,923,class67,0.293,0.146,DISCARD,low_score
50.344,924,class41,0.479,0.239,DISCARD,low_score
50.398,925,class41,0.48,0.24,DISCARD,low_score
50.398,925,class60,0.299,0.15,DISCARD,low_score
50.398,925,class73,0.255,0.128,DISCARD,low_score
50.467,926,class41,0.553,0.276,DISCARD,low_score
50.521,927,class41,0.665,0.333,DISCARD,low_score
50.521,927,class73,0.4,0.2,DISCARD,low_score
50.577,928,class41,0.385,0.192,DISCARD,low_score
50.577,928,class60,0.272,0.136,DISCARD,low_score
50.631,929,class41,0.294,0.147,DISCARD,low_score
50.685,930,class41,0.527,0.264,DISCARD,low_score
50.685,930,class73,0.409,0.205,DISCARD,low_score
50.685,930,class41,0.286,0.143,DISCARD,low_score
50.739,931,class73,0.432,0.216,DISCARD,low_score
50.739,931,class73,0.363,0.181,DISCARD,low_score
50.739,931,class41,0.354,0.177,DISCARD,low_score
50.739,931,class73,0.302,0.151,DISCARD,low_score
50.739,931,class75,0.267,0.134,DISCARD,low_score
50.794,932,class73,0.402,0.201,DISCARD,low_score
50.794,932,class56,0.329,0.164,DISCARD,low_score
50.848,933,class73,0.404,0.202,DISCARD,low_score
50.848,933,class73,0.379,0.19,DISCARD,low_score
50.902,934,class73,0.394,0.197,DISCARD,low_score
50.902,934,class41,0.374,0.187,DISCARD,low_score
50.902,934,class56,0.323,0.162,DISCARD,low_score
50.957,935,class56,0.529,0.265,DISCARD,low_score
50.957,935,class73,0.484,0.242,DISCARD,low_score
50.957,935,class71,0.27,0.135,DISCARD,low_score
51.011,936,class41,0.508,0.254,DISCARD,low_score
51.011,936,class41,0.447,0.224,DISCARD,low_score
51.011,936,class73,0.368,0.184,DISCARD,low_score
51.011,936,class73,0.277,0.138,DISCARD,low_score
51.066,937,class73,0.551,0.275,DISCARD,low_score
51.066,937,class41,0.336,0.168,DISCARD,low_score
51.066,937,class71,0.28,0.14,DISCARD,low_score
51.121,938,class41,0.701,0.35,DISCARD,low_score
51.121,938,class56,0.595,0.297,DISCARD,low_score
51.121,938,class73,0.504,0.252,DISCARD,low_score
51.121,938,class71,0.5,0.25,DISCARD,low_score
51.121,938,class41,0.409,0.205,DISCARD,low_score
51.176,939,class71,0.665,0.333,DISCARD,low_score
51.176,939,class73,0.338,0.169,DISCARD,low_score
51.176,939,class39,0.261,0.131,DISCARD,low_score
51.176,939,class56,0.25,0.125,DISCARD,low_score
51.23,940,class71,0.671,0.335,DISCARD,low_score
51.23,940,class39,0.545,0.272,DISCARD,low_score
51.23,940,class41,0.545,0.272,DISCARD,low_score
51.23,940,class73,0.446,0.223,DISCARD,low_score
51.23,940,class73,0.338,0.169,DISCARD,low_score
51.23,940,class39,0.321,0.16,DISCARD,low_score
51.285,941,class73,0.655,0.327,DISCARD,low_score
51.285,941,class39,0.453,0.227,DISCARD,low_score
51.285,941,class41,0.426,0.213,DISCARD,low_score
51.285,941,class73,0.413,0.207,DISCARD,low_score
51.285,941,class71,0.394,0.197,DISCARD,low_score
51.285,941,class73,0.311,0.155,DISCARD,low_score
51.285,941,class60,0.289,0.144,DISCARD,low_score
51.285,941,class71,0.283,0.141,DISCARD,low_score
51.341,942,class73,0.615,0.308,DISCARD,low_score
51.341,942,class71,0.349,0.174,DISCARD,low_score
51.341,942,class39,0.349,0.174,DISCARD,low_score
51.341,942,class71,0.331,0.166,DISCARD,low_score
51.341,942,class39,0.28,0.14,DISCARD,low_score
51.395,943,class71,0.529,0.265,DISCARD,low_score
51.395,943,class73,0.434,0.217,DISCARD,low_score
51.395,943,class73,0.264,0.132,DISCARD,low_score
51.395,943,class41,0.254,0.127,DISCARD,low_score
51.45,944,class71,0.671,0.335,DISCARD,low_score
51.45,944,class39,0.484,0.242,DISCARD,low_score
51.45,944,class56,0.469,0.234,DISCARD,low_score
51.45,944,class56,0.42,0.21,DISCARD,low_score
51.45,944,class73,0.372,0.186,DISCARD,low_score
51.45,944,class73,0.297,0.148,DISCARD,low_score
51.505,945,class71,0.779,0.389,DISCARD,low_score
51.505,945,class39,0.484,0.242,DISCARD,low_score
51.505,945,class39,0.417,0.208,DISCARD,low_score
51.505,945,class73,0.37,0.185,DISCARD,low_score
51.505,945,class60,0.311,0.155,DISCARD,low_score
51.505,945,class41,0.289,0.145,DISCARD,low_score
51.56,946,class71,0.734,0.367,DISCARD,low_score
51.614,947,class71,0.602,0.301,DISCARD,low_score
51.614,947,class41,0.554,0.277,DISCARD,low_score
51.614,947,class39,0.463,0.231,DISCARD,low_score
51.614,947,class71,0.338,0.169,DISCARD,low_score
51.614,947,class39,0.281,0.141,DISCARD,low_score
51.614,947,class73,0.264,0.132,DISCARD,low_score
51.669,948,class71,0.558,0.279,DISCARD,low_score
51.669,948,class73,0.461,0.231,DISCARD,low_score
51.669,948,class41,0.423,0.211,DISCARD,low_score
51.669,948,class39,0.404,0.202,DISCARD,low_score
51.669,948,class41,0.361,0.181,DISCARD,low_score
51.669,948,class71,0.345,0.173,DISCARD,low_score
51.669,948,class39,0.283,0.141,DISCARD,low_score
51.724,949,class71,0.591,0.295,DISCARD,low_score
51.724,949,class41,0.405,0.203,DISCARD,low_score
51.724,949,class73,0.374,0.187,DISCARD,low_score
51.778,950,class73,0.396,0.198,DISCARD,low_score
51.778,950,class39,0.306,0.153,DISCARD,low_score
51.778,950,class41,0.302,0.151,DISCARD,low_score
51.833,951,class73,0.424,0.212,DISCARD,low_score
51.833,951,class73,0.331,0.166,DISCARD,low_score
51.94,953,class41,0.415,0.207,DISCARD,low_score
51.994,954,class41,0.34,0.17,DISCARD,low_score
51.994,954,class56,0.327,0.163,DISCARD,low_score
52.048,955,class41,0.473,0.236,DISCARD,low_score
52.048,955,class56,0.39,0.195,DISCARD,low_score
52.048,955,class56,0.353,0.177,DISCARD,low_score
52.048,955,class73,0.326,0.163,DISCARD,low_score
52.103,956,class41,0.392,0.196,DISCARD,low_score
52.103,956,class56,0.347,0.173,DISCARD,low_score
52.103,956,class56,0.342,0.171,DISCARD,low_score
52.103,956,class60,0.316,0.158,DISCARD,low_score
52.103,956,class73,0.294,0.147,DISCARD,low_score
52.157,957,class56,0.81,0.405,DISCARD,low_score
52.157,957,class73,0.447,0.224,DISCARD,low_score
52.157,957,class60,0.379,0.19,DISCARD,low_score
52.157,957,class73,0.367,0.183,DISCARD,low_score
52.212,958,class56,0.843,0.421,DISCARD,low_score
52.212,958,class60,0.404,0.202,DISCARD,low_score
52.212,958,class41,0.347,0.173,DISCARD,low_score
52.212,958,class73,0.336,0.168,DISCARD,low_score
52.212,958,class73,0.301,0.15,DISCARD,low_score
52.212,958,class73,0.28,0.14,DISCARD,low_score
52.267,959,class56,0.73,0.365,DISCARD,low_score
52.267,959,class41,0.446,0.223,DISCARD,low_score
52.267,959,class73,0.326,0.163,DISCARD,low_score
52.321,960,class56,0.912,0.456,DISCARD,bandwidth
52.321,960,class41,0.624,0.312,DISCARD,low_score
52.321,960,class60,0.521,0.261,DISCARD,low_score
52.375,961,class56,0.849,0.424,DISCARD,low_score
52.375,961,class41,0.681,0.34,DISCARD,low_score
52.375,961,class60,0.625,0.313,DISCARD,low_score
52.43,962,class56,0.82,0.41,DISCARD,low_score
52.43,962,class41,0.66,0.33,DISCARD,low_score
52.43,962,class60,0.42,0.21,DISCARD,low_score
52.484,963,class56,0.877,0.438,DISCARD,low_score
52.484,963,class60,0.724,0.362,DISCARD,low_score
52.484,963,class41,0.272,0.136,DISCARD,low_score
52.484,963,class56,0.259,0.13,DISCARD,low_score
52.539,964,class56,0.823,0.412,DISCARD,low_score
52.539,964,class60,0.612,0.306,DISCARD,low_score
52.539,964,class45,0.269,0.134,DISCARD,low_score
52.593,965,class56,0.892,0.446,DISCARD,low_score
52.593,965,class60,0.705,0.352,DISCARD,low_score
52.647,966,class56,0.901,0.45,DISCARD,bandwidth
52.647,966,class60,0.697,0.348,DISCARD,low_score
52.647,966,class41,0.492,0.246,DISCARD,low_score
52.702,967,class56,0.924,0.462,DISCARD,bandwidth
52.702,967,class60,0.73,0.365,DISCARD,low_score
52.702,967,class41,0.407,0.204,DISCARD,low_score
52.756,968,class56,0.911,0.455,DISCARD,bandwidth
52.756,968,class60,0.736,0.368,DISCARD,low_score
52.756,968,class41,0.667,0.334,DISCARD,low_score
52.756,968,class41,0.43,0.215,DISCARD,low_score
52.811,969,class56,0.89,0.445,DISCARD,low_score
52.811,969,class60,0.693,0.346,DISCARD,low_score
52.811,969,class41,0.672,0.336,DISCARD,low_score
52.865,970,class56,0.742,0.371,DISCARD,low_score
52.865,970,class60,0.537,0.269,DISCARD,low_score
52.865,970,class41,0.335,0.167,DISCARD,low_score
52.92,971,class56,0.789,0.395,DISCARD,low_score
52.92,971,class60,0.679,0.34,DISCARD,low_score
52.92,971,class56,0.301,0.15,DISCARD,low_score
52.974,972,class56,0.822,0.411,DISCARD,low_score
52.974,972,class60,0.602,0.301,DISCARD,low_score
53.028,973,class56,0.83,0.415,DISCARD,low_score
53.028,973,class60,0.547,0.273,DISCARD,low_score
53.083,974,class56,0.838,0.419,DISCARD,low_score
53.083,974,class60,0.511,0.255,DISCARD,low_score
53.083,974,class41,0.275,0.138,DISCARD,low_score
53.083,974,class56,0.254,0.127,DISCARD,low_score
53.137,975,class56,0.875,0.437,DISCARD,low_score
53.137,975,class60,0.706,0.353,DISCARD,low_score
53.137,975,class56,0.308,0.154,DISCARD,low_score
53.191,976,class56,0.863,0.432,DISCARD,low_score
53.191,976,class60,0.539,0.269,DISCARD,low_score
53.191,976,class41,0.535,0.268,DISCARD,low_score
53.191,976,class60,0.31,0.155,DISCARD,low_score
53.245,977,class56,0.742,0.371,DISCARD,low_score
53.245,977,class60,0.616,0.308,DISCARD,low_score
53.245,977,class41,0.365,0.182,DISCARD,low_score
53.302,978,class56,0.698,0.349,DISCARD,low_score
53.302,978,class60,0.54,0.27,DISCARD,low_score
53.356,979,class56,0.855,0.427,DISCARD,low_score
53.356,979,class60,0.533,0.267,DISCARD,low_score
53.356,979,class56,0.346,0.173,DISCARD,low_score
53.411,980,class56,0.329,0.165,DISCARD,low_score
53.465,981,class56,0.482,0.241,DISCARD,low_score
53.465,981,class73,0.356,0.178,DISCARD,low_score
53.465,981,class60,0.353,0.177,DISCARD,low_score
53.519,982,class60,0.439,0.219,DISCARD,low_score
53.519,982,class56,0.412,0.206,DISCARD,low_score
53.519,982,class56,0.388,0.194,DISCARD,low_score
53.573,983,class56,0.541,0.27,DISCARD,low_score
53.573,983,class73,0.405,0.203,DISCARD,low_score
53.627,984,class56,0.539,0.269,DISCARD,low_score
53.627,984,class59,0.497,0.249,DISCARD,low_score
53.627,984,class56,0.48,0.24,DISCARD,low_score
53.627,984,class60,0.293,0.146,DISCARD,low_score
53.682,985,class56,0.701,0.35,DISCARD,low_score
53.682,985,class59,0.597,0.299,DISCARD,low_score
53.682,985,class56,0.451,0.226,DISCARD,low_score
53.682,985,class60,0.388,0.194,DISCARD,low_score
53.736,986,class59,0.642,0.321,DISCARD,low_score
53.736,986,class56,0.543,0.271,DISCARD,low_score
53.736,986,class60,0.285,0.142,DISCARD,low_score
53.79,987,class56,0.479,0.239,DISCARD,low_score
53.79,987,class56,0.449,0.225,DISCARD,low_score
53.79,987,class59,0.442,0.221,DISCARD,low_score
53.79,987,class60,0.369,0.185,DISCARD,low_score
53.845,988,class56,0.577,0.289,DISCARD,low_score
53.845,988,class56,0.4,0.2,DISCARD,low_score
53.845,988,class60,0.34,0.17,DISCARD,low_score
53.845,988,class73,0.255,0.128,DISCARD,low_score
53.899,989,class56,0.804,0.402,DISCARD,low_score
53.899,989,class60,0.569,0.284,DISCARD,low_score
53.899,989,class73,0.289,0.145,DISCARD,low_score
53.899,989,class59,0.255,0.128,DISCARD,low_score
53.954,990,class56,0.803,0.402,DISCARD,low_score
53.954,990,class60,0.556,0.278,DISCARD,low_score
53.954,990,class73,0.442,0.221,DISCARD,low_score
53.954,990,class56,0.267,0.133,DISCARD,low_score
54.008,991,class56,0.684,0.342,DISCARD,low_score
54.008,991,class73,0.356,0.178,DISCARD,low_score
54.008,991,class73,0.258,0.129,DISCARD,low_score
54.063,992,class59,0.434,0.217,DISCARD,low_score
54.063,992,class56,0.43,0.215,DISCARD,low_score
54.063,992,class73,0.378,0.189,DISCARD,low_score
54.063,992,class73,0.266,0.133,DISCARD,low_score
54.117,993,class59,0.495,0.248,DISCARD,low_score
54.117,993,class73,0.296,0.148,DISCARD,low_score
54.117,993,class73,0.26,0.13,DISCARD,low_score
54.171,994,class73,0.312,0.156,DISCARD,low_score
54.171,994,class59,0.291,0.145,DISCARD,low_score
54.171,994,class73,0.285,0.142,DISCARD,low_score
54.225,995,class73,0.321,0.16,DISCARD,low_score
54.225,995,class59,0.317,0.159,DISCARD,low_score
54.225,995,class60,0.262,0.131,DISCARD,low_score
54.28,996,class73,0.323,0.161,DISCARD,low_score
54.28,996,class59,0.27,0.135,DISCARD,low_score
54.335,997,class73,0.286,0.143,DISCARD,low_score
54.335,997,class59,0.269,0.134,DISCARD,low_score
54.335,997,class60,0.253,0.127,DISCARD,low_score
54.389,998,class73,0.342,0.171,DISCARD,low_score
54.389,998,class73,0.335,0.167,DISCARD,low_score
54.443,999,class73,0.446,0.223,DISCARD,low_score
54.443,999,class73,0.372,0.186,DISCARD,low_score
54.497,1000,class73,0.469,0.234,DISCARD,low_score
54.603,1002,class73,0.52,0.26,DISCARD,low_score
54.657,1003,class73,0.558,0.279,DISCARD,low_score
54.713,1004,class73,0.525,0.263,DISCARD,low_score
54.713,1004,class59,0.404,0.202,DISCARD,low_score
54.767,1005,class73,0.415,0.207,DISCARD,low_score
54.821,1006,class73,0.504,0.252,DISCARD,low_score
54.821,1006,class73,0.419,0.209,DISCARD,low_score
54.821,1006,class72,0.367,0.183,DISCARD,low_score
54.821,1006,class73,0.324,0.162,DISCARD,low_score
54.821,1006,class59,0.271,0.136,DISCARD,low_score
54.875,1007,class73,0.583,0.292,DISCARD,low_score
54.875,1007,class72,0.475,0.237,DISCARD,low_score
54.875,1007,class16,0.368,0.184,DISCARD,low_score
54.875,1007,class71,0.367,0.183,DISCARD,low_score
54.875,1007,class73,0.361,0.181,DISCARD,low_score
54.93,1008,class71,0.455,0.228,DISCARD,low_score
54.93,1008,class73,0.389,0.194,DISCARD,low_score
54.93,1008,class72,0.37,0.185,DISCARD,low_score
54.93,1008,class73,0.266,0.133,DISCARD,low_score
54.985,1009,class71,0.523,0.262,DISCARD,low_score
54.985,1009,class73,0.404,0.202,DISCARD,low_score
54.985,1009,class72,0.392,0.196,DISCARD,low_score
54.985,1009,class71,0.291,0.145,DISCARD,low_score
54.985,1009,class73,0.251,0.125,DISCARD,low_score
55.04,1010,class71,0.832,0.416,DISCARD,low_score
55.04,1010,class72,0.383,0.192,DISCARD,low_score
55.04,1010,class73,0.331,0.166,DISCARD,low_score
55.04,1010,class73,0.329,0.165,DISCARD,low_score
55.04,1010,class73,0.278,0.139,DISCARD,low_score
55.094,1011,class71,0.809,0.405,DISCARD,low_score
55.094,1011,class72,0.57,0.285,DISCARD,low_score
55.094,1011,class73,0.471,0.235,DISCARD,low_score
55.094,1011,class41,0.387,0.193,DISCARD,low_score
55.094,1011,class73,0.289,0.145,DISCARD,low_score
55.149,1012,class71,0.793,0.397,DISCARD,low_score
55.149,1012,class72,0.554,0.277,DISCARD,low_score
55.149,1012,class73,0.479,0.239,DISCARD,low_score
55.149,1012,class72,0.294,0.147,DISCARD,low_score
55.149,1012,class39,0.278,0.139,DISCARD,low_score
55.149,1012,class73,0.266,0.133,DISCARD,low_score
55.204,1013,class71,0.804,0.402,DISCARD,low_score
55.204,1013,class39,0.657,0.328,DISCARD,low_score
55.204,1013,class73,0.372,0.186,DISCARD,low_score
55.204,1013,class73,0.309,0.155,DISCARD,low_score
55.204,1013,class69,0.294,0.147,DISCARD,low_score
55.259,1014,class71,0.812,0.406,DISCARD,low_score
55.259,1014,class39,0.646,0.323,DISCARD,low_score
55.259,1014,class73,0.48,0.24,DISCARD,low_score
55.259,1014,class73,0.267,0.134,DISCARD,low_score
55.259,1014,class69,0.254,0.127,DISCARD,low_score
55.313,1015,class71,0.797,0.398,DISCARD,low_score
55.313,1015,class39,0.745,0.372,DISCARD,low_score
55.313,1015,class73,0.34,0.17,DISCARD,low_score
55.368,1016,class71,0.819,0.409,DISCARD,low_score
55.368,1016,class39,0.751,0.375,DISCARD,low_score
55.368,1016,class73,0.288,0.144,DISCARD,low_score
55.368,1016,class73,0.275,0.138,DISCARD,low_score
55.368,1016,class69,0.255,0.128,DISCARD,low_score
55.423,1017,class39,0.779,0.389,DISCARD,low_score
55.423,1017,class71,0.749,0.375,DISCARD,low_score
55.423,1017,class73,0.389,0.194,DISCARD,low_score
55.489,1018,class71,0.846,0.423,DISCARD,low_score
55.489,1018,class39,0.63,0.315,DISCARD,low_score
55.489,1018,class69,0.365,0.182,DISCARD,low_score
55.489,1018,class73,0.286,0.143,DISCARD,low_score
55.489,1018,class72,0.285,0.142,DISCARD,low_score
55.544,1019,class71,0.861,0.43,DISCARD,low_score
55.544,1019,class39,0.564,0.282,DISCARD,low_score
55.544,1019,class69,0.417,0.208,DISCARD,low_score
55.544,1019,class72,0.28,0.14,DISCARD,low_score
55.598,1020,class71,0.763,0.382,DISCARD,low_score
55.598,1020,class39,0.473,0.236,DISCARD,low_score
55.598,1020,class69,0.389,0.194,DISCARD,low_score
55.653,1021,class71,0.765,0.382,DISCARD,low_score
55.653,1021,class71,0.251,0.125,DISCARD,low_score
55.719,1022,class71,0.772,0.386,DISCARD,low_score
55.773,1023,class71,0.658,0.329,DISCARD,low_score
55.773,1023,class71,0.446,0.223,DISCARD,low_score
55.773,1023,class39,0.417,0.208,DISCARD,low_score
55.773,1023,class71,0.309,0.155,DISCARD,low_score
55.827,1024,class71,0.816,0.408,DISCARD,low_score
55.827,1024,class39,0.583,0.292,DISCARD,low_score
55.827,1024,class39,0.417,0.208,DISCARD,low_score
55.882,1025,class71,0.779,0.389,DISCARD,low_score
55.882,1025,class71,0.274,0.137,DISCARD,low_score
55.936,1026,class71,0.775,0.387,DISCARD,low_score
55.936,1026,class39,0.333,0.166,DISCARD,low_score
55.99,1027,class71,0.814,0.407,DISCARD,low_score
55.99,1027,class39,0.558,0.279,DISCARD,low_score
56.044,1028,class71,0.831,0.416,DISCARD,low_score
56.044,1028,class39,0.525,0.263,DISCARD,low_score
56.044,1028,class56,0.482,0.241,DISCARD,low_score
56.1,1029,class71,0.838,0.419,DISCARD,low_score
56.1,1029,class39,0.613,0.307,DISCARD,low_score
56.154,1030,class71,0.809,0.405,DISCARD,low_score
56.154,1030,class56,0.479,0.239,DISCARD,low_score
56.154,1030,class39,0.378,0.189,DISCARD,low_score
56.208,1031,class71,0.853,0.426,DISCARD,low_score
56.208,1031,class2,0.405,0.203,DISCARD,low_score
56.208,1031,class39,0.383,0.192,DISCARD,low_score
56.208,1031,class2,0.317,0.159,DISCARD,low_score
56.208,1031,class56,0.26,0.13,DISCARD,low_score
56.263,1032,class71,0.862,0.431,DISCARD,low_score
56.263,1032,class2,0.541,0.27,DISCARD,low_score
56.263,1032,class39,0.383,0.192,DISCARD,low_score
56.263,1032,class2,0.301,0.15,DISCARD,low_score
56.318,1033,class71,0.891,0.446,DISCARD,low_score
56.318,1033,class39,0.398,0.199,DISCARD,low_score
56.318,1033,class2,0.336,0.168,DISCARD,low_score
56.372,1034,class71,0.853,0.426,DISCARD,low_score
56.372,1034,class39,0.367,0.183,DISCARD,low_score
56.427,1035,class71,0.848,0.424,DISCARD,low_score
56.427,1035,class2,0.323,0.161,DISCARD,low_score
56.481,1036,class71,0.905,0.452,KEEP,priority+bandwidth_ok
56.534,1037,class71,0.816,0.408,DISCARD,low_score
56.588,1038,class71,0.852,0.426,DISCARD,low_score
56.642,1039,class71,0.87,0.435,DISCARD,low_score
56.697,1040,class71,0.621,0.31,DISCARD,low_score
56.697,1040,class71,0.447,0.224,DISCARD,low_score
56.752,1041,class71,0.776,0.388,DISCARD,low_score
56.752,1041,class72,0.518,0.259,DISCARD,low_score
56.752,1041,class71,0.289,0.145,DISCARD,low_score
56.807,1042,class71,0.644,0.322,DISCARD,low_score
56.807,1042,class72,0.572,0.286,DISCARD,low_score
56.807,1042,class71,0.291,0.145,DISCARD,low_score
56.861,1043,class72,0.642,0.321,DISCARD,low_score
56.861,1043,class71,0.593,0.296,DISCARD,low_score
56.861,1043,class71,0.378,0.189,DISCARD,low_score
56.861,1043,class71,0.294,0.147,DISCARD,low_score
56.915,1044,class72,0.796,0.398,DISCARD,low_score
56.915,1044,class71,0.473,0.236,DISCARD,low_score
56.915,1044,class71,0.329,0.165,DISCARD,low_score
56.915,1044,class72,0.326,0.163,DISCARD,low_score
56.97,1045,class72,0.859,0.429,DISCARD,low_score
56.97,1045,class71,0.822,0.411,DISCARD,low_score
56.97,1045,class71,0.299,0.15,DISCARD,low_score
57.024,1046,class72,0.807,0.403,DISCARD,low_score
57.024,1046,class71,0.615,0.308,DISCARD,low_score
57.024,1046,class69,0.274,0.137,DISCARD,low_score
57.079,1047,class72,0.809,0.405,DISCARD,low_score
57.079,1047,class71,0.637,0.319,DISCARD,low_score
57.133,1048,class71,0.866,0.433,DISCARD,low_score
57.133,1048,class72,0.787,0.393,DISCARD,low_score
57.186,1049,class71,0.923,0.462,KEEP,priority+bandwidth_ok
57.186,1049,class72,0.664,0.332,DISCARD,low_score
57.186,1049,class69,0.314,0.157,DISCARD,low_score
57.186,1049,class56,0.259,0.13,DISCARD,low_score
57.241,1050,class71,0.858,0.429,DISCARD,low_score
57.241,1050,class72,0.83,0.415,DISCARD,low_score
57.295,1051,class71,0.781,0.391,DISCARD,low_score
57.295,1051,class72,0.698,0.349,DISCARD,low_score
57.36,1052,class71,0.707,0.354,DISCARD,low_score
57.36,1052,class72,0.644,0.322,DISCARD,low_score
57.414,1053,class72,0.859,0.429,DISCARD,low_score
57.414,1053,class71,0.413,0.207,DISCARD,low_score
57.414,1053,class68,0.37,0.185,DISCARD,low_score
57.471,1054,class72,0.742,0.371,DISCARD,low_score
57.525,1055,class72,0.784,0.392,DISCARD,low_score
57.525,1055,class68,0.281,0.141,DISCARD,low_score
57.579,1056,class72,0.769,0.385,DISCARD,low_score
57.579,1056,class56,0.359,0.18,DISCARD,low_score
57.579,1056,class71,0.252,0.126,DISCARD,low_score
57.634,1057,class72,0.787,0.393,DISCARD,low_score
57.688,1058,class72,0.785,0.393,DISCARD,low_score
57.688,1058,class71,0.34,0.17,DISCARD,low_score
57.688,1058,class71,0.336,0.168,DISCARD,low_score
57.743,1059,class72,0.816,0.408,DISCARD,low_score
57.743,1059,class39,0.283,0.141,DISCARD,low_score
57.743,1059,class68,0.258,0.129,DISCARD,low_score
57.797,1060,class72,0.72,0.36,DISCARD,low_score
57.797,1060,class68,0.496,0.248,DISCARD,low_score
57.797,1060,class56,0.342,0.171,DISCARD,low_score
57.797,1060,class39,0.274,0.137,DISCARD,low_score
57.852,1061,class72,0.759,0.38,DISCARD,low_score
57.852,1061,class56,0.405,0.203,DISCARD,low_score
57.852,1061,class68,0.354,0.177,DISCARD,low_score
57.852,1061,class39,0.252,0.126,DISCARD,low_score
57.908,1062,class72,0.624,0.312,DISCARD,low_score
57.908,1062,class68,0.326,0.163,DISCARD,low_score
57.908,1062,class39,0.277,0.138,DISCARD,low_score
57.963,1063,class72,0.543,0.271,DISCARD,low_score
57.963,1063,class56,0.419,0.209,DISCARD,low_score
57.963,1063,class39,0.34,0.17,DISCARD,low_score
58.018,1064,class72,0.862,0.431,DISCARD,low_score
58.018,1064,class56,0.549,0.274,DISCARD,low_score
58.072,1065,class72,0.78,0.39,DISCARD,low_score
58.072,1065,class71,0.301,0.15,DISCARD,low_score
58.072,1065,class41,0.283,0.141,DISCARD,low_score
58.072,1065,class56,0.267,0.133,DISCARD,low_score
58.127,1066,class72,0.84,0.42,DISCARD,low_score
58.127,1066,class45,0.328,0.164,DISCARD,low_score
58.127,1066,class71,0.299,0.15,DISCARD,low_score
58.127,1066,class68,0.285,0.142,DISCARD,low_score
58.188,1067,class72,0.819,0.409,DISCARD,low_score
58.188,1067,class71,0.498,0.249,DISCARD,low_score
58.188,1067,class39,0.331,0.166,DISCARD,low_score
58.188,1067,class71,0.328,0.164,DISCARD,low_score
58.188,1067,class39,0.261,0.131,DISCARD,low_score
58.243,1068,class72,0.83,0.415,DISCARD,low_score
58.243,1068,class68,0.338,0.169,DISCARD,low_score
58.243,1068,class71,0.324,0.162,DISCARD,low_score
58.298,1069,class72,0.788,0.394,DISCARD,low_score
58.298,1069,class68,0.358,0.179,DISCARD,low_score
58.298,1069,class71,0.333,0.166,DISCARD,low_score
58.353,1070,class72,0.854,0.427,DISCARD,low_score
58.353,1070,class68,0.52,0.26,DISCARD,low_score
58.353,1070,class71,0.409,0.205,DISCARD,low_score
58.353,1070,class39,0.309,0.155,DISCARD,low_score
58.409,1071,class72,0.793,0.397,DISCARD,low_score
58.409,1071,class68,0.6,0.3,DISCARD,low_score
58.409,1071,class39,0.442,0.221,DISCARD,low_score
58.409,1071,class71,0.288,0.144,DISCARD,low_score
58.464,1072,class72,0.871,0.436,DISCARD,low_score
58.464,1072,class68,0.51,0.255,DISCARD,low_score
58.464,1072,class39,0.484,0.242,DISCARD,low_score
58.523,1073,class72,0.809,0.405,DISCARD,low_score
58.523,1073,class68,0.547,0.273,DISCARD,low_score
58.523,1073,class71,0.525,0.263,DISCARD,low_score
58.523,1073,class39,0.421,0.21,DISCARD,low_score
58.578,1074,class72,0.753,0.377,DISCARD,low_score
58.578,1074,class71,0.473,0.236,DISCARD,low_score
58.578,1074,class39,0.449,0.225,DISCARD,low_score
58.578,1074,class68,0.356,0.178,DISCARD,low_score
58.578,1074,class39,0.328,0.164,DISCARD,low_score
58.634,1075,class72,0.701,0.35,DISCARD,low_score
58.634,1075,class68,0.672,0.336,DISCARD,low_score
58.634,1075,class39,0.543,0.271,DISCARD,low_score
58.634,1075,class71,0.52,0.26,DISCARD,low_score
58.688,1076,class72,0.731,0.366,DISCARD,low_score
58.688,1076,class71,0.5,0.25,DISCARD,low_score
58.688,1076,class39,0.479,0.239,DISCARD,low_score
58.688,1076,class68,0.372,0.186,DISCARD,low_score
58.746,1077,class72,0.722,0.361,DISCARD,low_score
58.746,1077,class68,0.512,0.256,DISCARD,low_score
58.746,1077,class39,0.405,0.203,DISCARD,low_score
58.746,1077,class39,0.28,0.14,DISCARD,low_score
58.803,1078,class72,0.766,0.383,DISCARD,low_score
58.803,1078,class68,0.642,0.321,DISCARD,low_score
58.861,1079,class72,0.813,0.406,DISCARD,low_score
58.861,1079,class68,0.665,0.333,DISCARD,low_score
58.861,1079,class71,0.389,0.194,DISCARD,low_score
58.915,1080,class72,0.858,0.429,DISCARD,low_score
58.915,1080,class68,0.508,0.254,DISCARD,low_score
58.915,1080,class39,0.316,0.158,DISCARD,low_score
58.915,1080,class71,0.263,0.131,DISCARD,low_score
58.973,1081,class72,0.922,0.461,KEEP,priority+bandwidth_ok
58.973,1081,class68,0.583,0.292,DISCARD,low_score
58.973,1081,class39,0.372,0.186,DISCARD,low_score
58.973,1081,class41,0.323,0.161,DISCARD,low_score
58.973,1081,class41,0.251,0.125,DISCARD,low_score
59.039,1082,class72,0.886,0.443,DISCARD,low_score
59.039,1082,class39,0.376,0.188,DISCARD,low_score
59.039,1082,class70,0.338,0.169,DISCARD,low_score
59.039,1082,class68,0.321,0.16,DISCARD,low_score
59.095,1083,class72,0.933,0.467,KEEP,priority+bandwidth_ok
59.095,1083,class39,0.379,0.19,DISCARD,low_score
59.095,1083,class70,0.278,0.139,DISCARD,low_score
59.095,1083,class68,0.272,0.136,DISCARD,low_score
59.15,1084,class72,0.931,0.465,KEEP,priority+bandwidth_ok
59.15,1084,class68,0.589,0.294,DISCARD,low_score
59.15,1084,class39,0.541,0.27,DISCARD,low_score
59.15,1084,class39,0.289,0.145,DISCARD,low_score
59.207,1085,class72,0.934,0.467,KEEP,priority+bandwidth_ok
59.207,1085,class39,0.428,0.214,DISCARD,low_score
59.207,1085,class68,0.413,0.207,DISCARD,low_score
59.207,1085,class71,0.352,0.176,DISCARD,low_score
59.207,1085,class39,0.28,0.14,DISCARD,low_score
59.207,1085,class70,0.275,0.138,DISCARD,low_score
59.262,1086,class72,0.859,0.429,DISCARD,low_score
59.262,1086,class68,0.471,0.235,DISCARD,low_score
59.317,1087,class72,0.93,0.465,KEEP,priority+bandwidth_ok
59.317,1087,class68,0.492,0.246,DISCARD,low_score
59.317,1087,class70,0.469,0.234,DISCARD,low_score
59.317,1087,class39,0.389,0.194,DISCARD,low_score
59.371,1088,class72,0.903,0.451,KEEP,priority+bandwidth_ok
59.371,1088,class70,0.525,0.263,DISCARD,low_score
59.371,1088,class39,0.475,0.237,DISCARD,low_score
59.371,1088,class39,0.383,0.192,DISCARD,low_score
59.371,1088,class68,0.338,0.169,DISCARD,low_score
59.371,1088,class39,0.278,0.139,DISCARD,low_score
59.428,1089,class72,0.918,0.459,KEEP,priority+bandwidth_ok
59.428,1089,class39,0.486,0.243,DISCARD,low_score
59.428,1089,class68,0.415,0.207,DISCARD,low_score
59.428,1089,class70,0.402,0.201,DISCARD,low_score
59.428,1089,class39,0.389,0.194,DISCARD,low_score
59.428,1089,class69,0.293,0.146,DISCARD,low_score
59.483,1090,class72,0.929,0.464,KEEP,priority+bandwidth_ok
59.483,1090,class68,0.568,0.284,DISCARD,low_score
59.483,1090,class39,0.419,0.209,DISCARD,low_score
59.483,1090,class45,0.374,0.187,DISCARD,low_score
59.483,1090,class69,0.311,0.155,DISCARD,low_score
59.538,1091,class72,0.847,0.423,DISCARD,low_score
59.538,1091,class68,0.611,0.306,DISCARD,low_score
59.538,1091,class39,0.432,0.216,DISCARD,low_score
59.593,1092,class72,0.749,0.375,DISCARD,low_score
59.593,1092,class70,0.44,0.22,DISCARD,low_score
59.593,1092,class39,0.415,0.207,DISCARD,low_score
59.593,1092,class39,0.376,0.188,DISCARD,low_score
59.593,1092,class68,0.321,0.16,DISCARD,low_score
59.593,1092,class70,0.302,0.151,DISCARD,low_score
59.593,1092,class69,0.292,0.146,DISCARD,low_score
59.648,1093,class72,0.838,0.419,DISCARD,low_score
59.648,1093,class69,0.434,0.217,DISCARD,low_score
59.648,1093,class39,0.43,0.215,DISCARD,low_score
59.648,1093,class39,0.365,0.182,DISCARD,low_score
59.648,1093,class70,0.365,0.182,DISCARD,low_score
59.648,1093,class68,0.27,0.135,DISCARD,low_score
59.648,1093,class39,0.263,0.131,DISCARD,low_score
59.703,1094,class72,0.848,0.424,DISCARD,low_score
59.703,1094,class39,0.512,0.256,DISCARD,low_score
59.703,1094,class69,0.482,0.241,DISCARD,low_score
59.703,1094,class39,0.367,0.183,DISCARD,low_score
59.703,1094,class70,0.299,0.15,DISCARD,low_score
59.703,1094,class39,0.291,0.145,DISCARD,low_score
59.703,1094,class68,0.288,0.144,DISCARD,low_score
59.703,1094,class45,0.254,0.127,DISCARD,low_score
59.758,1095,class69,0.676,0.338,DISCARD,low_score
59.758,1095,class72,0.572,0.286,DISCARD,low_score
59.758,1095,class39,0.543,0.271,DISCARD,low_score
59.758,1095,class70,0.417,0.208,DISCARD,low_score
59.758,1095,class39,0.402,0.201,DISCARD,low_score
59.758,1095,class70,0.394,0.197,DISCARD,low_score
59.758,1095,class68,0.354,0.177,DISCARD,low_score
59.758,1095,class39,0.317,0.159,DISCARD,low_score
59.813,1096,class69,0.742,0.371,DISCARD,low_score
59.813,1096,class70,0.679,0.34,DISCARD,low_score
59.813,1096,class39,0.554,0.277,DISCARD,low_score
59.813,1096,class39,0.356,0.178,DISCARD,low_score
59.813,1096,class39,0.323,0.161,DISCARD,low_score
59.813,1096,class70,0.317,0.159,DISCARD,low_score
59.813,1096,class39,0.283,0.141,DISCARD,low_score
59.813,1096,class39,0.281,0.141,DISCARD,low_score
59.813,1096,class72,0.28,0.14,DISCARD,low_score
59.869,1097,class69,0.706,0.353,DISCARD,low_score
59.869,1097,class70,0.691,0.345,DISCARD,low_score
59.869,1097,class39,0.523,0.262,DISCARD,low_score
59.869,1097,class70,0.402,0.201,DISCARD,low_score
59.869,1097,class39,0.363,0.181,DISCARD,low_score
59.869,1097,class39,0.258,0.129,DISCARD,low_score
59.924,1098,class69,0.736,0.368,DISCARD,low_score
59.924,1098,class70,0.674,0.337,DISCARD,low_score
59.924,1098,class39,0.545,0.272,DISCARD,low_score
59.924,1098,class39,0.372,0.186,DISCARD,low_score
59.924,1098,class68,0.314,0.157,DISCARD,low_score
59.924,1098,class39,0.257,0.128,DISCARD,low_score
59.978,1099,class69,0.698,0.349,DISCARD,low_score
59.978,1099,class70,0.628,0.314,DISCARD,low_score
59.978,1099,class39,0.556,0.278,DISCARD,low_score
59.978,1099,class39,0.326,0.163,DISCARD,low_score
59.978,1099,class39,0.321,0.16,DISCARD,low_score
59.978,1099,class68,0.291,0.145,DISCARD,low_score
59.978,1099,class39,0.288,0.144,DISCARD,low_score
59.978,1099,class39,0.278,0.139,DISCARD,low_score
59.978,1099,class70,0.254,0.127,DISCARD,low_score
60.034,1100,class70,0.701,0.35,DISCARD,low_score
60.034,1100,class69,0.615,0.308,DISCARD,low_score
60.034,1100,class39,0.514,0.257,DISCARD,low_score
60.034,1100,class39,0.335,0.167,DISCARD,low_score
60.034,1100,class39,0.296,0.148,DISCARD,low_score
60.034,1100,class39,0.254,0.127,DISCARD,low_score
60.088,1101,class70,0.78,0.39,DISCARD,low_score
60.088,1101,class69,0.766,0.383,DISCARD,low_score
60.088,1101,class39,0.484,0.242,DISCARD,low_score
60.088,1101,class39,0.419,0.209,DISCARD,low_score
60.088,1101,class39,0.283,0.141,DISCARD,low_score
60.088,1101,class39,0.263,0.131,DISCARD,low_score
60.143,1102,class70,0.715,0.358,DISCARD,low_score
60.143,1102,class69,0.696,0.348,DISCARD,low_score
60.143,1102,class39,0.446,0.223,DISCARD,low_score
60.143,1102,class39,0.442,0.221,DISCARD,low_score
60.143,1102,class70,0.428,0.214,DISCARD,low_score
60.143,1102,class39,0.324,0.162,DISCARD,low_score
60.143,1102,class68,0.255,0.128,DISCARD,low_score
60.198,1103,class70,0.755,0.377,DISCARD,low_score
60.198,1103,class69,0.704,0.352,DISCARD,low_score
60.198,1103,class39,0.451,0.226,DISCARD,low_score
60.198,1103,class39,0.335,0.167,DISCARD,low_score
60.198,1103,class39,0.326,0.163,DISCARD,low_score
60.198,1103,class39,0.294,0.147,DISCARD,low_score
60.198,1103,class39,0.275,0.138,DISCARD,low_score
60.198,1103,class39,0.272,0.136,DISCARD,low_score
60.198,1103,class39,0.254,0.127,DISCARD,low_score
60.256,1104,class69,0.809,0.405,DISCARD,low_score
60.256,1104,class70,0.611,0.306,DISCARD,low_score
60.256,1104,class39,0.449,0.225,DISCARD,low_score
60.256,1104,class39,0.293,0.146,DISCARD,low_score
60.31,1105,class69,0.78,0.39,DISCARD,low_score
60.31,1105,class70,0.529,0.265,DISCARD,low_score
60.31,1105,class39,0.387,0.193,DISCARD,low_score
60.31,1105,class39,0.306,0.153,DISCARD,low_score
60.31,1105,class39,0.275,0.138,DISCARD,low_score
60.365,1106,class69,0.813,0.406,DISCARD,low_score
60.365,1106,class70,0.637,0.319,DISCARD,low_score
60.365,1106,class39,0.376,0.188,DISCARD,low_score
60.365,1106,class39,0.261,0.131,DISCARD,low_score
60.419,1107,class69,0.788,0.394,DISCARD,low_score
60.419,1107,class39,0.498,0.249,DISCARD,low_score
60.419,1107,class39,0.44,0.22,DISCARD,low_score
60.419,1107,class70,0.326,0.163,DISCARD,low_score
60.474,1108,class69,0.639,0.319,DISCARD,low_score
60.474,1108,class70,0.52,0.26,DISCARD,low_score
60.474,1108,class39,0.319,0.16,DISCARD,low_score
60.474,1108,class39,0.309,0.155,DISCARD,low_score
60.54,1109,class69,0.648,0.324,DISCARD,low_score
60.54,1109,class39,0.482,0.241,DISCARD,low_score
60.54,1109,class45,0.394,0.197,DISCARD,low_score
60.594,1110,class39,0.502,0.251,DISCARD,low_score
60.594,1110,class69,0.426,0.213,DISCARD,low_score
60.648,1111,class69,0.626,0.313,DISCARD,low_score
60.648,1111,class45,0.368,0.184,DISCARD,low_score
60.708,1112,class69,0.484,0.242,DISCARD,low_score
60.708,1112,class45,0.394,0.197,DISCARD,low_score
60.763,1113,class69,0.628,0.314,DISCARD,low_score
60.763,1113,class45,0.387,0.193,DISCARD,low_score
60.816,1114,class69,0.488,0.244,DISCARD,low_score
60.816,1114,class45,0.449,0.225,DISCARD,low_score
60.816,1114,class71,0.301,0.15,DISCARD,low_score
60.871,1115,class69,0.484,0.242,DISCARD,low_score
60.871,1115,class45,0.475,0.237,DISCARD,low_score
60.925,1116,class45,0.347,0.173,DISCARD,low_score
60.978,1117,class45,0.258,0.129,DISCARD,low_score
61.032,1118,class45,0.321,0.16,DISCARD,low_score
61.24,1122,class2,0.277,0.138,DISCARD,low_score
61.294,1123,class2,0.257,0.128,DISCARD,low_score
61.503,1127,class45,0.471,0.235,DISCARD,low_score
61.503,1127,class69,0.286,0.143,DISCARD,low_score
61.557,1128,class45,0.35,0.175,DISCARD,low_score
61.557,1128,class69,0.331,0.166,DISCARD,low_score
61.611,1129,class45,0.436,0.218,DISCARD,low_score
61.611,1129,class39,0.289,0.145,DISCARD,low_score
61.665,1130,class72,0.411,0.206,DISCARD,low_score
61.665,1130,class45,0.349,0.174,DISCARD,low_score
61.72,1131,class72,0.677,0.339,DISCARD,low_score
61.774,1132,class45,0.617,0.308,DISCARD,low_score
61.774,1132,class72,0.417,0.208,DISCARD,low_score
61.774,1132,class69,0.379,0.19,DISCARD,low_score
61.828,1133,class45,0.696,0.348,DISCARD,low_score
61.828,1133,class72,0.5,0.25,DISCARD,low_score
61.828,1133,class69,0.37,0.185,DISCARD,low_score
61.828,1133,class46,0.26,0.13,DISCARD,low_score
61.883,1134,class69,0.392,0.196,DISCARD,low_score
61.883,1134,class45,0.314,0.157,DISCARD,low_score
61.883,1134,class39,0.307,0.154,DISCARD,low_score
61.883,1134,class72,0.278,0.139,DISCARD,low_score
61.937,1135,class45,0.639,0.319,DISCARD,low_score
61.937,1135,class69,0.628,0.314,DISCARD,low_score
61.937,1135,class72,0.484,0.242,DISCARD,low_score
61.991,1136,class72,0.72,0.36,DISCARD,low_score
61.991,1136,class45,0.61,0.305,DISCARD,low_score
61.991,1136,class69,0.404,0.202,DISCARD,low_score
62.045,1137,class45,0.644,0.322,DISCARD,low_score
62.045,1137,class72,0.486,0.243,DISCARD,low_score
62.045,1137,class69,0.394,0.197,DISCARD,low_score
62.045,1137,class72,0.319,0.16,DISCARD,low_score
62.099,1138,class45,0.6,0.3,DISCARD,low_score
62.099,1138,class72,0.568,0.284,DISCARD,low_score
62.099,1138,class69,0.331,0.166,DISCARD,low_score
62.154,1139,class72,0.657,0.328,DISCARD,low_score
62.154,1139,class45,0.583,0.292,DISCARD,low_score
62.154,1139,class69,0.396,0.198,DISCARD,low_score
62.208,1140,class45,0.648,0.324,DISCARD,low_score
62.208,1140,class72,0.613,0.307,DISCARD,low_score
62.208,1140,class69,0.508,0.254,DISCARD,low_score
62.262,1141,class72,0.611,0.306,DISCARD,low_score
62.262,1141,class45,0.482,0.241,DISCARD,low_score
62.262,1141,class39,0.278,0.139,DISCARD,low_score
62.328,1142,class72,0.655,0.327,DISCARD,low_score
62.328,1142,class45,0.606,0.303,DISCARD,low_score
62.328,1142,class54,0.438,0.219,DISCARD,low_score
62.382,1143,class45,0.56,0.28,DISCARD,low_score
62.382,1143,class72,0.402,0.201,DISCARD,low_score
62.382,1143,class46,0.374,0.187,DISCARD,low_score
62.436,1144,class45,0.626,0.313,DISCARD,low_score
62.436,1144,class66,0.451,0.226,DISCARD,low_score
62.436,1144,class39,0.264,0.132,DISCARD,low_score
62.491,1145,class45,0.488,0.244,DISCARD,low_score
62.545,1146,class45,0.624,0.312,DISCARD,low_score
62.599,1147,class45,0.624,0.312,DISCARD,low_score
62.599,1147,class72,0.389,0.194,DISCARD,low_score
62.652,1148,class56,0.751,0.375,DISCARD,low_score
62.652,1148,class45,0.672,0.336,DISCARD,low_score
62.652,1148,class56,0.255,0.128,DISCARD,low_score
62.707,1149,class56,0.704,0.352,DISCARD,low_score
62.707,1149,class45,0.577,0.289,DISCARD,low_score
62.707,1149,class56,0.404,0.202,DISCARD,low_score
62.761,1150,class56,0.849,0.424,DISCARD,low_score
62.761,1150,class45,0.717,0.359,DISCARD,low_score
62.761,1150,class39,0.288,0.144,DISCARD,low_score
62.815,1151,class56,0.802,0.401,DISCARD,low_score
62.815,1151,class45,0.739,0.369,DISCARD,low_score
62.869,1152,class56,0.798,0.399,DISCARD,low_score
62.869,1152,class45,0.731,0.366,DISCARD,low_score
62.923,1153,class56,0.679,0.34,DISCARD,low_score
62.923,1153,class45,0.658,0.329,DISCARD,low_score
62.977,1154,class45,0.655,0.327,DISCARD,low_score
62.977,1154,class56,0.646,0.323,DISCARD,low_score
63.031,1155,class56,0.78,0.39,DISCARD,low_score
63.031,1155,class45,0.644,0.322,DISCARD,low_score
63.086,1156,class56,0.734,0.367,DISCARD,low_score
63.086,1156,class45,0.608,0.304,DISCARD,low_score
63.14,1157,class56,0.787,0.393,DISCARD,low_score
63.14,1157,class45,0.655,0.327,DISCARD,low_score
63.195,1158,class56,0.715,0.358,DISCARD,low_score
63.195,1158,class45,0.635,0.318,DISCARD,low_score
63.248,1159,class56,0.655,0.327,DISCARD,low_score
63.248,1159,class45,0.312,0.156,DISCARD,low_score
63.302,1160,class56,0.814,0.407,DISCARD,low_score
63.302,1160,class45,0.461,0.231,DISCARD,low_score
63.302,1160,class73,0.392,0.196,DISCARD,low_score
63.357,1161,class56,0.759,0.38,DISCARD,low_score
63.357,1161,class69,0.333,0.166,DISCARD,low_score
63.41,1162,class56,0.455,0.228,DISCARD,low_score
63.41,1162,class69,0.289,0.145,DISCARD,low_score
63.465,1163,class56,0.291,0.145,DISCARD,low_score
63.519,1164,class56,0.449,0.225,DISCARD,low_score
63.519,1164,class45,0.278,0.139,DISCARD,low_score
63.573,1165,class56,0.756,0.378,DISCARD,low_score
63.573,1165,class69,0.281,0.141,DISCARD,low_score
63.573,1165,class73,0.275,0.138,DISCARD,low_score
63.573,1165,class45,0.275,0.138,DISCARD,low_score
63.573,1165,class43,0.263,0.131,DISCARD,low_score
63.627,1166,class56,0.78,0.39,DISCARD,low_score
63.627,1166,class69,0.296,0.148,DISCARD,low_score
63.627,1166,class56,0.258,0.129,DISCARD,low_score
63.681,1167,class56,0.699,0.35,DISCARD,low_score
63.681,1167,class69,0.411,0.206,DISCARD,low_score
63.681,1167,class56,0.35,0.175,DISCARD,low_score
63.681,1167,class46,0.304,0.152,DISCARD,low_score
63.736,1168,class56,0.814,0.407,DISCARD,low_score
63.736,1168,class56,0.436,0.218,DISCARD,low_score
63.736,1168,class71,0.257,0.128,DISCARD,low_score
63.79,1169,class56,0.681,0.34,DISCARD,low_score
63.79,1169,class69,0.417,0.208,DISCARD,low_score
63.79,1169,class73,0.317,0.159,DISCARD,low_score
63.79,1169,class56,0.252,0.126,DISCARD,low_score
63.79,1169,class45,0.252,0.126,DISCARD,low_score
63.845,1170,class56,0.51,0.255,DISCARD,low_score
63.845,1170,class73,0.291,0.145,DISCARD,low_score
63.899,1171,class69,0.355,0.177,DISCARD,low_score
63.899,1171,class68,0.343,0.172,DISCARD,low_score
63.965,1172,class73,0.467,0.233,DISCARD,low_score
63.965,1172,class56,0.461,0.231,DISCARD,low_score
63.965,1172,class69,0.341,0.17,DISCARD,low_score
63.965,1172,class73,0.297,0.149,DISCARD,low_score
64.019,1173,class71,0.314,0.157,DISCARD,low_score
64.019,1173,class69,0.292,0.146,DISCARD,low_score
64.019,1173,class39,0.252,0.126,DISCARD,low_score
64.074,1174,class69,0.562,0.281,DISCARD,low_score
64.074,1174,class73,0.424,0.212,DISCARD,low_score
64.074,1174,class39,0.335,0.167,DISCARD,low_score
64.074,1174,class73,0.266,0.133,DISCARD,low_score
64.128,1175,class69,0.568,0.284,DISCARD,low_score
64.128,1175,class68,0.28,0.14,DISCARD,low_score
64.182,1176,class69,0.518,0.259,DISCARD,low_score
64.182,1176,class73,0.302,0.151,DISCARD,low_score
64.182,1176,class39,0.28,0.14,DISCARD,low_score
64.236,1177,class69,0.622,0.311,DISCARD,low_score
64.236,1177,class73,0.5,0.25,DISCARD,low_score
64.236,1177,class73,0.385,0.192,DISCARD,low_score
64.236,1177,class39,0.323,0.161,DISCARD,low_score
64.236,1177,class73,0.288,0.144,DISCARD,low_score
64.236,1177,class73,0.267,0.134,DISCARD,low_score
64.291,1178,class69,0.556,0.278,DISCARD,low_score
64.291,1178,class73,0.257,0.128,DISCARD,low_score
64.346,1179,class69,0.736,0.368,DISCARD,low_score
64.401,1180,class69,0.606,0.303,DISCARD,low_score
64.455,1181,class69,0.596,0.298,DISCARD,low_score
64.509,1182,class69,0.72,0.36,DISCARD,low_score
64.509,1182,class73,0.39,0.195,DISCARD,low_score
64.509,1182,class73,0.283,0.141,DISCARD,low_score
64.509,1182,class39,0.278,0.139,DISCARD,low_score
64.563,1183,class69,0.604,0.302,DISCARD,low_score
64.563,1183,class39,0.354,0.177,DISCARD,low_score
64.617,1184,class69,0.498,0.249,DISCARD,low_score
64.671,1185,class71,0.335,0.167,DISCARD,low_score
64.671,1185,class69,0.331,0.166,DISCARD,low_score
64.725,1186,class69,0.518,0.259,DISCARD,low_score
64.725,1186,class39,0.26,0.13,DISCARD,low_score
64.778,1187,class69,0.667,0.334,DISCARD,low_score
64.778,1187,class73,0.345,0.173,DISCARD,low_score
64.833,1188,class69,0.49,0.245,DISCARD,low_score
64.833,1188,class39,0.299,0.15,DISCARD,low_score
64.833,1188,class71,0.252,0.126,DISCARD,low_score
64.887,1189,class69,0.453,0.227,DISCARD,low_score
64.887,1189,class71,0.379,0.19,DISCARD,low_score
64.941,1190,class69,0.722,0.361,DISCARD,low_score
64.994,1191,class69,0.784,0.392,DISCARD,low_score
65.048,1192,class69,0.6,0.3,DISCARD,low_score
65.048,1192,class71,0.294,0.147,DISCARD,low_score
65.102,1193,class69,0.784,0.392,DISCARD,low_score
65.156,1194,class69,0.681,0.34,DISCARD,low_score
65.21,1195,class69,0.589,0.294,DISCARD,low_score
65.21,1195,class71,0.326,0.163,DISCARD,low_score
65.264,1196,class69,0.628,0.314,DISCARD,low_score
65.264,1196,class60,0.276,0.138,DISCARD,low_score
65.318,1197,class69,0.745,0.372,DISCARD,low_score
65.318,1197,class39,0.335,0.167,DISCARD,low_score
65.372,1198,class69,0.74,0.37,DISCARD,low_score
65.426,1199,class69,0.734,0.367,DISCARD,low_score
65.48,1200,class69,0.547,0.273,DISCARD,low_score
65.48,1200,class39,0.321,0.16,DISCARD,low_score
65.48,1200,class39,0.301,0.15,DISCARD,low_score
65.545,1201,class69,0.392,0.196,DISCARD,low_score
65.545,1201,class71,0.367,0.183,DISCARD,low_score
65.545,1201,class39,0.333,0.166,DISCARD,low_score
65.611,1202,class69,0.51,0.255,DISCARD,low_score
65.611,1202,class39,0.289,0.145,DISCARD,low_score
65.665,1203,class69,0.583,0.292,DISCARD,low_score
65.665,1203,class39,0.277,0.138,DISCARD,low_score
65.771,1205,class71,0.333,0.166,DISCARD,low_score
65.826,1206,class70,0.564,0.282,DISCARD,low_score
65.826,1206,class69,0.514,0.257,DISCARD,low_score
65.826,1206,class69,0.263,0.131,DISCARD,low_score
65.826,1206,class45,0.254,0.127,DISCARD,low_score
65.88,1207,class70,0.417,0.208,DISCARD,low_score
65.88,1207,class69,0.385,0.192,DISCARD,low_score
65.88,1207,class69,0.383,0.192,DISCARD,low_score
66.089,1211,class69,0.376,0.188,DISCARD,low_score
66.089,1211,class70,0.349,0.174,DISCARD,low_score
66.089,1211,class45,0.267,0.134,DISCARD,low_score
66.144,1212,class70,0.556,0.278,DISCARD,low_score
66.144,1212,class69,0.492,0.246,DISCARD,low_score
66.144,1212,class45,0.345,0.173,DISCARD,low_score
66.198,1213,class69,0.508,0.254,DISCARD,low_score
66.198,1213,class70,0.436,0.218,DISCARD,low_score
66.198,1213,class45,0.411,0.206,DISCARD,low_score
66.252,1214,class69,0.389,0.194,DISCARD,low_score
66.305,1215,class72,0.354,0.177,DISCARD,low_score
66.359,1216,class72,0.715,0.358,DISCARD,low_score
66.359,1216,class69,0.423,0.211,DISCARD,low_score
66.359,1216,class45,0.27,0.135,DISCARD,low_score
66.414,1217,class72,0.806,0.403,DISCARD,low_score
66.414,1217,class69,0.274,0.137,DISCARD,low_score
66.414,1217,class45,0.254,0.127,DISCARD,low_score
66.468,1218,class72,0.598,0.299,DISCARD,low_score
66.468,1218,class69,0.372,0.186,DISCARD,low_score
66.468,1218,class69,0.256,0.128,DISCARD,low_score
66.522,1219,class72,0.83,0.415,DISCARD,low_score
66.522,1219,class69,0.367,0.183,DISCARD,low_score
66.576,1220,class72,0.806,0.403,DISCARD,low_score
66.63,1221,class72,0.424,0.212,DISCARD,low_score
66.63,1221,class69,0.279,0.14,DISCARD,low_score
66.684,1222,class72,0.396,0.198,DISCARD,low_score
66.738,1223,class72,0.299,0.15,DISCARD,low_score
66.843,1225,class72,0.274,0.137,DISCARD,low_score
66.897,1226,class71,0.378,0.189,DISCARD,low_score
66.951,1227,class72,0.453,0.227,DISCARD,low_score
66.951,1227,class71,0.264,0.132,DISCARD,low_score
67.005,1228,class72,0.572,0.286,DISCARD,low_score
67.058,1229,class72,0.646,0.323,DISCARD,low_score
67.112,1230,class72,0.726,0.363,DISCARD,low_score
67.166,1231,class72,0.502,0.251,DISCARD,low_score
67.231,1232,class72,0.676,0.338,DISCARD,low_score
67.286,1233,class72,0.693,0.346,DISCARD,low_score
67.34,1234,class72,0.756,0.378,DISCARD,low_score
67.394,1235,class72,0.835,0.418,DISCARD,low_score
67.449,1236,class72,0.748,0.374,DISCARD,low_score
67.502,1237,class72,0.709,0.355,DISCARD,low_score
67.556,1238,class72,0.587,0.293,DISCARD,low_score
67.61,1239,class72,0.658,0.329,DISCARD,low_score
67.663,1240,class72,0.291,0.145,DISCARD,low_score
67.717,1241,class72,0.521,0.261,DISCARD,low_score
67.771,1242,class72,0.711,0.355,DISCARD,low_score
67.825,1243,class72,0.311,0.155,DISCARD,low_score
67.93,1245,class72,0.635,0.318,DISCARD,low_score
67.984,1246,class72,0.329,0.165,DISCARD,low_score
68.038,1247,class39,0.48,0.24,DISCARD,low_score
68.038,1247,class72,0.376,0.188,DISCARD,low_score
68.092,1248,class72,0.651,0.326,DISCARD,low_score
68.146,1249,class72,0.598,0.299,DISCARD,low_score
68.146,1249,class39,0.257,0.128,DISCARD,low_score
68.2,1250,class72,0.426,0.213,DISCARD,low_score
68.254,1251,class68,0.672,0.336,DISCARD,low_score
68.254,1251,class72,0.488,0.244,DISCARD,low_score
68.254,1251,class39,0.27,0.135,DISCARD,low_score
68.308,1252,class68,0.387,0.193,DISCARD,low_score
68.362,1253,class68,0.808,0.404,DISCARD,low_score
68.362,1253,class39,0.324,0.162,DISCARD,low_score
68.362,1253,class39,0.297,0.149,DISCARD,low_score
68.416,1254,class68,0.465,0.232,DISCARD,low_score
68.416,1254,class39,0.296,0.148,DISCARD,low_score
68.416,1254,class39,0.275,0.138,DISCARD,low_score
68.471,1255,class39,0.34,0.17,DISCARD,low_score
68.732,1260,class39,0.311,0.155,DISCARD,low_score
69.052,1266,class62,0.405,0.203,DISCARD,low_score
69.052,1266,class39,0.289,0.145,DISCARD,low_score
69.466,1274,class59,0.321,0.16,DISCARD,low_score
69.675,1278,class62,0.385,0.192,DISCARD,low_score
69.73,1279,class62,0.611,0.306,DISCARD,low_score
69.783,1280,class62,0.564,0.282,DISCARD,low_score
69.837,1281,class62,0.363,0.181,DISCARD,low_score
69.837,1281,class62,0.356,0.178,DISCARD,low_score
69.891,1282,class62,0.722,0.361,DISCARD,low_score
69.945,1283,class62,0.558,0.279,DISCARD,low_score
69.945,1283,class68,0.252,0.126,DISCARD,low_score
70.0,1284,class62,0.508,0.254,DISCARD,low_score
70.053,1285,class62,0.518,0.259,DISCARD,low_score
70.107,1286,class62,0.455,0.228,DISCARD,low_score
70.107,1286,class39,0.258,0.129,DISCARD,low_score
70.161,1287,class62,0.428,0.214,DISCARD,low_score
70.161,1287,class62,0.387,0.193,DISCARD,low_score
70.215,1288,class62,0.396,0.198,DISCARD,low_score
70.269,1289,class62,0.477,0.238,DISCARD,low_score
70.324,1290,class62,0.294,0.147,DISCARD,low_score
70.378,1291,class62,0.502,0.251,DISCARD,low_score
70.378,1291,class62,0.251,0.125,DISCARD,low_score
70.484,1293,class62,0.4,0.2,DISCARD,low_score
70.484,1293,class72,0.266,0.133,DISCARD,low_score
70.548,1294,class62,0.568,0.284,DISCARD,low_score
70.706,1297,class56,0.508,0.254,DISCARD,low_score
70.706,1297,class68,0.306,0.153,DISCARD,low_score
70.759,1298,class68,0.296,0.148,DISCARD,low_score
70.813,1299,class56,0.331,0.166,DISCARD,low_score
70.813,1299,class62,0.308,0.154,DISCARD,low_score
70.867,1300,class59,0.283,0.141,DISCARD,low_score
70.867,1300,class59,0.27,0.135,DISCARD,low_score
70.921,1301,class56,0.413,0.207,DISCARD,low_score
70.921,1301,class72,0.266,0.133,DISCARD,low_score
70.975,1302,class56,0.327,0.163,DISCARD,low_score
70.975,1302,class72,0.25,0.125,DISCARD,low_score
71.029,1303,class56,0.457,0.229,DISCARD,low_score
71.029,1303,class68,0.4,0.2,DISCARD,low_score
71.083,1304,class56,0.438,0.219,DISCARD,low_score
71.083,1304,class68,0.317,0.159,DISCARD,low_score
71.083,1304,class72,0.291,0.145,DISCARD,low_score
71.137,1305,class56,0.525,0.263,DISCARD,low_score
71.137,1305,class68,0.277,0.138,DISCARD,low_score
71.191,1306,class56,0.583,0.292,DISCARD,low_score
71.245,1307,class56,0.554,0.277,DISCARD,low_score
71.245,1307,class59,0.281,0.141,DISCARD,low_score
71.299,1308,class56,0.381,0.191,DISCARD,low_score
71.354,1309,class56,0.579,0.29,DISCARD,low_score
71.354,1309,class62,0.302,0.151,DISCARD,low_score
71.408,1310,class56,0.434,0.217,DISCARD,low_score
71.408,1310,class72,0.26,0.13,DISCARD,low_score
71.462,1311,class56,0.498,0.249,DISCARD,low_score
71.566,1313,class56,0.33,0.165,DISCARD,low_score
71.62,1314,class56,0.482,0.241,DISCARD,low_score
71.62,1314,class56,0.332,0.166,DISCARD,low_score
71.62,1314,class59,0.268,0.134,DISCARD,low_score
71.72,1315,class62,0.761,0.38,DISCARD,low_score
71.72,1315,class62,0.379,0.19,DISCARD,low_score
71.72,1315,class39,0.312,0.156,DISCARD,low_score
71.72,1315,class39,0.27,0.135,DISCARD,low_score
71.776,1316,class62,0.752,0.376,DISCARD,low_score
71.776,1316,class39,0.251,0.125,DISCARD,low_score
71.83,1317,class62,0.837,0.418,DISCARD,low_score
71.83,1317,class39,0.307,0.154,DISCARD,low_score
71.884,1318,class62,0.83,0.415,DISCARD,low_score
71.884,1318,class39,0.26,0.13,DISCARD,low_score
71.938,1319,class62,0.798,0.399,DISCARD,low_score
71.938,1319,class39,0.331,0.166,DISCARD,low_score
71.938,1319,class62,0.265,0.133,DISCARD,low_score
71.993,1320,class62,0.755,0.377,DISCARD,low_score
72.047,1321,class62,0.712,0.356,DISCARD,low_score
72.047,1321,class39,0.296,0.148,DISCARD,low_score
72.047,1321,class39,0.254,0.127,DISCARD,low_score
72.101,1322,class62,0.72,0.36,DISCARD,low_score
72.101,1322,class39,0.342,0.171,DISCARD,low_score
72.101,1322,class39,0.257,0.128,DISCARD,low_score
72.156,1323,class62,0.742,0.371,DISCARD,low_score
72.156,1323,class62,0.442,0.221,DISCARD,low_score
72.156,1323,class39,0.367,0.183,DISCARD,low_score
72.21,1324,class62,0.777,0.389,DISCARD,low_score
72.21,1324,class39,0.486,0.243,DISCARD,low_score
72.21,1324,class39,0.338,0.169,DISCARD,low_score
72.264,1325,class62,0.804,0.402,DISCARD,low_score
72.264,1325,class39,0.402,0.201,DISCARD,low_score
72.264,1325,class62,0.329,0.165,DISCARD,low_score
72.318,1326,class62,0.65,0.325,DISCARD,low_score
72.318,1326,class62,0.343,0.172,DISCARD,low_score
72.373,1327,class62,0.644,0.322,DISCARD,low_score
72.373,1327,class62,0.257,0.128,DISCARD,low_score
72.427,1328,class62,0.554,0.277,DISCARD,low_score
72.427,1328,class62,0.434,0.217,DISCARD,low_score
72.481,1329,class62,0.461,0.231,DISCARD,low_score
72.535,1330,class62,0.78,0.39,DISCARD,low_score
72.535,1330,class62,0.411,0.206,DISCARD,low_score
72.535,1330,class39,0.283,0.141,DISCARD,low_score
72.589,1331,class62,0.768,0.384,DISCARD,low_score
72.644,1332,class62,0.797,0.398,DISCARD,low_score
72.697,1333,class62,0.698,0.349,DISCARD,low_score
72.697,1333,class39,0.324,0.162,DISCARD,low_score
72.697,1333,class62,0.258,0.129,DISCARD,low_score
72.751,1334,class62,0.776,0.388,DISCARD,low_score
72.751,1334,class45,0.26,0.13,DISCARD,low_score
72.751,1334,class39,0.257,0.128,DISCARD,low_score
72.806,1335,class62,0.653,0.327,DISCARD,low_score
72.806,1335,class62,0.335,0.167,DISCARD,low_score
72.86,1336,class62,0.453,0.227,DISCARD,low_score
72.86,1336,class45,0.302,0.151,DISCARD,low_score
72.86,1336,class39,0.278,0.139,DISCARD,low_score
72.914,1337,class62,0.57,0.285,DISCARD,low_score
72.968,1338,class62,0.482,0.241,DISCARD,low_score
73.022,1339,class62,0.568,0.284,DISCARD,low_score
73.076,1340,class62,0.479,0.239,DISCARD,low_score
73.076,1340,class39,0.326,0.163,DISCARD,low_score
73.13,1341,class62,0.662,0.331,DISCARD,low_score
73.185,1342,class62,0.621,0.31,DISCARD,low_score
73.239,1343,class62,0.521,0.261,DISCARD,low_score
73.293,1344,class62,0.398,0.199,DISCARD,low_score
73.293,1344,class62,0.317,0.159,DISCARD,low_score
73.347,1345,class62,0.471,0.235,DISCARD,low_score
73.347,1345,class39,0.389,0.194,DISCARD,low_score
73.347,1345,class39,0.338,0.169,DISCARD,low_score
73.401,1346,class62,0.523,0.262,DISCARD,low_score
73.401,1346,class39,0.307,0.154,DISCARD,low_score
73.401,1346,class62,0.254,0.127,DISCARD,low_score
73.456,1347,class62,0.688,0.344,DISCARD,low_score
73.456,1347,class62,0.43,0.215,DISCARD,low_score
73.456,1347,class39,0.356,0.178,DISCARD,low_score
73.456,1347,class39,0.352,0.176,DISCARD,low_score
73.51,1348,class62,0.642,0.321,DISCARD,low_score
73.564,1349,class62,0.624,0.312,DISCARD,low_score
73.564,1349,class39,0.255,0.128,DISCARD,low_score
73.619,1350,class62,0.486,0.243,DISCARD,low_score
73.619,1350,class62,0.304,0.152,DISCARD,low_score
73.673,1351,class62,0.398,0.199,DISCARD,low_score
73.727,1352,class62,0.537,0.269,DISCARD,low_score
73.78,1353,class45,0.316,0.158,DISCARD,low_score
73.78,1353,class62,0.285,0.142,DISCARD,low_score
73.834,1354,class62,0.4,0.2,DISCARD,low_score
73.941,1356,class62,0.39,0.195,DISCARD,low_score
73.994,1357,class62,0.404,0.202,DISCARD,low_score
74.05,1358,class62,0.432,0.216,DISCARD,low_score
74.104,1359,class62,0.696,0.348,DISCARD,low_score
74.158,1360,class62,0.523,0.262,DISCARD,low_score
74.212,1361,class62,0.593,0.296,DISCARD,low_score
74.266,1362,class62,0.314,0.157,DISCARD,low_score
74.32,1363,class62,0.56,0.28,DISCARD,low_score
74.374,1364,class62,0.516,0.258,DISCARD,low_score
74.428,1365,class62,0.699,0.35,DISCARD,low_score
74.482,1366,class62,0.681,0.34,DISCARD,low_score
74.535,1367,class62,0.558,0.279,DISCARD,low_score
74.59,1368,class62,0.389,0.194,DISCARD,low_score
74.59,1368,class62,0.251,0.125,DISCARD,low_score
74.643,1369,class62,0.696,0.348,DISCARD,low_score
74.697,1370,class62,0.642,0.321,DISCARD,low_score
74.697,1370,class62,0.356,0.178,DISCARD,low_score
74.751,1371,class62,0.773,0.387,DISCARD,low_score
74.805,1372,class62,0.469,0.234,DISCARD,low_score
74.858,1373,class62,0.4,0.2,DISCARD,low_score
74.912,1374,class62,0.453,0.227,DISCARD,low_score
74.966,1375,class62,0.428,0.214,DISCARD,low_score
75.02,1376,class62,0.417,0.208,DISCARD,low_score
75.074,1377,class62,0.525,0.263,DISCARD,low_score
75.337,1382,class62,0.335,0.167,DISCARD,low_score
75.562,1386,class62,0.324,0.162,DISCARD,low_score
75.67,1388,class2,0.257,0.128,DISCARD,low_score
75.67,1388,class2,0.255,0.128,DISCARD,low_score
75.67,1388,class2,0.251,0.125,DISCARD,low_score
75.724,1389,class56,0.308,0.154,DISCARD,low_score
75.724,1389,class2,0.267,0.134,DISCARD,low_score
75.882,1392,class2,0.428,0.214,DISCARD,low_score
75.882,1392,class2,0.329,0.165,DISCARD,low_score
75.882,1392,class60,0.268,0.134,DISCARD,low_score
75.936,1393,class2,0.4,0.2,DISCARD,low_score
75.936,1393,class2,0.302,0.151,DISCARD,low_score
75.936,1393,class2,0.27,0.135,DISCARD,low_score
75.99,1394,class39,0.516,0.258,DISCARD,low_score
76.045,1395,class39,0.48,0.24,DISCARD,low_score
76.045,1395,class60,0.253,0.127,DISCARD,low_score
76.099,1396,class39,0.521,0.261,DISCARD,low_score
76.099,1396,class62,0.363,0.181,DISCARD,low_score
76.153,1397,class41,0.274,0.137,DISCARD,low_score
76.206,1398,class2,0.319,0.16,DISCARD,low_score
76.26,1399,class45,0.368,0.184,DISCARD,low_score
76.26,1399,class39,0.321,0.16,DISCARD,low_score
76.314,1400,class39,0.402,0.201,DISCARD,low_score
76.314,1400,class45,0.385,0.192,DISCARD,low_score
76.314,1400,class2,0.316,0.158,DISCARD,low_score
76.368,1401,class39,0.415,0.207,DISCARD,low_score
76.368,1401,class2,0.376,0.188,DISCARD,low_score
76.368,1401,class2,0.277,0.138,DISCARD,low_score
76.423,1402,class45,0.423,0.211,DISCARD,low_score
76.423,1402,class39,0.419,0.209,DISCARD,low_score
76.423,1402,class62,0.407,0.204,DISCARD,low_score
76.477,1403,class39,0.577,0.289,DISCARD,low_score
76.477,1403,class62,0.326,0.163,DISCARD,low_score
76.477,1403,class45,0.317,0.159,DISCARD,low_score
76.532,1404,class39,0.63,0.315,DISCARD,low_score
76.532,1404,class45,0.459,0.23,DISCARD,low_score
76.532,1404,class41,0.361,0.181,DISCARD,low_score
76.586,1405,class39,0.484,0.242,DISCARD,low_score
76.586,1405,class62,0.417,0.208,DISCARD,low_score
76.586,1405,class45,0.34,0.17,DISCARD,low_score
76.586,1405,class41,0.333,0.166,DISCARD,low_score
76.64,1406,class39,0.553,0.276,DISCARD,low_score
76.64,1406,class45,0.535,0.268,DISCARD,low_score
76.694,1407,class39,0.52,0.26,DISCARD,low_score
76.694,1407,class45,0.428,0.214,DISCARD,low_score
76.694,1407,class62,0.368,0.184,DISCARD,low_score
76.748,1408,class39,0.533,0.267,DISCARD,low_score
76.748,1408,class45,0.479,0.239,DISCARD,low_score
76.748,1408,class41,0.396,0.198,DISCARD,low_score
76.748,1408,class62,0.345,0.173,DISCARD,low_score
76.803,1409,class45,0.479,0.239,DISCARD,low_score
76.803,1409,class39,0.417,0.208,DISCARD,low_score
76.803,1409,class41,0.411,0.206,DISCARD,low_score
76.857,1410,class39,0.598,0.299,DISCARD,low_score
76.857,1410,class45,0.533,0.267,DISCARD,low_score
76.857,1410,class41,0.461,0.231,DISCARD,low_score
76.857,1410,class62,0.295,0.148,DISCARD,low_score
76.912,1411,class45,0.504,0.252,DISCARD,low_score
76.912,1411,class62,0.471,0.235,DISCARD,low_score
76.912,1411,class39,0.467,0.233,DISCARD,low_score
76.912,1411,class41,0.326,0.163,DISCARD,low_score
76.966,1412,class45,0.479,0.239,DISCARD,low_score
76.966,1412,class39,0.447,0.224,DISCARD,low_score
76.966,1412,class41,0.359,0.18,DISCARD,low_score
77.021,1413,class45,0.574,0.287,DISCARD,low_score
77.021,1413,class39,0.564,0.282,DISCARD,low_score
77.021,1413,class41,0.383,0.192,DISCARD,low_score
77.074,1414,class45,0.646,0.323,DISCARD,low_score
77.074,1414,class39,0.633,0.317,DISCARD,low_score
77.074,1414,class41,0.484,0.242,DISCARD,low_score
77.074,1414,class62,0.256,0.128,DISCARD,low_score
77.129,1415,class45,0.657,0.328,DISCARD,low_score
77.129,1415,class39,0.641,0.32,DISCARD,low_score
77.129,1415,class41,0.453,0.227,DISCARD,low_score
77.129,1415,class62,0.394,0.197,DISCARD,low_score
77.184,1416,class45,0.698,0.349,DISCARD,low_score
77.184,1416,class39,0.665,0.333,DISCARD,low_score
77.184,1416,class41,0.44,0.22,DISCARD,low_score
77.238,1417,class45,0.701,0.35,DISCARD,low_score
77.238,1417,class39,0.615,0.308,DISCARD,low_score
77.238,1417,class77,0.447,0.224,DISCARD,low_score
77.238,1417,class41,0.278,0.139,DISCARD,low_score
77.238,1417,class62,0.272,0.136,DISCARD,low_score
77.293,1418,class45,0.657,0.328,DISCARD,low_score
77.293,1418,class39,0.61,0.305,DISCARD,low_score
77.293,1418,class62,0.572,0.286,DISCARD,low_score
77.293,1418,class41,0.417,0.208,DISCARD,low_score
77.347,1419,class39,0.655,0.327,DISCARD,low_score
77.347,1419,class45,0.604,0.302,DISCARD,low_score
77.347,1419,class41,0.428,0.214,DISCARD,low_score
77.347,1419,class62,0.31,0.155,DISCARD,low_score
77.402,1420,class45,0.644,0.322,DISCARD,low_score
77.402,1420,class39,0.617,0.308,DISCARD,low_score
77.402,1420,class41,0.39,0.195,DISCARD,low_score
77.402,1420,class62,0.387,0.193,DISCARD,low_score
77.457,1421,class45,0.722,0.361,DISCARD,low_score
77.457,1421,class41,0.525,0.263,DISCARD,low_score
77.457,1421,class39,0.52,0.26,DISCARD,low_score
77.457,1421,class62,0.269,0.134,DISCARD,low_score
77.511,1422,class45,0.715,0.358,DISCARD,low_score
77.511,1422,class62,0.577,0.289,DISCARD,low_score
77.511,1422,class41,0.482,0.241,DISCARD,low_score
77.511,1422,class39,0.43,0.215,DISCARD,low_score
77.565,1423,class62,0.736,0.368,DISCARD,low_score
77.565,1423,class45,0.672,0.336,DISCARD,low_score
77.565,1423,class39,0.498,0.249,DISCARD,low_score
77.565,1423,class77,0.365,0.182,DISCARD,low_score
77.62,1424,class39,0.686,0.343,DISCARD,low_score
77.62,1424,class62,0.635,0.318,DISCARD,low_score
77.62,1424,class45,0.632,0.316,DISCARD,low_score
77.62,1424,class77,0.417,0.208,DISCARD,low_score
77.675,1425,class45,0.711,0.355,DISCARD,low_score
77.675,1425,class41,0.512,0.256,DISCARD,low_score
77.675,1425,class39,0.432,0.216,DISCARD,low_score
77.675,1425,class62,0.326,0.163,DISCARD,low_score
77.675,1425,class77,0.323,0.161,DISCARD,low_score
77.729,1426,class45,0.63,0.315,DISCARD,low_score
77.729,1426,class39,0.619,0.309,DISCARD,low_score
77.729,1426,class39,0.514,0.257,DISCARD,low_score
77.729,1426,class77,0.5,0.25,DISCARD,low_score
77.729,1426,class41,0.488,0.244,DISCARD,low_score
77.729,1426,class62,0.308,0.154,DISCARD,low_score
77.784,1427,class45,0.683,0.341,DISCARD,low_score
77.784,1427,class39,0.679,0.34,DISCARD,low_score
77.784,1427,class41,0.484,0.242,DISCARD,low_score
77.839,1428,class45,0.689,0.345,DISCARD,low_score
77.839,1428,class39,0.336,0.168,DISCARD,low_score
77.839,1428,class41,0.286,0.143,DISCARD,low_score
77.893,1429,class45,0.743,0.372,DISCARD,low_score
77.893,1429,class41,0.484,0.242,DISCARD,low_score
77.893,1429,class39,0.35,0.175,DISCARD,low_score
77.947,1430,class45,0.714,0.357,DISCARD,low_score
77.947,1430,class39,0.417,0.208,DISCARD,low_score
77.947,1430,class41,0.354,0.177,DISCARD,low_score
77.947,1430,class45,0.281,0.141,DISCARD,low_score
77.947,1430,class62,0.277,0.138,DISCARD,low_score
78.002,1431,class45,0.657,0.328,DISCARD,low_score
78.002,1431,class39,0.596,0.298,DISCARD,low_score
78.002,1431,class77,0.365,0.182,DISCARD,low_score
78.002,1431,class41,0.359,0.18,DISCARD,low_score
78.002,1431,class45,0.317,0.159,DISCARD,low_score
78.002,1431,class62,0.258,0.129,DISCARD,low_score
78.002,1431,class45,0.255,0.128,DISCARD,low_score
78.057,1432,class45,0.709,0.355,DISCARD,low_score
78.057,1432,class39,0.672,0.336,DISCARD,low_score
78.057,1432,class45,0.434,0.217,DISCARD,low_score
78.057,1432,class41,0.272,0.136,DISCARD,low_score
78.057,1432,class39,0.267,0.134,DISCARD,low_score
78.057,1432,class77,0.258,0.129,DISCARD,low_score
78.111,1433,class45,0.684,0.342,DISCARD,low_score
78.111,1433,class39,0.585,0.293,DISCARD,low_score
78.111,1433,class45,0.424,0.212,DISCARD,low_score
78.111,1433,class41,0.356,0.178,DISCARD,low_score
78.111,1433,class69,0.331,0.166,DISCARD,low_score
78.111,1433,class45,0.316,0.158,DISCARD,low_score
78.166,1434,class45,0.779,0.389,DISCARD,low_score
78.166,1434,class39,0.639,0.319,DISCARD,low_score
78.166,1434,class45,0.482,0.241,DISCARD,low_score
78.166,1434,class41,0.376,0.188,DISCARD,low_score
78.221,1435,class45,0.739,0.369,DISCARD,low_score
78.221,1435,class39,0.684,0.342,DISCARD,low_score
78.221,1435,class45,0.533,0.267,DISCARD,low_score
78.221,1435,class41,0.291,0.145,DISCARD,low_score
78.275,1436,class45,0.635,0.318,DISCARD,low_score
78.275,1436,class39,0.617,0.308,DISCARD,low_score
78.275,1436,class45,0.48,0.24,DISCARD,low_score
78.275,1436,class41,0.372,0.186,DISCARD,low_score
78.275,1436,class45,0.354,0.177,DISCARD,low_score
78.275,1436,class77,0.272,0.136,DISCARD,low_score
78.33,1437,class45,0.577,0.289,DISCARD,low_score
78.33,1437,class39,0.496,0.248,DISCARD,low_score
78.33,1437,class41,0.48,0.24,DISCARD,low_score
78.33,1437,class45,0.264,0.132,DISCARD,low_score
78.385,1438,class45,0.633,0.317,DISCARD,low_score
78.385,1438,class45,0.436,0.218,DISCARD,low_score
78.385,1438,class39,0.39,0.195,DISCARD,low_score
78.385,1438,class41,0.381,0.191,DISCARD,low_score
78.385,1438,class45,0.374,0.187,DISCARD,low_score
78.385,1438,class45,0.264,0.132,DISCARD,low_score
78.44,1439,class45,0.635,0.318,DISCARD,low_score
78.44,1439,class39,0.576,0.288,DISCARD,low_score
78.44,1439,class45,0.502,0.251,DISCARD,low_score
78.494,1440,class45,0.642,0.321,DISCARD,low_score
78.494,1440,class39,0.633,0.317,DISCARD,low_score
78.494,1440,class45,0.438,0.219,DISCARD,low_score
78.494,1440,class41,0.314,0.157,DISCARD,low_score
78.494,1440,class45,0.274,0.137,DISCARD,low_score
78.549,1441,class39,0.679,0.34,DISCARD,low_score
78.549,1441,class45,0.455,0.228,DISCARD,low_score
78.549,1441,class45,0.329,0.165,DISCARD,low_score
78.603,1442,class39,0.646,0.323,DISCARD,low_score
78.603,1442,class45,0.492,0.246,DISCARD,low_score
78.603,1442,class45,0.428,0.214,DISCARD,low_score
78.603,1442,class41,0.39,0.195,DISCARD,low_score
78.658,1443,class39,0.684,0.342,DISCARD,low_score
78.658,1443,class45,0.484,0.242,DISCARD,low_score
78.658,1443,class45,0.424,0.212,DISCARD,low_score
78.658,1443,class45,0.361,0.181,DISCARD,low_score
78.658,1443,class41,0.297,0.149,DISCARD,low_score
78.658,1443,class39,0.264,0.132,DISCARD,low_score
78.712,1444,class39,0.662,0.331,DISCARD,low_score
78.712,1444,class45,0.537,0.269,DISCARD,low_score
78.712,1444,class45,0.424,0.212,DISCARD,low_score
78.712,1444,class41,0.378,0.189,DISCARD,low_score
78.767,1445,class39,0.655,0.327,DISCARD,low_score
78.767,1445,class45,0.633,0.317,DISCARD,low_score
78.767,1445,class41,0.459,0.23,DISCARD,low_score
78.767,1445,class45,0.411,0.206,DISCARD,low_score
78.821,1446,class45,0.722,0.361,DISCARD,low_score
78.821,1446,class45,0.635,0.318,DISCARD,low_score
78.821,1446,class39,0.527,0.264,DISCARD,low_score
78.821,1446,class41,0.272,0.136,DISCARD,low_score
78.876,1447,class39,0.574,0.287,DISCARD,low_score
78.876,1447,class45,0.553,0.276,DISCARD,low_score
78.876,1447,class41,0.469,0.234,DISCARD,low_score
78.876,1447,class45,0.368,0.184,DISCARD,low_score
78.93,1448,class39,0.608,0.304,DISCARD,low_score
78.93,1448,class45,0.589,0.294,DISCARD,low_score
78.93,1448,class45,0.432,0.216,DISCARD,low_score
78.93,1448,class41,0.358,0.179,DISCARD,low_score
78.985,1449,class39,0.686,0.343,DISCARD,low_score
78.985,1449,class45,0.613,0.307,DISCARD,low_score
78.985,1449,class45,0.518,0.259,DISCARD,low_score
78.985,1449,class45,0.446,0.223,DISCARD,low_score
78.985,1449,class41,0.293,0.146,DISCARD,low_score
79.04,1450,class45,0.606,0.303,DISCARD,low_score
79.04,1450,class39,0.572,0.286,DISCARD,low_score
79.04,1450,class45,0.35,0.175,DISCARD,low_score
79.04,1450,class41,0.275,0.138,DISCARD,low_score
79.094,1451,class45,0.712,0.356,DISCARD,low_score
79.094,1451,class39,0.611,0.306,DISCARD,low_score
79.094,1451,class45,0.529,0.265,DISCARD,low_score
79.094,1451,class41,0.411,0.206,DISCARD,low_score
79.094,1451,class45,0.361,0.181,DISCARD,low_score
79.149,1452,class45,0.646,0.323,DISCARD,low_score
79.149,1452,class45,0.556,0.278,DISCARD,low_score
79.149,1452,class39,0.541,0.27,DISCARD,low_score
79.149,1452,class39,0.461,0.231,DISCARD,low_score
79.203,1453,class39,0.593,0.296,DISCARD,low_score
79.203,1453,class45,0.465,0.232,DISCARD,low_score
79.203,1453,class45,0.394,0.197,DISCARD,low_score
79.258,1454,class39,0.615,0.308,DISCARD,low_score
79.258,1454,class45,0.556,0.278,DISCARD,low_score
79.258,1454,class45,0.496,0.248,DISCARD,low_score
79.258,1454,class45,0.343,0.172,DISCARD,low_score
79.258,1454,class41,0.326,0.163,DISCARD,low_score
79.313,1455,class45,0.674,0.337,DISCARD,low_score
79.313,1455,class39,0.608,0.304,DISCARD,low_score
79.313,1455,class41,0.48,0.24,DISCARD,low_score
79.313,1455,class45,0.48,0.24,DISCARD,low_score
79.313,1455,class45,0.404,0.202,DISCARD,low_score
79.367,1456,class45,0.686,0.343,DISCARD,low_score
79.367,1456,class45,0.637,0.319,DISCARD,low_score
79.367,1456,class39,0.593,0.296,DISCARD,low_score
79.367,1456,class41,0.438,0.219,DISCARD,low_score
79.422,1457,class39,0.637,0.319,DISCARD,low_score
79.422,1457,class45,0.589,0.294,DISCARD,low_score
79.422,1457,class45,0.583,0.292,DISCARD,low_score
79.422,1457,class41,0.459,0.23,DISCARD,low_score
79.422,1457,class45,0.409,0.205,DISCARD,low_score
79.422,1457,class70,0.258,0.129,DISCARD,low_score
79.477,1458,class39,0.591,0.295,DISCARD,low_score
79.477,1458,class45,0.587,0.293,DISCARD,low_score
79.477,1458,class41,0.543,0.271,DISCARD,low_score
79.477,1458,class45,0.535,0.268,DISCARD,low_score
79.477,1458,class45,0.413,0.207,DISCARD,low_score
79.477,1458,class45,0.275,0.138,DISCARD,low_score
79.532,1459,class39,0.642,0.321,DISCARD,low_score
79.532,1459,class45,0.585,0.293,DISCARD,low_score
79.532,1459,class45,0.394,0.197,DISCARD,low_score
79.532,1459,class45,0.307,0.154,DISCARD,low_score
79.532,1459,class41,0.299,0.15,DISCARD,low_score
79.586,1460,class45,0.679,0.34,DISCARD,low_score
79.586,1460,class39,0.657,0.328,DISCARD,low_score
79.586,1460,class45,0.595,0.297,DISCARD,low_score
79.586,1460,class45,0.363,0.181,DISCARD,low_score
79.586,1460,class41,0.299,0.15,DISCARD,low_score
79.641,1461,class45,0.66,0.33,DISCARD,low_score
79.641,1461,class39,0.648,0.324,DISCARD,low_score
79.641,1461,class45,0.564,0.282,DISCARD,low_score
79.641,1461,class41,0.415,0.207,DISCARD,low_score
79.641,1461,class45,0.342,0.171,DISCARD,low_score
79.641,1461,class45,0.307,0.154,DISCARD,low_score
79.696,1462,class45,0.719,0.359,DISCARD,low_score
79.696,1462,class39,0.598,0.299,DISCARD,low_score
79.696,1462,class45,0.529,0.265,DISCARD,low_score
79.696,1462,class41,0.4,0.2,DISCARD,low_score
79.696,1462,class59,0.288,0.144,DISCARD,low_score
79.696,1462,class45,0.274,0.137,DISCARD,low_score
79.696,1462,class45,0.264,0.132,DISCARD,low_score
79.751,1463,class45,0.719,0.359,DISCARD,low_score
79.751,1463,class39,0.613,0.307,DISCARD,low_score
79.751,1463,class45,0.547,0.273,DISCARD,low_score
79.751,1463,class41,0.411,0.206,DISCARD,low_score
79.751,1463,class45,0.251,0.125,DISCARD,low_score
79.806,1464,class45,0.736,0.368,DISCARD,low_score
79.806,1464,class39,0.593,0.296,DISCARD,low_score
79.806,1464,class45,0.553,0.276,DISCARD,low_score
79.806,1464,class41,0.385,0.192,DISCARD,low_score
79.806,1464,class45,0.28,0.14,DISCARD,low_score
79.86,1465,class45,0.714,0.357,DISCARD,low_score
79.86,1465,class39,0.596,0.298,DISCARD,low_score
79.86,1465,class45,0.535,0.268,DISCARD,low_score
79.86,1465,class41,0.475,0.237,DISCARD,low_score
79.86,1465,class45,0.331,0.166,DISCARD,low_score
79.86,1465,class59,0.304,0.152,DISCARD,low_score
79.915,1466,class45,0.676,0.338,DISCARD,low_score
79.915,1466,class39,0.622,0.311,DISCARD,low_score
79.915,1466,class41,0.541,0.27,DISCARD,low_score
79.915,1466,class45,0.525,0.263,DISCARD,low_score
79.915,1466,class45,0.272,0.136,DISCARD,low_score
79.97,1467,class45,0.683,0.341,DISCARD,low_score
79.97,1467,class39,0.589,0.294,DISCARD,low_score
79.97,1467,class41,0.407,0.204,DISCARD,low_score
79.97,1467,class45,0.379,0.19,DISCARD,low_score
79.97,1467,class45,0.328,0.164,DISCARD,low_score
79.97,1467,class45,0.277,0.138,DISCARD,low_score
80.025,1468,class45,0.784,0.392,DISCARD,low_score
80.025,1468,class39,0.61,0.305,DISCARD,low_score
80.025,1468,class45,0.514,0.257,DISCARD,low_score
80.025,1468,class45,0.347,0.173,DISCARD,low_score
80.025,1468,class41,0.343,0.172,DISCARD,low_score
80.025,1468,class45,0.283,0.141,DISCARD,low_score
80.08,1469,class45,0.755,0.377,DISCARD,low_score
80.08,1469,class45,0.73,0.365,DISCARD,low_score
80.08,1469,class41,0.496,0.248,DISCARD,low_score
80.08,1469,class39,0.488,0.244,DISCARD,low_score
80.08,1469,class45,0.255,0.128,DISCARD,low_score
80.134,1470,class45,0.761,0.38,DISCARD,low_score
80.134,1470,class45,0.662,0.331,DISCARD,low_score
80.134,1470,class41,0.587,0.293,DISCARD,low_score
80.134,1470,class39,0.562,0.281,DISCARD,low_score
80.189,1471,class45,0.707,0.354,DISCARD,low_score
80.189,1471,class45,0.637,0.319,DISCARD,low_score
80.189,1471,class39,0.583,0.292,DISCARD,low_score
80.189,1471,class41,0.465,0.232,DISCARD,low_score
80.243,1472,class45,0.696,0.348,DISCARD,low_score
80.243,1472,class45,0.664,0.332,DISCARD,low_score
80.243,1472,class39,0.635,0.318,DISCARD,low_score
80.243,1472,class45,0.508,0.254,DISCARD,low_score
80.298,1473,class45,0.736,0.368,DISCARD,low_score
80.298,1473,class45,0.693,0.346,DISCARD,low_score
80.298,1473,class45,0.669,0.334,DISCARD,low_score
80.298,1473,class39,0.598,0.299,DISCARD,low_score
80.298,1473,class41,0.432,0.216,DISCARD,low_score
80.353,1474,class45,0.683,0.341,DISCARD,low_score
80.353,1474,class45,0.681,0.34,DISCARD,low_score
80.353,1474,class39,0.615,0.308,DISCARD,low_score
80.353,1474,class45,0.376,0.188,DISCARD,low_score
80.353,1474,class41,0.359,0.18,DISCARD,low_score
80.353,1474,class45,0.342,0.171,DISCARD,low_score
80.353,1474,class45,0.275,0.138,DISCARD,low_score
80.408,1475,class45,0.698,0.349,DISCARD,low_score
80.408,1475,class45,0.641,0.32,DISCARD,low_score
80.408,1475,class39,0.556,0.278,DISCARD,low_score
80.408,1475,class45,0.459,0.23,DISCARD,low_score
80.408,1475,class41,0.398,0.199,DISCARD,low_score
80.408,1475,class45,0.263,0.131,DISCARD,low_score
80.463,1476,class45,0.701,0.35,DISCARD,low_score
80.463,1476,class45,0.684,0.342,DISCARD,low_score
80.463,1476,class39,0.664,0.332,DISCARD,low_score
80.463,1476,class45,0.446,0.223,DISCARD,low_score
80.463,1476,class45,0.398,0.199,DISCARD,low_score
80.463,1476,class45,0.251,0.125,DISCARD,low_score
80.518,1477,class45,0.635,0.318,DISCARD,low_score
80.518,1477,class45,0.57,0.285,DISCARD,low_score
80.518,1477,class39,0.504,0.252,DISCARD,low_score
80.518,1477,class45,0.374,0.187,DISCARD,low_score
80.582,1478,class45,0.63,0.315,DISCARD,low_score
80.582,1478,class39,0.61,0.305,DISCARD,low_score
80.582,1478,class45,0.521,0.261,DISCARD,low_score
80.582,1478,class45,0.261,0.131,DISCARD,low_score
80.637,1479,class45,0.694,0.347,DISCARD,low_score
80.637,1479,class39,0.628,0.314,DISCARD,low_score
80.637,1479,class45,0.527,0.264,DISCARD,low_score
80.637,1479,class41,0.411,0.206,DISCARD,low_score
80.637,1479,class45,0.352,0.176,DISCARD,low_score
80.637,1479,class45,0.306,0.153,DISCARD,low_score
80.691,1480,class45,0.753,0.377,DISCARD,low_score
80.691,1480,class39,0.749,0.375,DISCARD,low_score
80.691,1480,class45,0.617,0.308,DISCARD,low_score
80.691,1480,class45,0.342,0.171,DISCARD,low_score
80.691,1480,class41,0.342,0.171,DISCARD,low_score
80.691,1480,class57,0.296,0.148,DISCARD,low_score
80.746,1481,class45,0.746,0.373,DISCARD,low_score
80.746,1481,class39,0.717,0.359,DISCARD,low_score
80.746,1481,class45,0.648,0.324,DISCARD,low_score
80.746,1481,class57,0.467,0.233,DISCARD,low_score
80.746,1481,class41,0.432,0.216,DISCARD,low_score
80.746,1481,class45,0.299,0.15,DISCARD,low_score
80.801,1482,class39,0.693,0.346,DISCARD,low_score
80.801,1482,class45,0.667,0.334,DISCARD,low_score
80.801,1482,class45,0.581,0.291,DISCARD,low_score
80.801,1482,class57,0.545,0.272,DISCARD,low_score
80.801,1482,class45,0.484,0.242,DISCARD,low_score
80.801,1482,class45,0.413,0.207,DISCARD,low_score
80.856,1483,class39,0.684,0.342,DISCARD,low_score
80.856,1483,class45,0.65,0.325,DISCARD,low_score
80.856,1483,class45,0.639,0.319,DISCARD,low_score
80.856,1483,class57,0.531,0.266,DISCARD,low_score
80.856,1483,class41,0.297,0.149,DISCARD,low_score
80.856,1483,class45,0.255,0.128,DISCARD,low_score
80.911,1484,class39,0.712,0.356,DISCARD,low_score
80.911,1484,class45,0.704,0.352,DISCARD,low_score
80.911,1484,class45,0.686,0.343,DISCARD,low_score
80.911,1484,class45,0.549,0.274,DISCARD,low_score
80.911,1484,class57,0.5,0.25,DISCARD,low_score
80.911,1484,class45,0.413,0.207,DISCARD,low_score
80.966,1485,class45,0.809,0.405,DISCARD,low_score
80.966,1485,class45,0.648,0.324,DISCARD,low_score
80.966,1485,class39,0.562,0.281,DISCARD,low_score
80.966,1485,class57,0.554,0.277,DISCARD,low_score
80.966,1485,class45,0.361,0.181,DISCARD,low_score
80.966,1485,class41,0.293,0.146,DISCARD,low_score
80.966,1485,class39,0.264,0.132,DISCARD,low_score
81.021,1486,class39,0.715,0.358,DISCARD,low_score
81.021,1486,class45,0.711,0.355,DISCARD,low_score
81.021,1486,class45,0.626,0.313,DISCARD,low_score
81.021,1486,class57,0.539,0.269,DISCARD,low_score
81.021,1486,class45,0.43,0.215,DISCARD,low_score
81.075,1487,class45,0.752,0.376,DISCARD,low_score
81.075,1487,class39,0.701,0.35,DISCARD,low_score
81.075,1487,class57,0.646,0.323,DISCARD,low_score
81.075,1487,class45,0.644,0.322,DISCARD,low_score
81.075,1487,class45,0.317,0.159,DISCARD,low_score
81.075,1487,class41,0.264,0.132,DISCARD,low_score
81.13,1488,class45,0.693,0.346,DISCARD,low_score
81.13,1488,class45,0.66,0.33,DISCARD,low_score
81.13,1488,class57,0.579,0.29,DISCARD,low_score
81.13,1488,class39,0.527,0.264,DISCARD,low_score
81.13,1488,class59,0.518,0.259,DISCARD,low_score
81.13,1488,class45,0.413,0.207,DISCARD,low_score
81.13,1488,class41,0.354,0.177,DISCARD,low_score
81.13,1488,class39,0.266,0.133,DISCARD,low_score
81.185,1489,class59,0.706,0.353,DISCARD,low_score
81.185,1489,class45,0.641,0.32,DISCARD,low_score
81.185,1489,class39,0.585,0.293,DISCARD,low_score
81.185,1489,class45,0.516,0.258,DISCARD,low_score
81.185,1489,class45,0.423,0.211,DISCARD,low_score
81.185,1489,class57,0.342,0.171,DISCARD,low_score
81.185,1489,class41,0.263,0.131,DISCARD,low_score
81.24,1490,class59,0.714,0.357,DISCARD,low_score
81.24,1490,class45,0.709,0.355,DISCARD,low_score
81.24,1490,class45,0.679,0.34,DISCARD,low_score
81.24,1490,class57,0.581,0.291,DISCARD,low_score
81.24,1490,class45,0.558,0.279,DISCARD,low_score
81.24,1490,class45,0.549,0.274,DISCARD,low_score
81.24,1490,class39,0.547,0.273,DISCARD,low_score
81.24,1490,class45,0.294,0.147,DISCARD,low_score
81.296,1491,class59,0.819,0.409,DISCARD,low_score
81.296,1491,class45,0.701,0.35,DISCARD,low_score
81.296,1491,class45,0.684,0.342,DISCARD,low_score
81.296,1491,class39,0.587,0.293,DISCARD,low_score
81.296,1491,class41,0.342,0.171,DISCARD,low_score
81.351,1492,class59,0.793,0.397,DISCARD,low_score
81.351,1492,class45,0.74,0.37,DISCARD,low_score
81.351,1492,class39,0.693,0.346,DISCARD,low_score
81.351,1492,class45,0.608,0.304,DISCARD,low_score
81.351,1492,class41,0.37,0.185,DISCARD,low_score
81.351,1492,class45,0.349,0.174,DISCARD,low_score
81.351,1492,class45,0.316,0.158,DISCARD,low_score
81.351,1492,class39,0.307,0.154,DISCARD,low_score
81.406,1493,class45,0.804,0.402,DISCARD,low_score
81.406,1493,class59,0.788,0.394,DISCARD,low_score
81.406,1493,class39,0.688,0.344,DISCARD,low_score
81.406,1493,class45,0.533,0.267,DISCARD,low_score
81.406,1493,class41,0.326,0.163,DISCARD,low_score
81.461,1494,class59,0.796,0.398,DISCARD,low_score
81.461,1494,class45,0.759,0.38,DISCARD,low_score
81.461,1494,class39,0.626,0.313,DISCARD,low_score
81.461,1494,class45,0.498,0.249,DISCARD,low_score
81.461,1494,class41,0.475,0.237,DISCARD,low_score
81.461,1494,class45,0.352,0.176,DISCARD,low_score
81.516,1495,class59,0.803,0.402,DISCARD,low_score
81.516,1495,class45,0.773,0.387,DISCARD,low_score
81.516,1495,class45,0.689,0.345,DISCARD,low_score
81.516,1495,class39,0.619,0.309,DISCARD,low_score
81.516,1495,class57,0.521,0.261,DISCARD,low_score
81.516,1495,class41,0.404,0.202,DISCARD,low_score
81.571,1496,class59,0.844,0.422,DISCARD,low_score
81.571,1496,class45,0.736,0.368,DISCARD,low_score
81.571,1496,class45,0.704,0.352,DISCARD,low_score
81.571,1496,class39,0.691,0.345,DISCARD,low_score
81.625,1497,class59,0.812,0.406,DISCARD,low_score
81.625,1497,class45,0.753,0.377,DISCARD,low_score
81.625,1497,class39,0.632,0.316,DISCARD,low_score
81.625,1497,class45,0.628,0.314,DISCARD,low_score
81.625,1497,class45,0.457,0.229,DISCARD,low_score
81.625,1497,class41,0.404,0.202,DISCARD,low_score
81.625,1497,class39,0.304,0.152,DISCARD,low_score
81.625,1497,class45,0.293,0.146,DISCARD,low_score
81.68,1498,class59,0.835,0.418,DISCARD,low_score
81.68,1498,class39,0.756,0.378,DISCARD,low_score
81.68,1498,class45,0.674,0.337,DISCARD,low_score
81.68,1498,class45,0.658,0.329,DISCARD,low_score
81.68,1498,class45,0.549,0.274,DISCARD,low_score
81.68,1498,class41,0.363,0.181,DISCARD,low_score
81.68,1498,class45,0.251,0.125,DISCARD,low_score
81.735,1499,class59,0.826,0.413,DISCARD,low_score
81.735,1499,class45,0.745,0.372,DISCARD,low_score
81.735,1499,class45,0.676,0.338,DISCARD,low_score
81.735,1499,class41,0.477,0.238,DISCARD,low_score
81.735,1499,class39,0.398,0.199,DISCARD,low_score
81.79,1500,class59,0.819,0.409,DISCARD,low_score
81.79,1500,class45,0.803,0.402,DISCARD,low_score
81.79,1500,class45,0.66,0.33,DISCARD,low_score
81.79,1500,class45,0.484,0.242,DISCARD,low_score
81.79,1500,class39,0.467,0.233,DISCARD,low_score
81.79,1500,class41,0.442,0.221,DISCARD,low_score
81.79,1500,class45,0.302,0.151,DISCARD,low_score
81.845,1501,class59,0.772,0.386,DISCARD,low_score
81.845,1501,class45,0.761,0.38,DISCARD,low_score
81.845,1501,class45,0.579,0.29,DISCARD,low_score
81.845,1501,class41,0.521,0.261,DISCARD,low_score
81.845,1501,class39,0.48,0.24,DISCARD,low_score
81.845,1501,class45,0.461,0.231,DISCARD,low_score
81.9,1502,class59,0.84,0.42,DISCARD,low_score
81.9,1502,class45,0.807,0.403,DISCARD,low_score
81.9,1502,class45,0.657,0.328,DISCARD,low_score
81.9,1502,class39,0.633,0.317,DISCARD,low_score
81.9,1502,class41,0.564,0.282,DISCARD,low_score
81.9,1502,class45,0.333,0.166,DISCARD,low_score
81.955,1503,class59,0.854,0.427,DISCARD,low_score
81.955,1503,class45,0.827,0.413,DISCARD,low_score
81.955,1503,class45,0.646,0.323,DISCARD,low_score
81.955,1503,class39,0.615,0.308,DISCARD,low_score
81.955,1503,class41,0.404,0.202,DISCARD,low_score
81.955,1503,class45,0.285,0.142,DISCARD,low_score
81.955,1503,class45,0.263,0.131,DISCARD,low_score
82.01,1504,class45,0.854,0.427,DISCARD,low_score
82.01,1504,class59,0.814,0.407,DISCARD,low_score
82.01,1504,class45,0.758,0.379,DISCARD,low_score
82.01,1504,class39,0.66,0.33,DISCARD,low_score
82.01,1504,class41,0.484,0.242,DISCARD,low_score
82.065,1505,class59,0.822,0.411,DISCARD,low_score
82.065,1505,class45,0.808,0.404,DISCARD,low_score
82.065,1505,class45,0.765,0.382,DISCARD,low_score
82.065,1505,class41,0.686,0.343,DISCARD,low_score
82.065,1505,class39,0.585,0.293,DISCARD,low_score
82.065,1505,class39,0.37,0.185,DISCARD,low_score
82.12,1506,class59,0.862,0.431,DISCARD,low_score
82.12,1506,class45,0.766,0.383,DISCARD,low_score
82.12,1506,class45,0.752,0.376,DISCARD,low_score
82.12,1506,class39,0.595,0.297,DISCARD,low_score
82.12,1506,class45,0.361,0.181,DISCARD,low_score
82.12,1506,class39,0.277,0.138,DISCARD,low_score
82.175,1507,class59,0.823,0.412,DISCARD,low_score
82.175,1507,class45,0.733,0.366,DISCARD,low_score
82.175,1507,class45,0.72,0.36,DISCARD,low_score
82.175,1507,class39,0.677,0.339,DISCARD,low_score
82.175,1507,class45,0.311,0.155,DISCARD,low_score
82.229,1508,class59,0.768,0.384,DISCARD,low_score
82.229,1508,class45,0.761,0.38,DISCARD,low_score
82.229,1508,class45,0.681,0.34,DISCARD,low_score
82.229,1508,class39,0.608,0.304,DISCARD,low_score
82.229,1508,class41,0.469,0.234,DISCARD,low_score
82.284,1509,class59,0.839,0.419,DISCARD,low_score
82.284,1509,class45,0.833,0.417,DISCARD,low_score
82.284,1509,class45,0.677,0.339,DISCARD,low_score
82.284,1509,class39,0.602,0.301,DISCARD,low_score
82.284,1509,class41,0.556,0.278,DISCARD,low_score
82.284,1509,class45,0.278,0.139,DISCARD,low_score
82.339,1510,class45,0.821,0.411,DISCARD,low_score
82.339,1510,class59,0.791,0.395,DISCARD,low_score
82.339,1510,class45,0.674,0.337,DISCARD,low_score
82.339,1510,class39,0.564,0.282,DISCARD,low_score
82.339,1510,class41,0.309,0.155,DISCARD,low_score
82.339,1510,class41,0.294,0.147,DISCARD,low_score
82.394,1511,class59,0.797,0.398,DISCARD,low_score
82.394,1511,class45,0.784,0.392,DISCARD,low_score
82.394,1511,class45,0.646,0.323,DISCARD,low_score
82.394,1511,class39,0.608,0.304,DISCARD,low_score
82.394,1511,class41,0.297,0.149,DISCARD,low_score
82.449,1512,class45,0.814,0.407,DISCARD,low_score
82.449,1512,class59,0.81,0.405,DISCARD,low_score
82.449,1512,class45,0.637,0.319,DISCARD,low_score
82.449,1512,class39,0.628,0.314,DISCARD,low_score
82.449,1512,class41,0.266,0.133,DISCARD,low_score
82.503,1513,class45,0.803,0.402,DISCARD,low_score
82.503,1513,class59,0.756,0.378,DISCARD,low_score
82.503,1513,class45,0.704,0.352,DISCARD,low_score
82.503,1513,class39,0.596,0.298,DISCARD,low_score
82.503,1513,class41,0.26,0.13,DISCARD,low_score
82.558,1514,class59,0.807,0.403,DISCARD,low_score
82.558,1514,class45,0.799,0.4,DISCARD,low_score
82.558,1514,class45,0.684,0.342,DISCARD,low_score
82.558,1514,class39,0.572,0.286,DISCARD,low_score
82.558,1514,class41,0.37,0.185,DISCARD,low_score
82.558,1514,class41,0.297,0.149,DISCARD,low_score
82.613,1515,class45,0.804,0.402,DISCARD,low_score
82.613,1515,class59,0.788,0.394,DISCARD,low_score
82.613,1515,class45,0.671,0.335,DISCARD,low_score
82.613,1515,class39,0.533,0.267,DISCARD,low_score
82.613,1515,class41,0.363,0.181,DISCARD,low_score
82.613,1515,class41,0.329,0.165,DISCARD,low_score
82.668,1516,class45,0.799,0.4,DISCARD,low_score
82.668,1516,class59,0.759,0.38,DISCARD,low_score
82.668,1516,class39,0.739,0.369,DISCARD,low_score
82.668,1516,class45,0.711,0.355,DISCARD,low_score
82.668,1516,class41,0.407,0.204,DISCARD,low_score
82.668,1516,class45,0.307,0.154,DISCARD,low_score
82.668,1516,class41,0.285,0.142,DISCARD,low_score
82.723,1517,class45,0.743,0.372,DISCARD,low_score
82.723,1517,class45,0.725,0.362,DISCARD,low_score
82.723,1517,class59,0.669,0.334,DISCARD,low_score
82.723,1517,class39,0.566,0.283,DISCARD,low_score
82.723,1517,class41,0.432,0.216,DISCARD,low_score
82.723,1517,class57,0.371,0.186,DISCARD,low_score
82.778,1518,class45,0.816,0.408,DISCARD,low_score
82.778,1518,class45,0.809,0.405,DISCARD,low_score
82.778,1518,class59,0.746,0.373,DISCARD,low_score
82.778,1518,class39,0.734,0.367,DISCARD,low_score
82.778,1518,class45,0.34,0.17,DISCARD,low_score
82.778,1518,class41,0.264,0.132,DISCARD,low_score
82.833,1519,class45,0.81,0.405,DISCARD,low_score
82.833,1519,class45,0.804,0.402,DISCARD,low_score
82.833,1519,class59,0.671,0.335,DISCARD,low_score
82.833,1519,class41,0.554,0.277,DISCARD,low_score
82.833,1519,class39,0.543,0.271,DISCARD,low_score
82.833,1519,class57,0.337,0.169,DISCARD,low_score
82.888,1520,class45,0.807,0.403,DISCARD,low_score
82.888,1520,class45,0.694,0.347,DISCARD,low_score
82.888,1520,class59,0.653,0.327,DISCARD,low_score
82.888,1520,class57,0.556,0.278,DISCARD,low_score
82.888,1520,class39,0.479,0.239,DISCARD,low_score
82.888,1520,class45,0.361,0.181,DISCARD,low_score
82.943,1521,class57,0.756,0.378,DISCARD,low_score
82.943,1521,class45,0.751,0.375,DISCARD,low_score
82.943,1521,class45,0.65,0.325,DISCARD,low_score
82.943,1521,class39,0.5,0.25,DISCARD,low_score
82.943,1521,class45,0.392,0.196,DISCARD,low_score
82.943,1521,class41,0.331,0.166,DISCARD,low_score
82.943,1521,class45,0.311,0.155,DISCARD,low_score
82.998,1522,class59,0.733,0.366,DISCARD,low_score
82.998,1522,class45,0.728,0.364,DISCARD,low_score
82.998,1522,class39,0.679,0.34,DISCARD,low_score
82.998,1522,class45,0.596,0.298,DISCARD,low_score
82.998,1522,class57,0.484,0.242,DISCARD,low_score
83.053,1523,class45,0.797,0.398,DISCARD,low_score
83.053,1523,class45,0.728,0.364,DISCARD,low_score
83.053,1523,class59,0.648,0.324,DISCARD,low_score
83.053,1523,class39,0.564,0.282,DISCARD,low_score
83.053,1523,class57,0.438,0.219,DISCARD,low_score
83.053,1523,class41,0.277,0.138,DISCARD,low_score
83.053,1523,class16,0.257,0.128,DISCARD,low_score
83.108,1524,class45,0.806,0.403,DISCARD,low_score
83.108,1524,class59,0.794,0.397,DISCARD,low_score
83.108,1524,class39,0.693,0.346,DISCARD,low_score
83.108,1524,class45,0.628,0.314,DISCARD,low_score
83.162,1525,class45,0.802,0.401,DISCARD,low_score
83.162,1525,class59,0.787,0.393,DISCARD,low_score
83.162,1525,class45,0.72,0.36,DISCARD,low_score
83.162,1525,class39,0.674,0.337,DISCARD,low_score
83.162,1525,class41,0.529,0.265,DISCARD,low_score
83.162,1525,class16,0.37,0.185,DISCARD,low_score
83.162,1525,class57,0.345,0.173,DISCARD,low_score
83.162,1525,class45,0.264,0.132,DISCARD,low_score
83.229,1526,class59,0.844,0.422,DISCARD,low_score
83.229,1526,class45,0.715,0.358,DISCARD,low_score
83.229,1526,class45,0.615,0.308,DISCARD,low_score
83.229,1526,class39,0.52,0.26,DISCARD,low_score
83.229,1526,class41,0.512,0.256,DISCARD,low_score
83.229,1526,class45,0.426,0.213,DISCARD,low_score
83.229,1526,class16,0.291,0.145,DISCARD,low_score
83.284,1527,class59,0.85,0.425,DISCARD,low_score
83.284,1527,class39,0.558,0.279,DISCARD,low_score
83.284,1527,class45,0.52,0.26,DISCARD,low_score
83.284,1527,class45,0.389,0.194,DISCARD,low_score
83.339,1528,class57,0.756,0.378,DISCARD,low_score
83.339,1528,class59,0.679,0.34,DISCARD,low_score
83.339,1528,class39,0.407,0.204,DISCARD,low_score
83.339,1528,class45,0.314,0.157,DISCARD,low_score
83.398,1529,class57,0.854,0.427,DISCARD,low_score
83.398,1529,class45,0.628,0.314,DISCARD,low_score
83.398,1529,class59,0.505,0.252,DISCARD,low_score
83.398,1529,class45,0.498,0.249,DISCARD,low_score
83.398,1529,class39,0.409,0.205,DISCARD,low_score
83.398,1529,class41,0.277,0.138,DISCARD,low_score
83.453,1530,class45,0.81,0.405,DISCARD,low_score
83.453,1530,class59,0.703,0.351,DISCARD,low_score
83.453,1530,class57,0.679,0.34,DISCARD,low_score
83.453,1530,class45,0.549,0.274,DISCARD,low_score
83.453,1530,class39,0.512,0.256,DISCARD,low_score
83.453,1530,class41,0.383,0.192,DISCARD,low_score
83.508,1531,class59,0.802,0.401,DISCARD,low_score
83.508,1531,class45,0.777,0.389,DISCARD,low_score
83.508,1531,class41,0.667,0.334,DISCARD,low_score
83.508,1531,class45,0.624,0.312,DISCARD,low_score
83.508,1531,class45,0.311,0.155,DISCARD,low_score
83.508,1531,class56,0.254,0.127,DISCARD,low_score
83.563,1532,class59,0.857,0.428,DISCARD,low_score
83.563,1532,class45,0.843,0.421,DISCARD,low_score
83.563,1532,class45,0.624,0.312,DISCARD,low_score
83.563,1532,class41,0.329,0.165,DISCARD,low_score
83.617,1533,class59,0.86,0.43,DISCARD,low_score
83.617,1533,class45,0.766,0.383,DISCARD,low_score
83.617,1533,class45,0.467,0.233,DISCARD,low_score
83.617,1533,class41,0.316,0.158,DISCARD,low_score
83.671,1534,class59,0.887,0.444,DISCARD,low_score
83.671,1534,class45,0.733,0.366,DISCARD,low_score
83.671,1534,class45,0.521,0.261,DISCARD,low_score
83.726,1535,class59,0.879,0.44,DISCARD,low_score
83.726,1535,class45,0.763,0.382,DISCARD,low_score
83.726,1535,class45,0.56,0.28,DISCARD,low_score
83.78,1536,class59,0.851,0.425,DISCARD,low_score
83.78,1536,class45,0.688,0.344,DISCARD,low_score
83.78,1536,class45,0.626,0.313,DISCARD,low_score
83.78,1536,class45,0.374,0.187,DISCARD,low_score
83.78,1536,class16,0.258,0.129,DISCARD,low_score
83.835,1537,class45,0.752,0.376,DISCARD,low_score
83.835,1537,class59,0.722,0.361,DISCARD,low_score
83.835,1537,class45,0.658,0.329,DISCARD,low_score
83.889,1538,class45,0.633,0.317,DISCARD,low_score
83.889,1538,class59,0.614,0.307,DISCARD,low_score
83.889,1538,class45,0.494,0.247,DISCARD,low_score
83.943,1539,class59,0.745,0.372,DISCARD,low_score
83.943,1539,class45,0.723,0.362,DISCARD,low_score
83.943,1539,class45,0.628,0.314,DISCARD,low_score
83.943,1539,class41,0.296,0.148,DISCARD,low_score
83.943,1539,class41,0.267,0.134,DISCARD,low_score
83.998,1540,class59,0.797,0.398,DISCARD,low_score
83.998,1540,class45,0.758,0.379,DISCARD,low_score
83.998,1540,class45,0.514,0.257,DISCARD,low_score
83.998,1540,class16,0.392,0.196,DISCARD,low_score
84.053,1541,class45,0.745,0.372,DISCARD,low_score
84.053,1541,class59,0.681,0.34,DISCARD,low_score
84.053,1541,class45,0.587,0.293,DISCARD,low_score
84.053,1541,class16,0.276,0.138,DISCARD,low_score
84.053,1541,class60,0.269,0.134,DISCARD,low_score
84.053,1541,class73,0.252,0.126,DISCARD,low_score
84.108,1542,class59,0.671,0.335,DISCARD,low_score
84.108,1542,class45,0.662,0.331,DISCARD,low_score
84.108,1542,class45,0.457,0.229,DISCARD,low_score
84.162,1543,class45,0.494,0.247,DISCARD,low_score
84.162,1543,class45,0.385,0.192,DISCARD,low_score
84.162,1543,class59,0.318,0.159,DISCARD,low_score
84.217,1544,class45,0.761,0.38,DISCARD,low_score
84.217,1544,class59,0.698,0.349,DISCARD,low_score
84.217,1544,class45,0.566,0.283,DISCARD,low_score
84.217,1544,class60,0.272,0.136,DISCARD,low_score
84.271,1545,class45,0.606,0.303,DISCARD,low_score
84.271,1545,class45,0.541,0.27,DISCARD,low_score
84.271,1545,class59,0.35,0.175,DISCARD,low_score
84.271,1545,class60,0.349,0.174,DISCARD,low_score
84.325,1546,class59,0.746,0.373,DISCARD,low_score
84.325,1546,class45,0.679,0.34,DISCARD,low_score
84.325,1546,class45,0.591,0.295,DISCARD,low_score
84.325,1546,class60,0.335,0.167,DISCARD,low_score
84.38,1547,class59,0.655,0.327,DISCARD,low_score
84.38,1547,class45,0.633,0.317,DISCARD,low_score
84.38,1547,class45,0.574,0.287,DISCARD,low_score
84.38,1547,class60,0.255,0.128,DISCARD,low_score
84.435,1548,class45,0.78,0.39,DISCARD,low_score
84.435,1548,class59,0.707,0.354,DISCARD,low_score
84.435,1548,class45,0.593,0.296,DISCARD,low_score
84.435,1548,class60,0.305,0.152,DISCARD,low_score
84.435,1548,class45,0.251,0.125,DISCARD,low_score
84.489,1549,class59,0.632,0.316,DISCARD,low_score
84.489,1549,class45,0.402,0.201,DISCARD,low_score
84.489,1549,class45,0.329,0.165,DISCARD,low_score
84.544,1550,class59,0.804,0.402,DISCARD,low_score
84.544,1550,class45,0.554,0.277,DISCARD,low_score
84.544,1550,class60,0.31,0.155,DISCARD,low_score
84.544,1550,class45,0.309,0.155,DISCARD,low_score
84.544,1550,class45,0.306,0.153,DISCARD,low_score
84.598,1551,class59,0.812,0.406,DISCARD,low_score
84.598,1551,class45,0.613,0.307,DISCARD,low_score
84.598,1551,class56,0.52,0.26,DISCARD,low_score
84.598,1551,class45,0.494,0.247,DISCARD,low_score
84.598,1551,class41,0.436,0.218,DISCARD,low_score
84.598,1551,class60,0.362,0.181,DISCARD,low_score
84.653,1552,class59,0.595,0.297,DISCARD,low_score
84.653,1552,class45,0.579,0.29,DISCARD,low_score
84.653,1552,class45,0.504,0.252,DISCARD,low_score
84.653,1552,class56,0.457,0.229,DISCARD,low_score
84.653,1552,class60,0.431,0.216,DISCARD,low_score
84.653,1552,class16,0.419,0.209,DISCARD,low_score
84.653,1552,class41,0.309,0.155,DISCARD,low_score
84.708,1553,class59,0.816,0.408,DISCARD,low_score
84.708,1553,class45,0.572,0.286,DISCARD,low_score
84.708,1553,class56,0.558,0.279,DISCARD,low_score
84.708,1553,class60,0.505,0.252,DISCARD,low_score
84.708,1553,class60,0.269,0.134,DISCARD,low_score
84.763,1554,class59,0.854,0.427,DISCARD,low_score
84.763,1554,class45,0.667,0.334,DISCARD,low_score
84.763,1554,class56,0.475,0.237,DISCARD,low_score
84.763,1554,class60,0.455,0.228,DISCARD,low_score
84.818,1555,class59,0.753,0.377,DISCARD,low_score
84.818,1555,class45,0.562,0.281,DISCARD,low_score
84.818,1555,class56,0.409,0.205,DISCARD,low_score
84.818,1555,class60,0.375,0.187,DISCARD,low_score
84.873,1556,class59,0.602,0.301,DISCARD,low_score
84.873,1556,class45,0.494,0.247,DISCARD,low_score
84.873,1556,class45,0.381,0.191,DISCARD,low_score
84.873,1556,class56,0.367,0.184,DISCARD,low_score
84.873,1556,class60,0.329,0.164,DISCARD,low_score
84.927,1557,class59,0.698,0.349,DISCARD,low_score
84.927,1557,class56,0.689,0.345,DISCARD,low_score
84.927,1557,class45,0.453,0.227,DISCARD,low_score
84.927,1557,class16,0.379,0.19,DISCARD,low_score
84.927,1557,class60,0.379,0.19,DISCARD,low_score
84.982,1558,class56,0.626,0.313,DISCARD,low_score
84.982,1558,class45,0.488,0.244,DISCARD,low_score
84.982,1558,class60,0.376,0.188,DISCARD,low_score
85.036,1559,class56,0.593,0.296,DISCARD,low_score
85.036,1559,class45,0.539,0.269,DISCARD,low_score
85.036,1559,class59,0.277,0.138,DISCARD,low_score
85.036,1559,class41,0.269,0.134,DISCARD,low_score
85.091,1560,class59,0.677,0.339,DISCARD,low_score
85.091,1560,class56,0.486,0.243,DISCARD,low_score
85.091,1560,class41,0.383,0.192,DISCARD,low_score
85.091,1560,class60,0.257,0.128,DISCARD,low_score
85.145,1561,class59,0.61,0.305,DISCARD,low_score
85.145,1561,class56,0.357,0.178,DISCARD,low_score
85.145,1561,class16,0.352,0.176,DISCARD,low_score
85.145,1561,class60,0.303,0.152,DISCARD,low_score
85.145,1561,class45,0.27,0.135,DISCARD,low_score
85.2,1562,class60,0.384,0.192,DISCARD,low_score
85.2,1562,class56,0.329,0.164,DISCARD,low_score
85.2,1562,class45,0.309,0.155,DISCARD,low_score
85.254,1563,class56,0.57,0.285,DISCARD,low_score
85.254,1563,class59,0.554,0.277,DISCARD,low_score
85.254,1563,class45,0.504,0.252,DISCARD,low_score
85.254,1563,class60,0.338,0.169,DISCARD,low_score
85.31,1564,class56,0.677,0.339,DISCARD,low_score
85.31,1564,class59,0.442,0.221,DISCARD,low_score
85.31,1564,class45,0.43,0.215,DISCARD,low_score
85.31,1564,class60,0.264,0.132,DISCARD,low_score
85.365,1565,class56,0.707,0.354,DISCARD,low_score
85.365,1565,class56,0.651,0.326,DISCARD,low_score
85.365,1565,class45,0.479,0.239,DISCARD,low_score
85.365,1565,class59,0.479,0.239,DISCARD,low_score
85.365,1565,class60,0.366,0.183,DISCARD,low_score
85.365,1565,class16,0.312,0.156,DISCARD,low_score
85.42,1566,class59,0.541,0.27,DISCARD,low_score
85.42,1566,class56,0.494,0.247,DISCARD,low_score
85.42,1566,class56,0.401,0.2,DISCARD,low_score
85.42,1566,class45,0.345,0.173,DISCARD,low_score
85.475,1567,class56,0.488,0.244,DISCARD,low_score
85.475,1567,class56,0.378,0.189,DISCARD,low_score
85.475,1567,class59,0.377,0.188,DISCARD,low_score
85.475,1567,class60,0.288,0.144,DISCARD,low_score
85.53,1568,class59,0.466,0.233,DISCARD,low_score
85.53,1568,class56,0.358,0.179,DISCARD,low_score
85.53,1568,class56,0.35,0.175,DISCARD,low_score
85.53,1568,class45,0.307,0.154,DISCARD,low_score
85.53,1568,class59,0.266,0.133,DISCARD,low_score
85.594,1569,class59,0.677,0.339,DISCARD,low_score
85.594,1569,class56,0.508,0.254,DISCARD,low_score
85.594,1569,class45,0.426,0.213,DISCARD,low_score
85.594,1569,class56,0.315,0.157,DISCARD,low_score
85.648,1570,class59,0.689,0.345,DISCARD,low_score
85.648,1570,class56,0.615,0.308,DISCARD,low_score
85.648,1570,class56,0.564,0.282,DISCARD,low_score
85.648,1570,class45,0.498,0.249,DISCARD,low_score
85.703,1571,class45,0.785,0.393,DISCARD,low_score
85.703,1571,class59,0.772,0.386,DISCARD,low_score
85.703,1571,class56,0.63,0.315,DISCARD,low_score
85.703,1571,class56,0.486,0.243,DISCARD,low_score
85.703,1571,class16,0.415,0.207,DISCARD,low_score
85.758,1572,class59,0.765,0.382,DISCARD,low_score
85.758,1572,class45,0.604,0.302,DISCARD,low_score
85.758,1572,class56,0.529,0.265,DISCARD,low_score
85.758,1572,class16,0.506,0.253,DISCARD,low_score
85.758,1572,class56,0.405,0.203,DISCARD,low_score
85.813,1573,class59,0.694,0.347,DISCARD,low_score
85.813,1573,class56,0.63,0.315,DISCARD,low_score
85.813,1573,class45,0.551,0.275,DISCARD,low_score
85.813,1573,class16,0.376,0.188,DISCARD,low_score
85.867,1574,class59,0.476,0.238,DISCARD,low_score
85.867,1574,class56,0.303,0.152,DISCARD,low_score
85.921,1575,class56,0.449,0.225,DISCARD,low_score
85.921,1575,class59,0.348,0.174,DISCARD,low_score
85.975,1576,class59,0.453,0.227,DISCARD,low_score
85.975,1576,class56,0.341,0.17,DISCARD,low_score
86.029,1577,class59,0.736,0.368,DISCARD,low_score
86.083,1578,class59,0.822,0.411,DISCARD,low_score
86.083,1578,class41,0.385,0.192,DISCARD,low_score
86.137,1579,class59,0.667,0.334,DISCARD,low_score
86.191,1580,class59,0.731,0.366,DISCARD,low_score
86.245,1581,class59,0.806,0.403,DISCARD,low_score
86.299,1582,class59,0.848,0.424,DISCARD,low_score
86.352,1583,class59,0.818,0.409,DISCARD,low_score
86.407,1584,class59,0.779,0.389,DISCARD,low_score
86.407,1584,class15,0.27,0.135,DISCARD,low_score
86.461,1585,class59,0.65,0.325,DISCARD,low_score
86.515,1586,class59,0.749,0.375,DISCARD,low_score
86.568,1587,class59,0.73,0.365,DISCARD,low_score
86.568,1587,class16,0.316,0.158,DISCARD,low_score
86.622,1588,class59,0.669,0.334,DISCARD,low_score
86.676,1589,class45,0.772,0.386,DISCARD,low_score
86.676,1589,class45,0.419,0.209,DISCARD,low_score
86.676,1589,class59,0.411,0.206,DISCARD,low_score
86.676,1589,class57,0.29,0.145,DISCARD,low_score
86.731,1590,class45,0.783,0.391,DISCARD,low_score
86.731,1590,class45,0.761,0.38,DISCARD,low_score
86.731,1590,class59,0.676,0.338,DISCARD,low_score
86.731,1590,class57,0.447,0.224,DISCARD,low_score
86.731,1590,class60,0.277,0.138,DISCARD,low_score
86.731,1590,class41,0.264,0.132,DISCARD,low_score
86.786,1591,class45,0.781,0.391,DISCARD,low_score
86.786,1591,class59,0.749,0.375,DISCARD,low_score
86.786,1591,class45,0.633,0.317,DISCARD,low_score
86.786,1591,class16,0.415,0.207,DISCARD,low_score
86.841,1592,class45,0.789,0.395,DISCARD,low_score
86.841,1592,class59,0.72,0.36,DISCARD,low_score
86.841,1592,class45,0.591,0.295,DISCARD,low_score
86.841,1592,class57,0.543,0.271,DISCARD,low_score
86.841,1592,class41,0.465,0.232,DISCARD,low_score
86.841,1592,class16,0.254,0.127,DISCARD,low_score
86.895,1593,class45,0.809,0.405,DISCARD,low_score
86.895,1593,class59,0.801,0.4,DISCARD,low_score
86.895,1593,class45,0.611,0.306,DISCARD,low_score
86.895,1593,class41,0.417,0.208,DISCARD,low_score
86.895,1593,class57,0.287,0.143,DISCARD,low_score
86.95,1594,class59,0.87,0.435,DISCARD,low_score
86.95,1594,class45,0.756,0.378,DISCARD,low_score
86.95,1594,class45,0.595,0.297,DISCARD,low_score
86.95,1594,class57,0.547,0.273,DISCARD,low_score
86.95,1594,class45,0.319,0.16,DISCARD,low_score
86.95,1594,class41,0.312,0.156,DISCARD,low_score
87.005,1595,class59,0.804,0.402,DISCARD,low_score
87.005,1595,class45,0.753,0.377,DISCARD,low_score
87.005,1595,class45,0.749,0.375,DISCARD,low_score
87.005,1595,class41,0.394,0.197,DISCARD,low_score
87.005,1595,class41,0.352,0.176,DISCARD,low_score
87.06,1596,class59,0.862,0.431,DISCARD,low_score
87.06,1596,class45,0.838,0.419,DISCARD,low_score
87.06,1596,class45,0.658,0.329,DISCARD,low_score
87.06,1596,class16,0.309,0.155,DISCARD,low_score
87.06,1596,class45,0.285,0.142,DISCARD,low_score
87.115,1597,class45,0.86,0.43,DISCARD,low_score
87.115,1597,class59,0.84,0.42,DISCARD,low_score
87.115,1597,class45,0.608,0.304,DISCARD,low_score
87.115,1597,class16,0.258,0.129,DISCARD,low_score
87.169,1598,class59,0.834,0.417,DISCARD,low_score
87.169,1598,class45,0.821,0.411,DISCARD,low_score
87.169,1598,class45,0.657,0.328,DISCARD,low_score
87.224,1599,class59,0.866,0.433,DISCARD,low_score
87.224,1599,class45,0.789,0.395,DISCARD,low_score
87.224,1599,class45,0.619,0.309,DISCARD,low_score
87.224,1599,class73,0.28,0.14,DISCARD,low_score
87.278,1600,class59,0.819,0.409,DISCARD,low_score
87.278,1600,class45,0.779,0.389,DISCARD,low_score
87.278,1600,class45,0.73,0.365,DISCARD,low_score
87.332,1601,class59,0.828,0.414,DISCARD,low_score
87.332,1601,class45,0.772,0.386,DISCARD,low_score
87.332,1601,class45,0.651,0.326,DISCARD,low_score
87.387,1602,class59,0.849,0.424,DISCARD,low_score
87.387,1602,class45,0.787,0.393,DISCARD,low_score
87.387,1602,class45,0.664,0.332,DISCARD,low_score
87.441,1603,class59,0.878,0.439,DISCARD,low_score
87.441,1603,class45,0.681,0.34,DISCARD,low_score
87.441,1603,class45,0.579,0.29,DISCARD,low_score
87.441,1603,class57,0.274,0.137,DISCARD,low_score
87.496,1604,class59,0.743,0.372,DISCARD,low_score
87.496,1604,class57,0.508,0.254,DISCARD,low_score
87.496,1604,class45,0.396,0.198,DISCARD,low_score
87.496,1604,class45,0.294,0.147,DISCARD,low_score
87.55,1605,class59,0.777,0.389,DISCARD,low_score
87.55,1605,class45,0.356,0.178,DISCARD,low_score
87.55,1605,class45,0.281,0.141,DISCARD,low_score
87.604,1606,class59,0.891,0.446,DISCARD,low_score
87.604,1606,class45,0.477,0.238,DISCARD,low_score
87.604,1606,class45,0.453,0.227,DISCARD,low_score
87.659,1607,class59,0.909,0.454,KEEP,priority+bandwidth_ok
87.659,1607,class45,0.336,0.168,DISCARD,low_score
87.659,1607,class45,0.304,0.152,DISCARD,low_score
87.713,1608,class59,0.85,0.425,DISCARD,low_score
87.713,1608,class45,0.361,0.181,DISCARD,low_score
87.713,1608,class45,0.266,0.133,DISCARD,low_score
87.713,1608,class73,0.251,0.125,DISCARD,low_score
87.768,1609,class59,0.905,0.453,KEEP,priority+bandwidth_ok
87.768,1609,class45,0.411,0.206,DISCARD,low_score
87.768,1609,class45,0.385,0.192,DISCARD,low_score
87.822,1610,class59,0.893,0.447,DISCARD,low_score
87.822,1610,class45,0.407,0.204,DISCARD,low_score
87.822,1610,class57,0.367,0.183,DISCARD,low_score
87.822,1610,class45,0.307,0.154,DISCARD,low_score
87.877,1611,class59,0.865,0.433,DISCARD,low_score
87.877,1611,class57,0.57,0.285,DISCARD,low_score
87.877,1611,class45,0.444,0.222,DISCARD,low_score
87.877,1611,class45,0.434,0.217,DISCARD,low_score
87.931,1612,class59,0.812,0.406,DISCARD,low_score
87.931,1612,class57,0.514,0.257,DISCARD,low_score
87.931,1612,class45,0.461,0.231,DISCARD,low_score
87.931,1612,class45,0.44,0.22,DISCARD,low_score
87.931,1612,class16,0.293,0.147,DISCARD,low_score
87.985,1613,class59,0.821,0.411,DISCARD,low_score
87.985,1613,class57,0.496,0.248,DISCARD,low_score
87.985,1613,class15,0.394,0.197,DISCARD,low_score
87.985,1613,class16,0.317,0.159,DISCARD,low_score
87.985,1613,class45,0.316,0.158,DISCARD,low_score
88.04,1614,class59,0.804,0.402,DISCARD,low_score
88.04,1614,class16,0.432,0.216,DISCARD,low_score
88.04,1614,class57,0.368,0.184,DISCARD,low_score
88.04,1614,class45,0.311,0.155,DISCARD,low_score
88.095,1615,class59,0.793,0.397,DISCARD,low_score
88.095,1615,class16,0.451,0.226,DISCARD,low_score
88.095,1615,class15,0.405,0.203,DISCARD,low_score
88.149,1616,class59,0.814,0.407,DISCARD,low_score
88.149,1616,class16,0.488,0.244,DISCARD,low_score
88.149,1616,class45,0.417,0.208,DISCARD,low_score
88.203,1617,class59,0.85,0.425,DISCARD,low_score
88.203,1617,class15,0.432,0.216,DISCARD,low_score
88.203,1617,class45,0.264,0.132,DISCARD,low_score
88.257,1618,class59,0.843,0.421,DISCARD,low_score
88.257,1618,class15,0.502,0.251,DISCARD,low_score
88.257,1618,class57,0.446,0.223,DISCARD,low_score
88.257,1618,class45,0.285,0.142,DISCARD,low_score
88.257,1618,class73,0.257,0.128,DISCARD,low_score
88.312,1619,class59,0.854,0.427,DISCARD,low_score
88.312,1619,class15,0.564,0.282,DISCARD,low_score
88.312,1619,class73,0.304,0.152,DISCARD,low_score
88.312,1619,class45,0.263,0.131,DISCARD,low_score
88.367,1620,class59,0.843,0.421,DISCARD,low_score
88.367,1620,class16,0.329,0.164,DISCARD,low_score
88.367,1620,class73,0.319,0.16,DISCARD,low_score
88.367,1620,class15,0.27,0.135,DISCARD,low_score
88.421,1621,class59,0.873,0.437,DISCARD,low_score
88.421,1621,class45,0.449,0.225,DISCARD,low_score
88.421,1621,class15,0.389,0.194,DISCARD,low_score
88.421,1621,class73,0.254,0.127,DISCARD,low_score
88.476,1622,class59,0.893,0.447,DISCARD,low_score
88.476,1622,class45,0.494,0.247,DISCARD,low_score
88.476,1622,class16,0.255,0.128,DISCARD,low_score
88.531,1623,class59,0.891,0.446,DISCARD,low_score
88.531,1623,class16,0.392,0.196,DISCARD,low_score
88.531,1623,class45,0.374,0.187,DISCARD,low_score
88.531,1623,class15,0.329,0.165,DISCARD,low_score
88.586,1624,class59,0.888,0.444,DISCARD,low_score
88.586,1624,class16,0.359,0.18,DISCARD,low_score
88.586,1624,class15,0.351,0.176,DISCARD,low_score
88.586,1624,class45,0.345,0.173,DISCARD,low_score
88.641,1625,class59,0.881,0.44,DISCARD,low_score
88.641,1625,class16,0.35,0.175,DISCARD,low_score
88.641,1625,class15,0.286,0.143,DISCARD,low_score
88.696,1626,class59,0.88,0.44,DISCARD,low_score
88.696,1626,class16,0.506,0.253,DISCARD,low_score
88.753,1627,class59,0.865,0.433,DISCARD,low_score
88.753,1627,class16,0.525,0.263,DISCARD,low_score
88.814,1628,class59,0.884,0.442,DISCARD,low_score
88.814,1628,class16,0.633,0.317,DISCARD,low_score
88.87,1629,class59,0.854,0.427,DISCARD,low_score
88.87,1629,class16,0.642,0.321,DISCARD,low_score
88.924,1630,class59,0.868,0.434,DISCARD,low_score
88.924,1630,class16,0.65,0.325,DISCARD,low_score
88.924,1630,class73,0.316,0.158,DISCARD,low_score
88.978,1631,class59,0.875,0.437,DISCARD,low_score
88.978,1631,class16,0.585,0.293,DISCARD,low_score
89.032,1632,class59,0.888,0.444,DISCARD,low_score
89.032,1632,class16,0.43,0.215,DISCARD,low_score
89.032,1632,class73,0.26,0.13,DISCARD,low_score
89.087,1633,class59,0.918,0.459,KEEP,priority+bandwidth_ok
89.087,1633,class16,0.419,0.209,DISCARD,low_score
89.087,1633,class15,0.304,0.152,DISCARD,low_score
89.142,1634,class59,0.916,0.458,KEEP,priority+bandwidth_ok
89.142,1634,class16,0.648,0.324,DISCARD,low_score
89.196,1635,class59,0.895,0.447,DISCARD,low_score
89.196,1635,class16,0.348,0.174,DISCARD,low_score
89.25,1636,class59,0.885,0.442,DISCARD,low_score
89.25,1636,class16,0.453,0.227,DISCARD,low_score
89.303,1637,class59,0.899,0.45,DISCARD,low_score
89.303,1637,class16,0.488,0.244,DISCARD,low_score
89.303,1637,class73,0.257,0.128,DISCARD,low_score
89.358,1638,class59,0.891,0.446,DISCARD,low_score
89.358,1638,class16,0.498,0.249,DISCARD,low_score
89.412,1639,class59,0.868,0.434,DISCARD,low_score
89.412,1639,class16,0.465,0.232,DISCARD,low_score
89.412,1639,class73,0.294,0.147,DISCARD,low_score
89.467,1640,class59,0.87,0.435,DISCARD,low_score
89.467,1640,class16,0.698,0.349,DISCARD,low_score
89.467,1640,class57,0.421,0.21,DISCARD,low_score
89.467,1640,class60,0.288,0.144,DISCARD,low_score
89.521,1641,class59,0.879,0.44,DISCARD,low_score
89.521,1641,class16,0.715,0.358,DISCARD,low_score
89.521,1641,class60,0.297,0.149,DISCARD,low_score
89.576,1642,class59,0.887,0.444,DISCARD,low_score
89.576,1642,class16,0.725,0.362,DISCARD,low_score
89.576,1642,class60,0.359,0.18,DISCARD,low_score
89.63,1643,class59,0.851,0.425,DISCARD,low_score
89.63,1643,class16,0.803,0.402,DISCARD,low_score
89.684,1644,class59,0.885,0.442,DISCARD,low_score
89.684,1644,class16,0.808,0.404,DISCARD,low_score
89.684,1644,class60,0.256,0.128,DISCARD,low_score
89.738,1645,class59,0.885,0.442,DISCARD,low_score
89.738,1645,class16,0.784,0.392,DISCARD,low_score
89.738,1645,class60,0.357,0.178,DISCARD,low_score
89.793,1646,class59,0.878,0.439,DISCARD,low_score
89.793,1646,class16,0.826,0.413,DISCARD,low_score
89.847,1647,class59,0.883,0.442,DISCARD,low_score
89.847,1647,class16,0.808,0.404,DISCARD,low_score
89.847,1647,class60,0.307,0.154,DISCARD,low_score
89.901,1648,class59,0.871,0.435,DISCARD,low_score
89.901,1648,class16,0.789,0.395,DISCARD,low_score
89.901,1648,class60,0.307,0.154,DISCARD,low_score
89.955,1649,class59,0.761,0.38,DISCARD,low_score
89.955,1649,class16,0.696,0.348,DISCARD,low_score
90.009,1650,class59,0.709,0.355,DISCARD,low_score
90.009,1650,class16,0.665,0.333,DISCARD,low_score
90.009,1650,class60,0.31,0.155,DISCARD,low_score
